id;nom;categorie;dossier;nom_fichier_attendu;chemin_complet;materiel;mouvement;conseil_photo
EX0001;Développé couché barre;💪 Haut du corps;assets/photos/exercises/01_haut_du_corps;EX0001_developpe-couche-barre.jpg;assets/photos/exercises/01_haut_du_corps/EX0001_developpe-couche-barre.jpg;barre, haltères, machine, poulie, banc, poids du corps, barre de traction, élastique;pousser;photo réelle en salle, mouvement visible, matériel visible, fond sombre premium
EX0002;Développé couché haltères;💪 Haut du corps;assets/photos/exercises/01_haut_du_corps;EX0002_developpe-couche-halteres.jpg;assets/photos/exercises/01_haut_du_corps/EX0002_developpe-couche-halteres.jpg;barre, haltères, machine, poulie, banc, poids du corps, barre de traction, élastique;pousser;photo réelle en salle, mouvement visible, matériel visible, fond sombre premium
EX0003;Développé incliné barre;💪 Haut du corps;assets/photos/exercises/01_haut_du_corps;EX0003_developpe-incline-barre.jpg;assets/photos/exercises/01_haut_du_corps/EX0003_developpe-incline-barre.jpg;barre, haltères, machine, poulie, banc, poids du corps, barre de traction, élastique;pousser;photo réelle en salle, mouvement visible, matériel visible, fond sombre premium
EX0004;Développé incliné haltères;💪 Haut du corps;assets/photos/exercises/01_haut_du_corps;EX0004_developpe-incline-halteres.jpg;assets/photos/exercises/01_haut_du_corps/EX0004_developpe-incline-halteres.jpg;barre, haltères, machine, poulie, banc, poids du corps, barre de traction, élastique;pousser;photo réelle en salle, mouvement visible, matériel visible, fond sombre premium
EX0005;Chest press machine;💪 Haut du corps;assets/photos/exercises/01_haut_du_corps;EX0005_chest-press-machine.jpg;assets/photos/exercises/01_haut_du_corps/EX0005_chest-press-machine.jpg;barre, haltères, machine, poulie, banc, poids du corps, barre de traction, élastique;général;photo réelle en salle, mouvement visible, matériel visible, fond sombre premium
EX0006;Pompes classiques;💪 Haut du corps;assets/photos/exercises/01_haut_du_corps;EX0006_pompes-classiques.jpg;assets/photos/exercises/01_haut_du_corps/EX0006_pompes-classiques.jpg;barre, haltères, machine, poulie, banc, poids du corps, barre de traction, élastique;pousser;photo réelle en salle, mouvement visible, matériel visible, fond sombre premium
EX0007;Pompes inclinées;💪 Haut du corps;assets/photos/exercises/01_haut_du_corps;EX0007_pompes-inclinees.jpg;assets/photos/exercises/01_haut_du_corps/EX0007_pompes-inclinees.jpg;barre, haltères, machine, poulie, banc, poids du corps, barre de traction, élastique;pousser;photo réelle en salle, mouvement visible, matériel visible, fond sombre premium
EX0008;Pompes déclinées;💪 Haut du corps;assets/photos/exercises/01_haut_du_corps;EX0008_pompes-declinees.jpg;assets/photos/exercises/01_haut_du_corps/EX0008_pompes-declinees.jpg;barre, haltères, machine, poulie, banc, poids du corps, barre de traction, élastique;pousser;photo réelle en salle, mouvement visible, matériel visible, fond sombre premium
EX0009;Dips pectoraux;💪 Haut du corps;assets/photos/exercises/01_haut_du_corps;EX0009_dips-pectoraux.jpg;assets/photos/exercises/01_haut_du_corps/EX0009_dips-pectoraux.jpg;barre, haltères, machine, poulie, banc, poids du corps, barre de traction, élastique;pousser;photo réelle en salle, mouvement visible, matériel visible, fond sombre premium
EX0010;Écarté haltères;💪 Haut du corps;assets/photos/exercises/01_haut_du_corps;EX0010_ecarte-halteres.jpg;assets/photos/exercises/01_haut_du_corps/EX0010_ecarte-halteres.jpg;barre, haltères, machine, poulie, banc, poids du corps, barre de traction, élastique;pousser;photo réelle en salle, mouvement visible, matériel visible, fond sombre premium
EX0011;Écarté poulie;💪 Haut du corps;assets/photos/exercises/01_haut_du_corps;EX0011_ecarte-poulie.jpg;assets/photos/exercises/01_haut_du_corps/EX0011_ecarte-poulie.jpg;barre, haltères, machine, poulie, banc, poids du corps, barre de traction, élastique;pousser;photo réelle en salle, mouvement visible, matériel visible, fond sombre premium
EX0012;Pec deck;💪 Haut du corps;assets/photos/exercises/01_haut_du_corps;EX0012_pec-deck.jpg;assets/photos/exercises/01_haut_du_corps/EX0012_pec-deck.jpg;barre, haltères, machine, poulie, banc, poids du corps, barre de traction, élastique;pousser;photo réelle en salle, mouvement visible, matériel visible, fond sombre premium
EX0013;Pull-over haltère;💪 Haut du corps;assets/photos/exercises/01_haut_du_corps;EX0013_pull-over-haltere.jpg;assets/photos/exercises/01_haut_du_corps/EX0013_pull-over-haltere.jpg;barre, haltères, machine, poulie, banc, poids du corps, barre de traction, élastique;général;photo réelle en salle, mouvement visible, matériel visible, fond sombre premium
EX0014;Développé décliné;💪 Haut du corps;assets/photos/exercises/01_haut_du_corps;EX0014_developpe-decline.jpg;assets/photos/exercises/01_haut_du_corps/EX0014_developpe-decline.jpg;barre, haltères, machine, poulie, banc, poids du corps, barre de traction, élastique;général;photo réelle en salle, mouvement visible, matériel visible, fond sombre premium
EX0015;Pompes lestées;💪 Haut du corps;assets/photos/exercises/01_haut_du_corps;EX0015_pompes-lestees.jpg;assets/photos/exercises/01_haut_du_corps/EX0015_pompes-lestees.jpg;barre, haltères, machine, poulie, banc, poids du corps, barre de traction, élastique;pousser;photo réelle en salle, mouvement visible, matériel visible, fond sombre premium
EX0016;Pompes tempo;💪 Haut du corps;assets/photos/exercises/01_haut_du_corps;EX0016_pompes-tempo.jpg;assets/photos/exercises/01_haut_du_corps/EX0016_pompes-tempo.jpg;barre, haltères, machine, poulie, banc, poids du corps, barre de traction, élastique;pousser;photo réelle en salle, mouvement visible, matériel visible, fond sombre premium
EX0017;Pompes serrées;💪 Haut du corps;assets/photos/exercises/01_haut_du_corps;EX0017_pompes-serrees.jpg;assets/photos/exercises/01_haut_du_corps/EX0017_pompes-serrees.jpg;barre, haltères, machine, poulie, banc, poids du corps, barre de traction, élastique;pousser;photo réelle en salle, mouvement visible, matériel visible, fond sombre premium
EX0018;Pompes archer;💪 Haut du corps;assets/photos/exercises/01_haut_du_corps;EX0018_pompes-archer.jpg;assets/photos/exercises/01_haut_du_corps/EX0018_pompes-archer.jpg;barre, haltères, machine, poulie, banc, poids du corps, barre de traction, élastique;pousser;photo réelle en salle, mouvement visible, matériel visible, fond sombre premium
EX0019;Pompes explosives;💪 Haut du corps;assets/photos/exercises/01_haut_du_corps;EX0019_pompes-explosives.jpg;assets/photos/exercises/01_haut_du_corps/EX0019_pompes-explosives.jpg;barre, haltères, machine, poulie, banc, poids du corps, barre de traction, élastique;pousser;photo réelle en salle, mouvement visible, matériel visible, fond sombre premium
EX0020;Squeeze press haltères;💪 Haut du corps;assets/photos/exercises/01_haut_du_corps;EX0020_squeeze-press-halteres.jpg;assets/photos/exercises/01_haut_du_corps/EX0020_squeeze-press-halteres.jpg;barre, haltères, machine, poulie, banc, poids du corps, barre de traction, élastique;général;photo réelle en salle, mouvement visible, matériel visible, fond sombre premium
EX0021;Floor press;💪 Haut du corps;assets/photos/exercises/01_haut_du_corps;EX0021_floor-press.jpg;assets/photos/exercises/01_haut_du_corps/EX0021_floor-press.jpg;barre, haltères, machine, poulie, banc, poids du corps, barre de traction, élastique;pousser;photo réelle en salle, mouvement visible, matériel visible, fond sombre premium
EX0022;Développé unilatéral haltère;💪 Haut du corps;assets/photos/exercises/01_haut_du_corps;EX0022_developpe-unilateral-haltere.jpg;assets/photos/exercises/01_haut_du_corps/EX0022_developpe-unilateral-haltere.jpg;barre, haltères, machine, poulie, banc, poids du corps, barre de traction, élastique;général;photo réelle en salle, mouvement visible, matériel visible, fond sombre premium
EX0023;Pompes diamant;💪 Haut du corps;assets/photos/exercises/01_haut_du_corps;EX0023_pompes-diamant.jpg;assets/photos/exercises/01_haut_du_corps/EX0023_pompes-diamant.jpg;barre, haltères, machine, poulie, banc, poids du corps, barre de traction, élastique;pousser;photo réelle en salle, mouvement visible, matériel visible, fond sombre premium
EX0024;Pompes sur poignées;💪 Haut du corps;assets/photos/exercises/01_haut_du_corps;EX0024_pompes-sur-poignees.jpg;assets/photos/exercises/01_haut_du_corps/EX0024_pompes-sur-poignees.jpg;barre, haltères, machine, poulie, banc, poids du corps, barre de traction, élastique;pousser;photo réelle en salle, mouvement visible, matériel visible, fond sombre premium
EX0025;Écarté incliné haltères;💪 Haut du corps;assets/photos/exercises/01_haut_du_corps;EX0025_ecarte-incline-halteres.jpg;assets/photos/exercises/01_haut_du_corps/EX0025_ecarte-incline-halteres.jpg;barre, haltères, machine, poulie, banc, poids du corps, barre de traction, élastique;pousser;photo réelle en salle, mouvement visible, matériel visible, fond sombre premium
EX0026;Press convergente machine;💪 Haut du corps;assets/photos/exercises/01_haut_du_corps;EX0026_press-convergente-machine.jpg;assets/photos/exercises/01_haut_du_corps/EX0026_press-convergente-machine.jpg;barre, haltères, machine, poulie, banc, poids du corps, barre de traction, élastique;général;photo réelle en salle, mouvement visible, matériel visible, fond sombre premium
EX0027;Pompes avec pause;💪 Haut du corps;assets/photos/exercises/01_haut_du_corps;EX0027_pompes-avec-pause.jpg;assets/photos/exercises/01_haut_du_corps/EX0027_pompes-avec-pause.jpg;barre, haltères, machine, poulie, banc, poids du corps, barre de traction, élastique;pousser;photo réelle en salle, mouvement visible, matériel visible, fond sombre premium
EX0028;Pompes prise large;💪 Haut du corps;assets/photos/exercises/01_haut_du_corps;EX0028_pompes-prise-large.jpg;assets/photos/exercises/01_haut_du_corps/EX0028_pompes-prise-large.jpg;barre, haltères, machine, poulie, banc, poids du corps, barre de traction, élastique;pousser;photo réelle en salle, mouvement visible, matériel visible, fond sombre premium
EX0029;Développé guidé Smith;💪 Haut du corps;assets/photos/exercises/01_haut_du_corps;EX0029_developpe-guide-smith.jpg;assets/photos/exercises/01_haut_du_corps/EX0029_developpe-guide-smith.jpg;barre, haltères, machine, poulie, banc, poids du corps, barre de traction, élastique;général;photo réelle en salle, mouvement visible, matériel visible, fond sombre premium
EX0030;Press élastique;💪 Haut du corps;assets/photos/exercises/01_haut_du_corps;EX0030_press-elastique.jpg;assets/photos/exercises/01_haut_du_corps/EX0030_press-elastique.jpg;barre, haltères, machine, poulie, banc, poids du corps, barre de traction, élastique;général;photo réelle en salle, mouvement visible, matériel visible, fond sombre premium
EX0031;Tractions pronation;💪 Haut du corps;assets/photos/exercises/01_haut_du_corps;EX0031_tractions-pronation.jpg;assets/photos/exercises/01_haut_du_corps/EX0031_tractions-pronation.jpg;barre, haltères, machine, poulie, banc, poids du corps, barre de traction, élastique;tirer;photo réelle en salle, mouvement visible, matériel visible, fond sombre premium
EX0032;Tractions supination;💪 Haut du corps;assets/photos/exercises/01_haut_du_corps;EX0032_tractions-supination.jpg;assets/photos/exercises/01_haut_du_corps/EX0032_tractions-supination.jpg;barre, haltères, machine, poulie, banc, poids du corps, barre de traction, élastique;tirer;photo réelle en salle, mouvement visible, matériel visible, fond sombre premium
EX0033;Tractions neutres;💪 Haut du corps;assets/photos/exercises/01_haut_du_corps;EX0033_tractions-neutres.jpg;assets/photos/exercises/01_haut_du_corps/EX0033_tractions-neutres.jpg;barre, haltères, machine, poulie, banc, poids du corps, barre de traction, élastique;tirer;photo réelle en salle, mouvement visible, matériel visible, fond sombre premium
EX0034;Tirage vertical;💪 Haut du corps;assets/photos/exercises/01_haut_du_corps;EX0034_tirage-vertical.jpg;assets/photos/exercises/01_haut_du_corps/EX0034_tirage-vertical.jpg;barre, haltères, machine, poulie, banc, poids du corps, barre de traction, élastique;tirer;photo réelle en salle, mouvement visible, matériel visible, fond sombre premium
EX0035;Tirage vertical prise serrée;💪 Haut du corps;assets/photos/exercises/01_haut_du_corps;EX0035_tirage-vertical-prise-serree.jpg;assets/photos/exercises/01_haut_du_corps/EX0035_tirage-vertical-prise-serree.jpg;barre, haltères, machine, poulie, banc, poids du corps, barre de traction, élastique;tirer;photo réelle en salle, mouvement visible, matériel visible, fond sombre premium
EX0036;Rowing barre;💪 Haut du corps;assets/photos/exercises/01_haut_du_corps;EX0036_rowing-barre.jpg;assets/photos/exercises/01_haut_du_corps/EX0036_rowing-barre.jpg;barre, haltères, machine, poulie, banc, poids du corps, barre de traction, élastique;tirer;photo réelle en salle, mouvement visible, matériel visible, fond sombre premium
EX0037;Rowing haltère;💪 Haut du corps;assets/photos/exercises/01_haut_du_corps;EX0037_rowing-haltere.jpg;assets/photos/exercises/01_haut_du_corps/EX0037_rowing-haltere.jpg;barre, haltères, machine, poulie, banc, poids du corps, barre de traction, élastique;tirer;photo réelle en salle, mouvement visible, matériel visible, fond sombre premium
EX0038;Rowing assis poulie;💪 Haut du corps;assets/photos/exercises/01_haut_du_corps;EX0038_rowing-assis-poulie.jpg;assets/photos/exercises/01_haut_du_corps/EX0038_rowing-assis-poulie.jpg;barre, haltères, machine, poulie, banc, poids du corps, barre de traction, élastique;tirer;photo réelle en salle, mouvement visible, matériel visible, fond sombre premium
EX0039;Rowing T-bar;💪 Haut du corps;assets/photos/exercises/01_haut_du_corps;EX0039_rowing-t-bar.jpg;assets/photos/exercises/01_haut_du_corps/EX0039_rowing-t-bar.jpg;barre, haltères, machine, poulie, banc, poids du corps, barre de traction, élastique;tirer;photo réelle en salle, mouvement visible, matériel visible, fond sombre premium
EX0040;Rowing machine;💪 Haut du corps;assets/photos/exercises/01_haut_du_corps;EX0040_rowing-machine.jpg;assets/photos/exercises/01_haut_du_corps/EX0040_rowing-machine.jpg;barre, haltères, machine, poulie, banc, poids du corps, barre de traction, élastique;tirer;photo réelle en salle, mouvement visible, matériel visible, fond sombre premium
EX0041;Pull-over poulie;💪 Haut du corps;assets/photos/exercises/01_haut_du_corps;EX0041_pull-over-poulie.jpg;assets/photos/exercises/01_haut_du_corps/EX0041_pull-over-poulie.jpg;barre, haltères, machine, poulie, banc, poids du corps, barre de traction, élastique;général;photo réelle en salle, mouvement visible, matériel visible, fond sombre premium
EX0042;Face pull;💪 Haut du corps;assets/photos/exercises/01_haut_du_corps;EX0042_face-pull.jpg;assets/photos/exercises/01_haut_du_corps/EX0042_face-pull.jpg;barre, haltères, machine, poulie, banc, poids du corps, barre de traction, élastique;général;photo réelle en salle, mouvement visible, matériel visible, fond sombre premium
EX0043;Shrugs;💪 Haut du corps;assets/photos/exercises/01_haut_du_corps;EX0043_shrugs.jpg;assets/photos/exercises/01_haut_du_corps/EX0043_shrugs.jpg;barre, haltères, machine, poulie, banc, poids du corps, barre de traction, élastique;général;photo réelle en salle, mouvement visible, matériel visible, fond sombre premium
EX0044;Extensions lombaires;💪 Haut du corps;assets/photos/exercises/01_haut_du_corps;EX0044_extensions-lombaires.jpg;assets/photos/exercises/01_haut_du_corps/EX0044_extensions-lombaires.jpg;barre, haltères, machine, poulie, banc, poids du corps, barre de traction, élastique;général;photo réelle en salle, mouvement visible, matériel visible, fond sombre premium
EX0045;Inverted row;💪 Haut du corps;assets/photos/exercises/01_haut_du_corps;EX0045_inverted-row.jpg;assets/photos/exercises/01_haut_du_corps/EX0045_inverted-row.jpg;barre, haltères, machine, poulie, banc, poids du corps, barre de traction, élastique;tirer;photo réelle en salle, mouvement visible, matériel visible, fond sombre premium
EX0046;Meadows row;💪 Haut du corps;assets/photos/exercises/01_haut_du_corps;EX0046_meadows-row.jpg;assets/photos/exercises/01_haut_du_corps/EX0046_meadows-row.jpg;barre, haltères, machine, poulie, banc, poids du corps, barre de traction, élastique;tirer;photo réelle en salle, mouvement visible, matériel visible, fond sombre premium
EX0047;Tirage élastique;💪 Haut du corps;assets/photos/exercises/01_haut_du_corps;EX0047_tirage-elastique.jpg;assets/photos/exercises/01_haut_du_corps/EX0047_tirage-elastique.jpg;barre, haltères, machine, poulie, banc, poids du corps, barre de traction, élastique;général;photo réelle en salle, mouvement visible, matériel visible, fond sombre premium
EX0048;Scapular pull-up;💪 Haut du corps;assets/photos/exercises/01_haut_du_corps;EX0048_scapular-pull-up.jpg;assets/photos/exercises/01_haut_du_corps/EX0048_scapular-pull-up.jpg;barre, haltères, machine, poulie, banc, poids du corps, barre de traction, élastique;tirer;photo réelle en salle, mouvement visible, matériel visible, fond sombre premium
EX0049;Rowing unilatéral poulie;💪 Haut du corps;assets/photos/exercises/01_haut_du_corps;EX0049_rowing-unilateral-poulie.jpg;assets/photos/exercises/01_haut_du_corps/EX0049_rowing-unilateral-poulie.jpg;barre, haltères, machine, poulie, banc, poids du corps, barre de traction, élastique;tirer;photo réelle en salle, mouvement visible, matériel visible, fond sombre premium
EX0050;Rowing poitrine appuyée;💪 Haut du corps;assets/photos/exercises/01_haut_du_corps;EX0050_rowing-poitrine-appuyee.jpg;assets/photos/exercises/01_haut_du_corps/EX0050_rowing-poitrine-appuyee.jpg;barre, haltères, machine, poulie, banc, poids du corps, barre de traction, élastique;tirer;photo réelle en salle, mouvement visible, matériel visible, fond sombre premium
EX0051;Tirage horizontal machine;💪 Haut du corps;assets/photos/exercises/01_haut_du_corps;EX0051_tirage-horizontal-machine.jpg;assets/photos/exercises/01_haut_du_corps/EX0051_tirage-horizontal-machine.jpg;barre, haltères, machine, poulie, banc, poids du corps, barre de traction, élastique;général;photo réelle en salle, mouvement visible, matériel visible, fond sombre premium
EX0052;Tirage menton léger;💪 Haut du corps;assets/photos/exercises/01_haut_du_corps;EX0052_tirage-menton-leger.jpg;assets/photos/exercises/01_haut_du_corps/EX0052_tirage-menton-leger.jpg;barre, haltères, machine, poulie, banc, poids du corps, barre de traction, élastique;général;photo réelle en salle, mouvement visible, matériel visible, fond sombre premium
EX0053;Rowing landmine;💪 Haut du corps;assets/photos/exercises/01_haut_du_corps;EX0053_rowing-landmine.jpg;assets/photos/exercises/01_haut_du_corps/EX0053_rowing-landmine.jpg;barre, haltères, machine, poulie, banc, poids du corps, barre de traction, élastique;tirer;photo réelle en salle, mouvement visible, matériel visible, fond sombre premium
EX0054;Pull-up assisté;💪 Haut du corps;assets/photos/exercises/01_haut_du_corps;EX0054_pull-up-assiste.jpg;assets/photos/exercises/01_haut_du_corps/EX0054_pull-up-assiste.jpg;barre, haltères, machine, poulie, banc, poids du corps, barre de traction, élastique;tirer;photo réelle en salle, mouvement visible, matériel visible, fond sombre premium
EX0055;Lat prayer;💪 Haut du corps;assets/photos/exercises/01_haut_du_corps;EX0055_lat-prayer.jpg;assets/photos/exercises/01_haut_du_corps/EX0055_lat-prayer.jpg;barre, haltères, machine, poulie, banc, poids du corps, barre de traction, élastique;général;photo réelle en salle, mouvement visible, matériel visible, fond sombre premium
EX0056;Tirage prise large;💪 Haut du corps;assets/photos/exercises/01_haut_du_corps;EX0056_tirage-prise-large.jpg;assets/photos/exercises/01_haut_du_corps/EX0056_tirage-prise-large.jpg;barre, haltères, machine, poulie, banc, poids du corps, barre de traction, élastique;général;photo réelle en salle, mouvement visible, matériel visible, fond sombre premium
EX0057;Rowing Smith;💪 Haut du corps;assets/photos/exercises/01_haut_du_corps;EX0057_rowing-smith.jpg;assets/photos/exercises/01_haut_du_corps/EX0057_rowing-smith.jpg;barre, haltères, machine, poulie, banc, poids du corps, barre de traction, élastique;tirer;photo réelle en salle, mouvement visible, matériel visible, fond sombre premium
EX0058;Rowing inversé pieds au sol;💪 Haut du corps;assets/photos/exercises/01_haut_du_corps;EX0058_rowing-inverse-pieds-au-sol.jpg;assets/photos/exercises/01_haut_du_corps/EX0058_rowing-inverse-pieds-au-sol.jpg;barre, haltères, machine, poulie, banc, poids du corps, barre de traction, élastique;tirer;photo réelle en salle, mouvement visible, matériel visible, fond sombre premium
EX0059;Pulldown unilatéral;💪 Haut du corps;assets/photos/exercises/01_haut_du_corps;EX0059_pulldown-unilateral.jpg;assets/photos/exercises/01_haut_du_corps/EX0059_pulldown-unilateral.jpg;barre, haltères, machine, poulie, banc, poids du corps, barre de traction, élastique;tirer;photo réelle en salle, mouvement visible, matériel visible, fond sombre premium
EX0060;Dépression scapulaire;💪 Haut du corps;assets/photos/exercises/01_haut_du_corps;EX0060_depression-scapulaire.jpg;assets/photos/exercises/01_haut_du_corps/EX0060_depression-scapulaire.jpg;barre, haltères, machine, poulie, banc, poids du corps, barre de traction, élastique;général;photo réelle en salle, mouvement visible, matériel visible, fond sombre premium
EX0061;Développé militaire;💪 Haut du corps;assets/photos/exercises/01_haut_du_corps;EX0061_developpe-militaire.jpg;assets/photos/exercises/01_haut_du_corps/EX0061_developpe-militaire.jpg;barre, haltères, machine, poulie, banc, poids du corps, barre de traction, élastique;pousser;photo réelle en salle, mouvement visible, matériel visible, fond sombre premium
EX0062;Développé épaules haltères;💪 Haut du corps;assets/photos/exercises/01_haut_du_corps;EX0062_developpe-epaules-halteres.jpg;assets/photos/exercises/01_haut_du_corps/EX0062_developpe-epaules-halteres.jpg;barre, haltères, machine, poulie, banc, poids du corps, barre de traction, élastique;général;photo réelle en salle, mouvement visible, matériel visible, fond sombre premium
EX0063;Shoulder press machine;💪 Haut du corps;assets/photos/exercises/01_haut_du_corps;EX0063_shoulder-press-machine.jpg;assets/photos/exercises/01_haut_du_corps/EX0063_shoulder-press-machine.jpg;barre, haltères, machine, poulie, banc, poids du corps, barre de traction, élastique;pousser;photo réelle en salle, mouvement visible, matériel visible, fond sombre premium
EX0064;Arnold press;💪 Haut du corps;assets/photos/exercises/01_haut_du_corps;EX0064_arnold-press.jpg;assets/photos/exercises/01_haut_du_corps/EX0064_arnold-press.jpg;barre, haltères, machine, poulie, banc, poids du corps, barre de traction, élastique;pousser;photo réelle en salle, mouvement visible, matériel visible, fond sombre premium
EX0065;Élévations latérales;💪 Haut du corps;assets/photos/exercises/01_haut_du_corps;EX0065_elevations-laterales.jpg;assets/photos/exercises/01_haut_du_corps/EX0065_elevations-laterales.jpg;barre, haltères, machine, poulie, banc, poids du corps, barre de traction, élastique;général;photo réelle en salle, mouvement visible, matériel visible, fond sombre premium
EX0066;Élévations latérales poulie;💪 Haut du corps;assets/photos/exercises/01_haut_du_corps;EX0066_elevations-laterales-poulie.jpg;assets/photos/exercises/01_haut_du_corps/EX0066_elevations-laterales-poulie.jpg;barre, haltères, machine, poulie, banc, poids du corps, barre de traction, élastique;général;photo réelle en salle, mouvement visible, matériel visible, fond sombre premium
EX0067;Élévations frontales;💪 Haut du corps;assets/photos/exercises/01_haut_du_corps;EX0067_elevations-frontales.jpg;assets/photos/exercises/01_haut_du_corps/EX0067_elevations-frontales.jpg;barre, haltères, machine, poulie, banc, poids du corps, barre de traction, élastique;général;photo réelle en salle, mouvement visible, matériel visible, fond sombre premium
EX0068;Oiseau arrière épaules;💪 Haut du corps;assets/photos/exercises/01_haut_du_corps;EX0068_oiseau-arriere-epaules.jpg;assets/photos/exercises/01_haut_du_corps/EX0068_oiseau-arriere-epaules.jpg;barre, haltères, machine, poulie, banc, poids du corps, barre de traction, élastique;général;photo réelle en salle, mouvement visible, matériel visible, fond sombre premium
EX0069;Oiseau machine;💪 Haut du corps;assets/photos/exercises/01_haut_du_corps;EX0069_oiseau-machine.jpg;assets/photos/exercises/01_haut_du_corps/EX0069_oiseau-machine.jpg;barre, haltères, machine, poulie, banc, poids du corps, barre de traction, élastique;général;photo réelle en salle, mouvement visible, matériel visible, fond sombre premium
EX0070;Face pull épaules;💪 Haut du corps;assets/photos/exercises/01_haut_du_corps;EX0070_face-pull-epaules.jpg;assets/photos/exercises/01_haut_du_corps/EX0070_face-pull-epaules.jpg;barre, haltères, machine, poulie, banc, poids du corps, barre de traction, élastique;général;photo réelle en salle, mouvement visible, matériel visible, fond sombre premium
EX0071;Rowing menton;💪 Haut du corps;assets/photos/exercises/01_haut_du_corps;EX0071_rowing-menton.jpg;assets/photos/exercises/01_haut_du_corps/EX0071_rowing-menton.jpg;barre, haltères, machine, poulie, banc, poids du corps, barre de traction, élastique;tirer;photo réelle en salle, mouvement visible, matériel visible, fond sombre premium
EX0072;Rotation externe élastique;💪 Haut du corps;assets/photos/exercises/01_haut_du_corps;EX0072_rotation-externe-elastique.jpg;assets/photos/exercises/01_haut_du_corps/EX0072_rotation-externe-elastique.jpg;barre, haltères, machine, poulie, banc, poids du corps, barre de traction, élastique;général;photo réelle en salle, mouvement visible, matériel visible, fond sombre premium
EX0073;Y raise;💪 Haut du corps;assets/photos/exercises/01_haut_du_corps;EX0073_y-raise.jpg;assets/photos/exercises/01_haut_du_corps/EX0073_y-raise.jpg;barre, haltères, machine, poulie, banc, poids du corps, barre de traction, élastique;général;photo réelle en salle, mouvement visible, matériel visible, fond sombre premium
EX0074;Landmine press;💪 Haut du corps;assets/photos/exercises/01_haut_du_corps;EX0074_landmine-press.jpg;assets/photos/exercises/01_haut_du_corps/EX0074_landmine-press.jpg;barre, haltères, machine, poulie, banc, poids du corps, barre de traction, élastique;général;photo réelle en salle, mouvement visible, matériel visible, fond sombre premium
EX0075;Pompes piquées;💪 Haut du corps;assets/photos/exercises/01_haut_du_corps;EX0075_pompes-piquees.jpg;assets/photos/exercises/01_haut_du_corps/EX0075_pompes-piquees.jpg;barre, haltères, machine, poulie, banc, poids du corps, barre de traction, élastique;pousser;photo réelle en salle, mouvement visible, matériel visible, fond sombre premium
EX0076;Handstand hold;💪 Haut du corps;assets/photos/exercises/01_haut_du_corps;EX0076_handstand-hold.jpg;assets/photos/exercises/01_haut_du_corps/EX0076_handstand-hold.jpg;barre, haltères, machine, poulie, banc, poids du corps, barre de traction, élastique;général;photo réelle en salle, mouvement visible, matériel visible, fond sombre premium
EX0077;Élévations tempo;💪 Haut du corps;assets/photos/exercises/01_haut_du_corps;EX0077_elevations-tempo.jpg;assets/photos/exercises/01_haut_du_corps/EX0077_elevations-tempo.jpg;barre, haltères, machine, poulie, banc, poids du corps, barre de traction, élastique;général;photo réelle en salle, mouvement visible, matériel visible, fond sombre premium
EX0078;Scapular push-up;💪 Haut du corps;assets/photos/exercises/01_haut_du_corps;EX0078_scapular-push-up.jpg;assets/photos/exercises/01_haut_du_corps/EX0078_scapular-push-up.jpg;barre, haltères, machine, poulie, banc, poids du corps, barre de traction, élastique;pousser;photo réelle en salle, mouvement visible, matériel visible, fond sombre premium
EX0079;Développé assis machine;💪 Haut du corps;assets/photos/exercises/01_haut_du_corps;EX0079_developpe-assis-machine.jpg;assets/photos/exercises/01_haut_du_corps/EX0079_developpe-assis-machine.jpg;barre, haltères, machine, poulie, banc, poids du corps, barre de traction, élastique;général;photo réelle en salle, mouvement visible, matériel visible, fond sombre premium
EX0080;L-fly;💪 Haut du corps;assets/photos/exercises/01_haut_du_corps;EX0080_l-fly.jpg;assets/photos/exercises/01_haut_du_corps/EX0080_l-fly.jpg;barre, haltères, machine, poulie, banc, poids du corps, barre de traction, élastique;pousser;photo réelle en salle, mouvement visible, matériel visible, fond sombre premium
EX0081;Élévations latérales assis;💪 Haut du corps;assets/photos/exercises/01_haut_du_corps;EX0081_elevations-laterales-assis.jpg;assets/photos/exercises/01_haut_du_corps/EX0081_elevations-laterales-assis.jpg;barre, haltères, machine, poulie, banc, poids du corps, barre de traction, élastique;général;photo réelle en salle, mouvement visible, matériel visible, fond sombre premium
EX0082;Développé unilatéral;💪 Haut du corps;assets/photos/exercises/01_haut_du_corps;EX0082_developpe-unilateral.jpg;assets/photos/exercises/01_haut_du_corps/EX0082_developpe-unilateral.jpg;barre, haltères, machine, poulie, banc, poids du corps, barre de traction, élastique;général;photo réelle en salle, mouvement visible, matériel visible, fond sombre premium
EX0083;Élévations 1 bras poulie;💪 Haut du corps;assets/photos/exercises/01_haut_du_corps;EX0083_elevations-1-bras-poulie.jpg;assets/photos/exercises/01_haut_du_corps/EX0083_elevations-1-bras-poulie.jpg;barre, haltères, machine, poulie, banc, poids du corps, barre de traction, élastique;général;photo réelle en salle, mouvement visible, matériel visible, fond sombre premium
EX0084;Reverse pec deck;💪 Haut du corps;assets/photos/exercises/01_haut_du_corps;EX0084_reverse-pec-deck.jpg;assets/photos/exercises/01_haut_du_corps/EX0084_reverse-pec-deck.jpg;barre, haltères, machine, poulie, banc, poids du corps, barre de traction, élastique;pousser;photo réelle en salle, mouvement visible, matériel visible, fond sombre premium
EX0085;Wall slides;💪 Haut du corps;assets/photos/exercises/01_haut_du_corps;EX0085_wall-slides.jpg;assets/photos/exercises/01_haut_du_corps/EX0085_wall-slides.jpg;barre, haltères, machine, poulie, banc, poids du corps, barre de traction, élastique;général;photo réelle en salle, mouvement visible, matériel visible, fond sombre premium
EX0086;Trap 3 raise;💪 Haut du corps;assets/photos/exercises/01_haut_du_corps;EX0086_trap-3-raise.jpg;assets/photos/exercises/01_haut_du_corps/EX0086_trap-3-raise.jpg;barre, haltères, machine, poulie, banc, poids du corps, barre de traction, élastique;général;photo réelle en salle, mouvement visible, matériel visible, fond sombre premium
EX0087;Pike push-up assisté;💪 Haut du corps;assets/photos/exercises/01_haut_du_corps;EX0087_pike-push-up-assiste.jpg;assets/photos/exercises/01_haut_du_corps/EX0087_pike-push-up-assiste.jpg;barre, haltères, machine, poulie, banc, poids du corps, barre de traction, élastique;pousser;photo réelle en salle, mouvement visible, matériel visible, fond sombre premium
EX0088;Plate front raise;💪 Haut du corps;assets/photos/exercises/01_haut_du_corps;EX0088_plate-front-raise.jpg;assets/photos/exercises/01_haut_du_corps/EX0088_plate-front-raise.jpg;barre, haltères, machine, poulie, banc, poids du corps, barre de traction, élastique;général;photo réelle en salle, mouvement visible, matériel visible, fond sombre premium
EX0089;Cuban press;💪 Haut du corps;assets/photos/exercises/01_haut_du_corps;EX0089_cuban-press.jpg;assets/photos/exercises/01_haut_du_corps/EX0089_cuban-press.jpg;barre, haltères, machine, poulie, banc, poids du corps, barre de traction, élastique;général;photo réelle en salle, mouvement visible, matériel visible, fond sombre premium
EX0090;Shoulder taps;💪 Haut du corps;assets/photos/exercises/01_haut_du_corps;EX0090_shoulder-taps.jpg;assets/photos/exercises/01_haut_du_corps/EX0090_shoulder-taps.jpg;barre, haltères, machine, poulie, banc, poids du corps, barre de traction, élastique;général;photo réelle en salle, mouvement visible, matériel visible, fond sombre premium
EX0091;Curl barre;💪 Haut du corps;assets/photos/exercises/01_haut_du_corps;EX0091_curl-barre.jpg;assets/photos/exercises/01_haut_du_corps/EX0091_curl-barre.jpg;barre, haltères, machine, poulie, banc, poids du corps, barre de traction, élastique;tirer;photo réelle en salle, mouvement visible, matériel visible, fond sombre premium
EX0092;Curl haltères;💪 Haut du corps;assets/photos/exercises/01_haut_du_corps;EX0092_curl-halteres.jpg;assets/photos/exercises/01_haut_du_corps/EX0092_curl-halteres.jpg;barre, haltères, machine, poulie, banc, poids du corps, barre de traction, élastique;tirer;photo réelle en salle, mouvement visible, matériel visible, fond sombre premium
EX0093;Curl marteau;💪 Haut du corps;assets/photos/exercises/01_haut_du_corps;EX0093_curl-marteau.jpg;assets/photos/exercises/01_haut_du_corps/EX0093_curl-marteau.jpg;barre, haltères, machine, poulie, banc, poids du corps, barre de traction, élastique;tirer;photo réelle en salle, mouvement visible, matériel visible, fond sombre premium
EX0094;Curl pupitre;💪 Haut du corps;assets/photos/exercises/01_haut_du_corps;EX0094_curl-pupitre.jpg;assets/photos/exercises/01_haut_du_corps/EX0094_curl-pupitre.jpg;barre, haltères, machine, poulie, banc, poids du corps, barre de traction, élastique;tirer;photo réelle en salle, mouvement visible, matériel visible, fond sombre premium
EX0095;Curl poulie;💪 Haut du corps;assets/photos/exercises/01_haut_du_corps;EX0095_curl-poulie.jpg;assets/photos/exercises/01_haut_du_corps/EX0095_curl-poulie.jpg;barre, haltères, machine, poulie, banc, poids du corps, barre de traction, élastique;tirer;photo réelle en salle, mouvement visible, matériel visible, fond sombre premium
EX0096;Curl incliné;💪 Haut du corps;assets/photos/exercises/01_haut_du_corps;EX0096_curl-incline.jpg;assets/photos/exercises/01_haut_du_corps/EX0096_curl-incline.jpg;barre, haltères, machine, poulie, banc, poids du corps, barre de traction, élastique;pousser;photo réelle en salle, mouvement visible, matériel visible, fond sombre premium
EX0097;Curl concentration;💪 Haut du corps;assets/photos/exercises/01_haut_du_corps;EX0097_curl-concentration.jpg;assets/photos/exercises/01_haut_du_corps/EX0097_curl-concentration.jpg;barre, haltères, machine, poulie, banc, poids du corps, barre de traction, élastique;tirer;photo réelle en salle, mouvement visible, matériel visible, fond sombre premium
EX0098;Curl inversé;💪 Haut du corps;assets/photos/exercises/01_haut_du_corps;EX0098_curl-inverse.jpg;assets/photos/exercises/01_haut_du_corps/EX0098_curl-inverse.jpg;barre, haltères, machine, poulie, banc, poids du corps, barre de traction, élastique;tirer;photo réelle en salle, mouvement visible, matériel visible, fond sombre premium
EX0099;Extension triceps poulie;💪 Haut du corps;assets/photos/exercises/01_haut_du_corps;EX0099_extension-triceps-poulie.jpg;assets/photos/exercises/01_haut_du_corps/EX0099_extension-triceps-poulie.jpg;barre, haltères, machine, poulie, banc, poids du corps, barre de traction, élastique;pousser;photo réelle en salle, mouvement visible, matériel visible, fond sombre premium
EX0100;Barre au front;💪 Haut du corps;assets/photos/exercises/01_haut_du_corps;EX0100_barre-au-front.jpg;assets/photos/exercises/01_haut_du_corps/EX0100_barre-au-front.jpg;barre, haltères, machine, poulie, banc, poids du corps, barre de traction, élastique;pousser;photo réelle en salle, mouvement visible, matériel visible, fond sombre premium
EX0101;Extension triceps haltère;💪 Haut du corps;assets/photos/exercises/01_haut_du_corps;EX0101_extension-triceps-haltere.jpg;assets/photos/exercises/01_haut_du_corps/EX0101_extension-triceps-haltere.jpg;barre, haltères, machine, poulie, banc, poids du corps, barre de traction, élastique;pousser;photo réelle en salle, mouvement visible, matériel visible, fond sombre premium
EX0102;Dips banc;💪 Haut du corps;assets/photos/exercises/01_haut_du_corps;EX0102_dips-banc.jpg;assets/photos/exercises/01_haut_du_corps/EX0102_dips-banc.jpg;barre, haltères, machine, poulie, banc, poids du corps, barre de traction, élastique;pousser;photo réelle en salle, mouvement visible, matériel visible, fond sombre premium
EX0103;Développé serré;💪 Haut du corps;assets/photos/exercises/01_haut_du_corps;EX0103_developpe-serre.jpg;assets/photos/exercises/01_haut_du_corps/EX0103_developpe-serre.jpg;barre, haltères, machine, poulie, banc, poids du corps, barre de traction, élastique;général;photo réelle en salle, mouvement visible, matériel visible, fond sombre premium
EX0104;Kickback triceps;💪 Haut du corps;assets/photos/exercises/01_haut_du_corps;EX0104_kickback-triceps.jpg;assets/photos/exercises/01_haut_du_corps/EX0104_kickback-triceps.jpg;barre, haltères, machine, poulie, banc, poids du corps, barre de traction, élastique;pousser;photo réelle en salle, mouvement visible, matériel visible, fond sombre premium
EX0105;Extension corde;💪 Haut du corps;assets/photos/exercises/01_haut_du_corps;EX0105_extension-corde.jpg;assets/photos/exercises/01_haut_du_corps/EX0105_extension-corde.jpg;barre, haltères, machine, poulie, banc, poids du corps, barre de traction, élastique;général;photo réelle en salle, mouvement visible, matériel visible, fond sombre premium
EX0106;Curl élastique;💪 Haut du corps;assets/photos/exercises/01_haut_du_corps;EX0106_curl-elastique.jpg;assets/photos/exercises/01_haut_du_corps/EX0106_curl-elastique.jpg;barre, haltères, machine, poulie, banc, poids du corps, barre de traction, élastique;tirer;photo réelle en salle, mouvement visible, matériel visible, fond sombre premium
EX0107;Triceps élastique;💪 Haut du corps;assets/photos/exercises/01_haut_du_corps;EX0107_triceps-elastique.jpg;assets/photos/exercises/01_haut_du_corps/EX0107_triceps-elastique.jpg;barre, haltères, machine, poulie, banc, poids du corps, barre de traction, élastique;pousser;photo réelle en salle, mouvement visible, matériel visible, fond sombre premium
EX0108;Curl 21;💪 Haut du corps;assets/photos/exercises/01_haut_du_corps;EX0108_curl-21.jpg;assets/photos/exercises/01_haut_du_corps/EX0108_curl-21.jpg;barre, haltères, machine, poulie, banc, poids du corps, barre de traction, élastique;tirer;photo réelle en salle, mouvement visible, matériel visible, fond sombre premium
EX0109;Avant-bras flexion;💪 Haut du corps;assets/photos/exercises/01_haut_du_corps;EX0109_avant-bras-flexion.jpg;assets/photos/exercises/01_haut_du_corps/EX0109_avant-bras-flexion.jpg;barre, haltères, machine, poulie, banc, poids du corps, barre de traction, élastique;général;photo réelle en salle, mouvement visible, matériel visible, fond sombre premium
EX0110;Farmer grip;💪 Haut du corps;assets/photos/exercises/01_haut_du_corps;EX0110_farmer-grip.jpg;assets/photos/exercises/01_haut_du_corps/EX0110_farmer-grip.jpg;barre, haltères, machine, poulie, banc, poids du corps, barre de traction, élastique;intensif;photo réelle en salle, mouvement visible, matériel visible, fond sombre premium
EX0111;Curl araignée;💪 Haut du corps;assets/photos/exercises/01_haut_du_corps;EX0111_curl-araignee.jpg;assets/photos/exercises/01_haut_du_corps/EX0111_curl-araignee.jpg;barre, haltères, machine, poulie, banc, poids du corps, barre de traction, élastique;tirer;photo réelle en salle, mouvement visible, matériel visible, fond sombre premium
EX0112;Curl Zottman;💪 Haut du corps;assets/photos/exercises/01_haut_du_corps;EX0112_curl-zottman.jpg;assets/photos/exercises/01_haut_du_corps/EX0112_curl-zottman.jpg;barre, haltères, machine, poulie, banc, poids du corps, barre de traction, élastique;tirer;photo réelle en salle, mouvement visible, matériel visible, fond sombre premium
EX0113;Curl câble unilatéral;💪 Haut du corps;assets/photos/exercises/01_haut_du_corps;EX0113_curl-cable-unilateral.jpg;assets/photos/exercises/01_haut_du_corps/EX0113_curl-cable-unilateral.jpg;barre, haltères, machine, poulie, banc, poids du corps, barre de traction, élastique;tirer;photo réelle en salle, mouvement visible, matériel visible, fond sombre premium
EX0114;Extension triceps unilatérale;💪 Haut du corps;assets/photos/exercises/01_haut_du_corps;EX0114_extension-triceps-unilaterale.jpg;assets/photos/exercises/01_haut_du_corps/EX0114_extension-triceps-unilaterale.jpg;barre, haltères, machine, poulie, banc, poids du corps, barre de traction, élastique;pousser;photo réelle en salle, mouvement visible, matériel visible, fond sombre premium
EX0115;JM press;💪 Haut du corps;assets/photos/exercises/01_haut_du_corps;EX0115_jm-press.jpg;assets/photos/exercises/01_haut_du_corps/EX0115_jm-press.jpg;barre, haltères, machine, poulie, banc, poids du corps, barre de traction, élastique;général;photo réelle en salle, mouvement visible, matériel visible, fond sombre premium
EX0116;Pompes triceps;💪 Haut du corps;assets/photos/exercises/01_haut_du_corps;EX0116_pompes-triceps.jpg;assets/photos/exercises/01_haut_du_corps/EX0116_pompes-triceps.jpg;barre, haltères, machine, poulie, banc, poids du corps, barre de traction, élastique;pousser;photo réelle en salle, mouvement visible, matériel visible, fond sombre premium
EX0117;Reverse curl barre EZ;💪 Haut du corps;assets/photos/exercises/01_haut_du_corps;EX0117_reverse-curl-barre-ez.jpg;assets/photos/exercises/01_haut_du_corps/EX0117_reverse-curl-barre-ez.jpg;barre, haltères, machine, poulie, banc, poids du corps, barre de traction, élastique;tirer;photo réelle en salle, mouvement visible, matériel visible, fond sombre premium
EX0118;Wrist roller;💪 Haut du corps;assets/photos/exercises/01_haut_du_corps;EX0118_wrist-roller.jpg;assets/photos/exercises/01_haut_du_corps/EX0118_wrist-roller.jpg;barre, haltères, machine, poulie, banc, poids du corps, barre de traction, élastique;général;photo réelle en salle, mouvement visible, matériel visible, fond sombre premium
EX0119;Extension poignet;💪 Haut du corps;assets/photos/exercises/01_haut_du_corps;EX0119_extension-poignet.jpg;assets/photos/exercises/01_haut_du_corps/EX0119_extension-poignet.jpg;barre, haltères, machine, poulie, banc, poids du corps, barre de traction, élastique;général;photo réelle en salle, mouvement visible, matériel visible, fond sombre premium
EX0120;Flexion poignet;💪 Haut du corps;assets/photos/exercises/01_haut_du_corps;EX0120_flexion-poignet.jpg;assets/photos/exercises/01_haut_du_corps/EX0120_flexion-poignet.jpg;barre, haltères, machine, poulie, banc, poids du corps, barre de traction, élastique;général;photo réelle en salle, mouvement visible, matériel visible, fond sombre premium
EX0121;Squat arrière;🍑 Cuisses · Abdos · Fessiers;assets/photos/exercises/09_general;EX0121_squat-arriere.jpg;assets/photos/exercises/09_general/EX0121_squat-arriere.jpg;barre, haltères, machine, poulie, banc, poids du corps, barre de traction, élastique;jambes;photo réelle en salle, mouvement visible, matériel visible, fond sombre premium
EX0122;Front squat;🍑 Cuisses · Abdos · Fessiers;assets/photos/exercises/09_general;EX0122_front-squat.jpg;assets/photos/exercises/09_general/EX0122_front-squat.jpg;barre, haltères, machine, poulie, banc, poids du corps, barre de traction, élastique;jambes;photo réelle en salle, mouvement visible, matériel visible, fond sombre premium
EX0123;Goblet squat;🍑 Cuisses · Abdos · Fessiers;assets/photos/exercises/09_general;EX0123_goblet-squat.jpg;assets/photos/exercises/09_general/EX0123_goblet-squat.jpg;barre, haltères, machine, poulie, banc, poids du corps, barre de traction, élastique;jambes;photo réelle en salle, mouvement visible, matériel visible, fond sombre premium
EX0124;Presse à cuisses;🦵 Bas du corps;assets/photos/exercises/02_bas_du_corps;EX0124_presse-a-cuisses.jpg;assets/photos/exercises/02_bas_du_corps/EX0124_presse-a-cuisses.jpg;barre, haltères, machine, poulie, banc, poids du corps, barre de traction, élastique;jambes;photo réelle en salle, mouvement visible, matériel visible, fond sombre premium
EX0125;Hack squat;🍑 Cuisses · Abdos · Fessiers;assets/photos/exercises/09_general;EX0125_hack-squat.jpg;assets/photos/exercises/09_general/EX0125_hack-squat.jpg;barre, haltères, machine, poulie, banc, poids du corps, barre de traction, élastique;jambes;photo réelle en salle, mouvement visible, matériel visible, fond sombre premium
EX0126;Fentes arrière;🦵 Bas du corps;assets/photos/exercises/02_bas_du_corps;EX0126_fentes-arriere.jpg;assets/photos/exercises/02_bas_du_corps/EX0126_fentes-arriere.jpg;barre, haltères, machine, poulie, banc, poids du corps, barre de traction, élastique;jambes;photo réelle en salle, mouvement visible, matériel visible, fond sombre premium
EX0127;Fentes marchées;🦵 Bas du corps;assets/photos/exercises/02_bas_du_corps;EX0127_fentes-marchees.jpg;assets/photos/exercises/02_bas_du_corps/EX0127_fentes-marchees.jpg;barre, haltères, machine, poulie, banc, poids du corps, barre de traction, élastique;jambes;photo réelle en salle, mouvement visible, matériel visible, fond sombre premium
EX0128;Bulgarian split squat;🍑 Cuisses · Abdos · Fessiers;assets/photos/exercises/09_general;EX0128_bulgarian-split-squat.jpg;assets/photos/exercises/09_general/EX0128_bulgarian-split-squat.jpg;barre, haltères, machine, poulie, banc, poids du corps, barre de traction, élastique;jambes;photo réelle en salle, mouvement visible, matériel visible, fond sombre premium
EX0129;Step-up;🦵 Bas du corps;assets/photos/exercises/02_bas_du_corps;EX0129_step-up.jpg;assets/photos/exercises/02_bas_du_corps/EX0129_step-up.jpg;barre, haltères, machine, poulie, banc, poids du corps, barre de traction, élastique;général;photo réelle en salle, mouvement visible, matériel visible, fond sombre premium
EX0130;Leg extension;🦵 Bas du corps;assets/photos/exercises/02_bas_du_corps;EX0130_leg-extension.jpg;assets/photos/exercises/02_bas_du_corps/EX0130_leg-extension.jpg;barre, haltères, machine, poulie, banc, poids du corps, barre de traction, élastique;général;photo réelle en salle, mouvement visible, matériel visible, fond sombre premium
EX0131;Mollets debout;🦵 Bas du corps;assets/photos/exercises/02_bas_du_corps;EX0131_mollets-debout.jpg;assets/photos/exercises/02_bas_du_corps/EX0131_mollets-debout.jpg;barre, haltères, machine, poulie, banc, poids du corps, barre de traction, élastique;jambes;photo réelle en salle, mouvement visible, matériel visible, fond sombre premium
EX0132;Mollets assis;🦵 Bas du corps;assets/photos/exercises/02_bas_du_corps;EX0132_mollets-assis.jpg;assets/photos/exercises/02_bas_du_corps/EX0132_mollets-assis.jpg;barre, haltères, machine, poulie, banc, poids du corps, barre de traction, élastique;jambes;photo réelle en salle, mouvement visible, matériel visible, fond sombre premium
EX0133;Squat tempo;🍑 Cuisses · Abdos · Fessiers;assets/photos/exercises/09_general;EX0133_squat-tempo.jpg;assets/photos/exercises/09_general/EX0133_squat-tempo.jpg;barre, haltères, machine, poulie, banc, poids du corps, barre de traction, élastique;jambes;photo réelle en salle, mouvement visible, matériel visible, fond sombre premium
EX0134;Squat pause;🍑 Cuisses · Abdos · Fessiers;assets/photos/exercises/09_general;EX0134_squat-pause.jpg;assets/photos/exercises/09_general/EX0134_squat-pause.jpg;barre, haltères, machine, poulie, banc, poids du corps, barre de traction, élastique;jambes;photo réelle en salle, mouvement visible, matériel visible, fond sombre premium
EX0135;Wall sit;🦵 Bas du corps;assets/photos/exercises/02_bas_du_corps;EX0135_wall-sit.jpg;assets/photos/exercises/02_bas_du_corps/EX0135_wall-sit.jpg;barre, haltères, machine, poulie, banc, poids du corps, barre de traction, élastique;jambes;photo réelle en salle, mouvement visible, matériel visible, fond sombre premium
EX0136;Squat jump;🍑 Cuisses · Abdos · Fessiers;assets/photos/exercises/09_general;EX0136_squat-jump.jpg;assets/photos/exercises/09_general/EX0136_squat-jump.jpg;barre, haltères, machine, poulie, banc, poids du corps, barre de traction, élastique;jambes;photo réelle en salle, mouvement visible, matériel visible, fond sombre premium
EX0137;Fente sautée;🦵 Bas du corps;assets/photos/exercises/02_bas_du_corps;EX0137_fente-sautee.jpg;assets/photos/exercises/02_bas_du_corps/EX0137_fente-sautee.jpg;barre, haltères, machine, poulie, banc, poids du corps, barre de traction, élastique;jambes;photo réelle en salle, mouvement visible, matériel visible, fond sombre premium
EX0138;Cossack squat;🍑 Cuisses · Abdos · Fessiers;assets/photos/exercises/09_general;EX0138_cossack-squat.jpg;assets/photos/exercises/09_general/EX0138_cossack-squat.jpg;barre, haltères, machine, poulie, banc, poids du corps, barre de traction, élastique;jambes;photo réelle en salle, mouvement visible, matériel visible, fond sombre premium
EX0139;Presse unilatérale;🦵 Bas du corps;assets/photos/exercises/02_bas_du_corps;EX0139_presse-unilaterale.jpg;assets/photos/exercises/02_bas_du_corps/EX0139_presse-unilaterale.jpg;barre, haltères, machine, poulie, banc, poids du corps, barre de traction, élastique;jambes;photo réelle en salle, mouvement visible, matériel visible, fond sombre premium
EX0140;Squat poids du corps;🍑 Cuisses · Abdos · Fessiers;assets/photos/exercises/09_general;EX0140_squat-poids-du-corps.jpg;assets/photos/exercises/09_general/EX0140_squat-poids-du-corps.jpg;barre, haltères, machine, poulie, banc, poids du corps, barre de traction, élastique;jambes;photo réelle en salle, mouvement visible, matériel visible, fond sombre premium
EX0141;Split squat;🍑 Cuisses · Abdos · Fessiers;assets/photos/exercises/09_general;EX0141_split-squat.jpg;assets/photos/exercises/09_general/EX0141_split-squat.jpg;barre, haltères, machine, poulie, banc, poids du corps, barre de traction, élastique;jambes;photo réelle en salle, mouvement visible, matériel visible, fond sombre premium
EX0142;Sissy squat assisté;🍑 Cuisses · Abdos · Fessiers;assets/photos/exercises/09_general;EX0142_sissy-squat-assiste.jpg;assets/photos/exercises/09_general/EX0142_sissy-squat-assiste.jpg;barre, haltères, machine, poulie, banc, poids du corps, barre de traction, élastique;jambes;photo réelle en salle, mouvement visible, matériel visible, fond sombre premium
EX0143;Leg press pieds hauts;🦵 Bas du corps;assets/photos/exercises/02_bas_du_corps;EX0143_leg-press-pieds-hauts.jpg;assets/photos/exercises/02_bas_du_corps/EX0143_leg-press-pieds-hauts.jpg;barre, haltères, machine, poulie, banc, poids du corps, barre de traction, élastique;jambes;photo réelle en salle, mouvement visible, matériel visible, fond sombre premium
EX0144;Leg press pieds bas;🦵 Bas du corps;assets/photos/exercises/02_bas_du_corps;EX0144_leg-press-pieds-bas.jpg;assets/photos/exercises/02_bas_du_corps/EX0144_leg-press-pieds-bas.jpg;barre, haltères, machine, poulie, banc, poids du corps, barre de traction, élastique;jambes;photo réelle en salle, mouvement visible, matériel visible, fond sombre premium
EX0145;Squat Smith;🍑 Cuisses · Abdos · Fessiers;assets/photos/exercises/09_general;EX0145_squat-smith.jpg;assets/photos/exercises/09_general/EX0145_squat-smith.jpg;barre, haltères, machine, poulie, banc, poids du corps, barre de traction, élastique;jambes;photo réelle en salle, mouvement visible, matériel visible, fond sombre premium
EX0146;Step-down;🦵 Bas du corps;assets/photos/exercises/02_bas_du_corps;EX0146_step-down.jpg;assets/photos/exercises/02_bas_du_corps/EX0146_step-down.jpg;barre, haltères, machine, poulie, banc, poids du corps, barre de traction, élastique;général;photo réelle en salle, mouvement visible, matériel visible, fond sombre premium
EX0147;Fente latérale;🦵 Bas du corps;assets/photos/exercises/02_bas_du_corps;EX0147_fente-laterale.jpg;assets/photos/exercises/02_bas_du_corps/EX0147_fente-laterale.jpg;barre, haltères, machine, poulie, banc, poids du corps, barre de traction, élastique;jambes;photo réelle en salle, mouvement visible, matériel visible, fond sombre premium
EX0148;Squat sumo haltère;🍑 Cuisses · Abdos · Fessiers;assets/photos/exercises/09_general;EX0148_squat-sumo-haltere.jpg;assets/photos/exercises/09_general/EX0148_squat-sumo-haltere.jpg;barre, haltères, machine, poulie, banc, poids du corps, barre de traction, élastique;jambes;photo réelle en salle, mouvement visible, matériel visible, fond sombre premium
EX0149;Mollets presse;🦵 Bas du corps;assets/photos/exercises/02_bas_du_corps;EX0149_mollets-presse.jpg;assets/photos/exercises/02_bas_du_corps/EX0149_mollets-presse.jpg;barre, haltères, machine, poulie, banc, poids du corps, barre de traction, élastique;jambes;photo réelle en salle, mouvement visible, matériel visible, fond sombre premium
EX0150;Tibialis raise;🦵 Bas du corps;assets/photos/exercises/02_bas_du_corps;EX0150_tibialis-raise.jpg;assets/photos/exercises/02_bas_du_corps/EX0150_tibialis-raise.jpg;barre, haltères, machine, poulie, banc, poids du corps, barre de traction, élastique;général;photo réelle en salle, mouvement visible, matériel visible, fond sombre premium
EX0151;Soulevé de terre;🦵 Bas du corps;assets/photos/exercises/02_bas_du_corps;EX0151_souleve-de-terre.jpg;assets/photos/exercises/02_bas_du_corps/EX0151_souleve-de-terre.jpg;barre, haltères, machine, poulie, banc, poids du corps, barre de traction, élastique;dos / hanches;photo réelle en salle, mouvement visible, matériel visible, fond sombre premium
EX0152;Soulevé de terre roumain;🦵 Bas du corps;assets/photos/exercises/02_bas_du_corps;EX0152_souleve-de-terre-roumain.jpg;assets/photos/exercises/02_bas_du_corps/EX0152_souleve-de-terre-roumain.jpg;barre, haltères, machine, poulie, banc, poids du corps, barre de traction, élastique;dos / hanches;photo réelle en salle, mouvement visible, matériel visible, fond sombre premium
EX0153;Hip thrust;🍑 Cuisses · Abdos · Fessiers;assets/photos/exercises/09_general;EX0153_hip-thrust.jpg;assets/photos/exercises/09_general/EX0153_hip-thrust.jpg;barre, haltères, machine, poulie, banc, poids du corps, barre de traction, élastique;dos / hanches;photo réelle en salle, mouvement visible, matériel visible, fond sombre premium
EX0154;Glute bridge;🍑 Cuisses · Abdos · Fessiers;assets/photos/exercises/09_general;EX0154_glute-bridge.jpg;assets/photos/exercises/09_general/EX0154_glute-bridge.jpg;barre, haltères, machine, poulie, banc, poids du corps, barre de traction, élastique;dos / hanches;photo réelle en salle, mouvement visible, matériel visible, fond sombre premium
EX0155;Leg curl;🦵 Bas du corps;assets/photos/exercises/02_bas_du_corps;EX0155_leg-curl.jpg;assets/photos/exercises/02_bas_du_corps/EX0155_leg-curl.jpg;barre, haltères, machine, poulie, banc, poids du corps, barre de traction, élastique;tirer;photo réelle en salle, mouvement visible, matériel visible, fond sombre premium
EX0156;Good morning;🦵 Bas du corps;assets/photos/exercises/02_bas_du_corps;EX0156_good-morning.jpg;assets/photos/exercises/02_bas_du_corps/EX0156_good-morning.jpg;barre, haltères, machine, poulie, banc, poids du corps, barre de traction, élastique;dos / hanches;photo réelle en salle, mouvement visible, matériel visible, fond sombre premium
EX0157;Kettlebell swing;🦵 Bas du corps;assets/photos/exercises/02_bas_du_corps;EX0157_kettlebell-swing.jpg;assets/photos/exercises/02_bas_du_corps/EX0157_kettlebell-swing.jpg;barre, haltères, machine, poulie, banc, poids du corps, barre de traction, élastique;général;photo réelle en salle, mouvement visible, matériel visible, fond sombre premium
EX0158;Pull through poulie;🦵 Bas du corps;assets/photos/exercises/02_bas_du_corps;EX0158_pull-through-poulie.jpg;assets/photos/exercises/02_bas_du_corps/EX0158_pull-through-poulie.jpg;barre, haltères, machine, poulie, banc, poids du corps, barre de traction, élastique;général;photo réelle en salle, mouvement visible, matériel visible, fond sombre premium
EX0159;RDL unilatéral;🦵 Bas du corps;assets/photos/exercises/02_bas_du_corps;EX0159_rdl-unilateral.jpg;assets/photos/exercises/02_bas_du_corps/EX0159_rdl-unilateral.jpg;barre, haltères, machine, poulie, banc, poids du corps, barre de traction, élastique;dos / hanches;photo réelle en salle, mouvement visible, matériel visible, fond sombre premium
EX0160;Nordic curl;🦵 Bas du corps;assets/photos/exercises/02_bas_du_corps;EX0160_nordic-curl.jpg;assets/photos/exercises/02_bas_du_corps/EX0160_nordic-curl.jpg;barre, haltères, machine, poulie, banc, poids du corps, barre de traction, élastique;tirer;photo réelle en salle, mouvement visible, matériel visible, fond sombre premium
EX0161;Hip thrust machine;🍑 Cuisses · Abdos · Fessiers;assets/photos/exercises/09_general;EX0161_hip-thrust-machine.jpg;assets/photos/exercises/09_general/EX0161_hip-thrust-machine.jpg;barre, haltères, machine, poulie, banc, poids du corps, barre de traction, élastique;dos / hanches;photo réelle en salle, mouvement visible, matériel visible, fond sombre premium
EX0162;Extension fessier machine;🍑 Cuisses · Abdos · Fessiers;assets/photos/exercises/09_general;EX0162_extension-fessier-machine.jpg;assets/photos/exercises/09_general/EX0162_extension-fessier-machine.jpg;barre, haltères, machine, poulie, banc, poids du corps, barre de traction, élastique;général;photo réelle en salle, mouvement visible, matériel visible, fond sombre premium
EX0163;Kickback poulie;🦵 Bas du corps;assets/photos/exercises/02_bas_du_corps;EX0163_kickback-poulie.jpg;assets/photos/exercises/02_bas_du_corps/EX0163_kickback-poulie.jpg;barre, haltères, machine, poulie, banc, poids du corps, barre de traction, élastique;pousser;photo réelle en salle, mouvement visible, matériel visible, fond sombre premium
EX0164;Deadlift trap bar;🦵 Bas du corps;assets/photos/exercises/02_bas_du_corps;EX0164_deadlift-trap-bar.jpg;assets/photos/exercises/02_bas_du_corps/EX0164_deadlift-trap-bar.jpg;barre, haltères, machine, poulie, banc, poids du corps, barre de traction, élastique;dos / hanches;photo réelle en salle, mouvement visible, matériel visible, fond sombre premium
EX0165;Sumo deadlift;🦵 Bas du corps;assets/photos/exercises/02_bas_du_corps;EX0165_sumo-deadlift.jpg;assets/photos/exercises/02_bas_du_corps/EX0165_sumo-deadlift.jpg;barre, haltères, machine, poulie, banc, poids du corps, barre de traction, élastique;dos / hanches;photo réelle en salle, mouvement visible, matériel visible, fond sombre premium
EX0166;Soulevé de terre haltères;🦵 Bas du corps;assets/photos/exercises/02_bas_du_corps;EX0166_souleve-de-terre-halteres.jpg;assets/photos/exercises/02_bas_du_corps/EX0166_souleve-de-terre-halteres.jpg;barre, haltères, machine, poulie, banc, poids du corps, barre de traction, élastique;dos / hanches;photo réelle en salle, mouvement visible, matériel visible, fond sombre premium
EX0167;Back extension fessier;🍑 Cuisses · Abdos · Fessiers;assets/photos/exercises/09_general;EX0167_back-extension-fessier.jpg;assets/photos/exercises/09_general/EX0167_back-extension-fessier.jpg;barre, haltères, machine, poulie, banc, poids du corps, barre de traction, élastique;général;photo réelle en salle, mouvement visible, matériel visible, fond sombre premium
EX0168;Hamstring walkout;🦵 Bas du corps;assets/photos/exercises/02_bas_du_corps;EX0168_hamstring-walkout.jpg;assets/photos/exercises/02_bas_du_corps/EX0168_hamstring-walkout.jpg;barre, haltères, machine, poulie, banc, poids du corps, barre de traction, élastique;dos / hanches;photo réelle en salle, mouvement visible, matériel visible, fond sombre premium
EX0169;Glute bridge unilatéral;🍑 Cuisses · Abdos · Fessiers;assets/photos/exercises/09_general;EX0169_glute-bridge-unilateral.jpg;assets/photos/exercises/09_general/EX0169_glute-bridge-unilateral.jpg;barre, haltères, machine, poulie, banc, poids du corps, barre de traction, élastique;dos / hanches;photo réelle en salle, mouvement visible, matériel visible, fond sombre premium
EX0170;Swing lourd;🦵 Bas du corps;assets/photos/exercises/02_bas_du_corps;EX0170_swing-lourd.jpg;assets/photos/exercises/02_bas_du_corps/EX0170_swing-lourd.jpg;barre, haltères, machine, poulie, banc, poids du corps, barre de traction, élastique;général;photo réelle en salle, mouvement visible, matériel visible, fond sombre premium
EX0171;Leg curl assis;🦵 Bas du corps;assets/photos/exercises/02_bas_du_corps;EX0171_leg-curl-assis.jpg;assets/photos/exercises/02_bas_du_corps/EX0171_leg-curl-assis.jpg;barre, haltères, machine, poulie, banc, poids du corps, barre de traction, élastique;tirer;photo réelle en salle, mouvement visible, matériel visible, fond sombre premium
EX0172;Leg curl allongé;🦵 Bas du corps;assets/photos/exercises/02_bas_du_corps;EX0172_leg-curl-allonge.jpg;assets/photos/exercises/02_bas_du_corps/EX0172_leg-curl-allonge.jpg;barre, haltères, machine, poulie, banc, poids du corps, barre de traction, élastique;tirer;photo réelle en salle, mouvement visible, matériel visible, fond sombre premium
EX0173;Hip hinge bâton;🦵 Bas du corps;assets/photos/exercises/02_bas_du_corps;EX0173_hip-hinge-baton.jpg;assets/photos/exercises/02_bas_du_corps/EX0173_hip-hinge-baton.jpg;barre, haltères, machine, poulie, banc, poids du corps, barre de traction, élastique;général;photo réelle en salle, mouvement visible, matériel visible, fond sombre premium
EX0174;Cable kickback;🦵 Bas du corps;assets/photos/exercises/02_bas_du_corps;EX0174_cable-kickback.jpg;assets/photos/exercises/02_bas_du_corps/EX0174_cable-kickback.jpg;barre, haltères, machine, poulie, banc, poids du corps, barre de traction, élastique;pousser;photo réelle en salle, mouvement visible, matériel visible, fond sombre premium
EX0175;Reverse hyper;🦵 Bas du corps;assets/photos/exercises/02_bas_du_corps;EX0175_reverse-hyper.jpg;assets/photos/exercises/02_bas_du_corps/EX0175_reverse-hyper.jpg;barre, haltères, machine, poulie, banc, poids du corps, barre de traction, élastique;général;photo réelle en salle, mouvement visible, matériel visible, fond sombre premium
EX0176;Banded good morning;🦵 Bas du corps;assets/photos/exercises/02_bas_du_corps;EX0176_banded-good-morning.jpg;assets/photos/exercises/02_bas_du_corps/EX0176_banded-good-morning.jpg;barre, haltères, machine, poulie, banc, poids du corps, barre de traction, élastique;dos / hanches;photo réelle en salle, mouvement visible, matériel visible, fond sombre premium
EX0177;Sliding leg curl;🦵 Bas du corps;assets/photos/exercises/02_bas_du_corps;EX0177_sliding-leg-curl.jpg;assets/photos/exercises/02_bas_du_corps/EX0177_sliding-leg-curl.jpg;barre, haltères, machine, poulie, banc, poids du corps, barre de traction, élastique;tirer;photo réelle en salle, mouvement visible, matériel visible, fond sombre premium
EX0178;Frog pump;🦵 Bas du corps;assets/photos/exercises/02_bas_du_corps;EX0178_frog-pump.jpg;assets/photos/exercises/02_bas_du_corps/EX0178_frog-pump.jpg;barre, haltères, machine, poulie, banc, poids du corps, barre de traction, élastique;général;photo réelle en salle, mouvement visible, matériel visible, fond sombre premium
EX0179;Hip abduction machine;🍑 Cuisses · Abdos · Fessiers;assets/photos/exercises/09_general;EX0179_hip-abduction-machine.jpg;assets/photos/exercises/09_general/EX0179_hip-abduction-machine.jpg;barre, haltères, machine, poulie, banc, poids du corps, barre de traction, élastique;général;photo réelle en salle, mouvement visible, matériel visible, fond sombre premium
EX0180;Adduction machine;🍑 Cuisses · Abdos · Fessiers;assets/photos/exercises/09_general;EX0180_adduction-machine.jpg;assets/photos/exercises/09_general/EX0180_adduction-machine.jpg;barre, haltères, machine, poulie, banc, poids du corps, barre de traction, élastique;général;photo réelle en salle, mouvement visible, matériel visible, fond sombre premium
EX0181;Thruster;⚡ HIIT / AMRAP / EMOM;assets/photos/exercises/04_hiit_amrap_emom;EX0181_thruster.jpg;assets/photos/exercises/04_hiit_amrap_emom/EX0181_thruster.jpg;barre, haltères, kettlebell, box, medecine ball, sled, sandbag, corde, poids du corps;intensif;photo réelle en salle, mouvement visible, matériel visible, fond sombre premium
EX0182;Wall ball;⚡ HIIT / AMRAP / EMOM;assets/photos/exercises/04_hiit_amrap_emom;EX0182_wall-ball.jpg;assets/photos/exercises/04_hiit_amrap_emom/EX0182_wall-ball.jpg;barre, haltères, kettlebell, box, medecine ball, sled, sandbag, corde, poids du corps;intensif;photo réelle en salle, mouvement visible, matériel visible, fond sombre premium
EX0183;Box jump;⚡ HIIT / AMRAP / EMOM;assets/photos/exercises/04_hiit_amrap_emom;EX0183_box-jump.jpg;assets/photos/exercises/04_hiit_amrap_emom/EX0183_box-jump.jpg;barre, haltères, kettlebell, box, medecine ball, sled, sandbag, corde, poids du corps;intensif;photo réelle en salle, mouvement visible, matériel visible, fond sombre premium
EX0184;Clean technique;⚡ HIIT / AMRAP / EMOM;assets/photos/exercises/04_hiit_amrap_emom;EX0184_clean-technique.jpg;assets/photos/exercises/04_hiit_amrap_emom/EX0184_clean-technique.jpg;barre, haltères, kettlebell, box, medecine ball, sled, sandbag, corde, poids du corps;intensif;photo réelle en salle, mouvement visible, matériel visible, fond sombre premium
EX0185;Kettlebell snatch;⚡ HIIT / AMRAP / EMOM;assets/photos/exercises/04_hiit_amrap_emom;EX0185_kettlebell-snatch.jpg;assets/photos/exercises/04_hiit_amrap_emom/EX0185_kettlebell-snatch.jpg;barre, haltères, kettlebell, box, medecine ball, sled, sandbag, corde, poids du corps;intensif;photo réelle en salle, mouvement visible, matériel visible, fond sombre premium
EX0186;Devil press;⚡ HIIT / AMRAP / EMOM;assets/photos/exercises/04_hiit_amrap_emom;EX0186_devil-press.jpg;assets/photos/exercises/04_hiit_amrap_emom/EX0186_devil-press.jpg;barre, haltères, kettlebell, box, medecine ball, sled, sandbag, corde, poids du corps;intensif;photo réelle en salle, mouvement visible, matériel visible, fond sombre premium
EX0187;Burpee box jump;⚡ HIIT / AMRAP / EMOM;assets/photos/exercises/04_hiit_amrap_emom;EX0187_burpee-box-jump.jpg;assets/photos/exercises/04_hiit_amrap_emom/EX0187_burpee-box-jump.jpg;barre, haltères, kettlebell, box, medecine ball, sled, sandbag, corde, poids du corps;intensif;photo réelle en salle, mouvement visible, matériel visible, fond sombre premium
EX0188;Toes to bar;⚡ HIIT / AMRAP / EMOM;assets/photos/exercises/04_hiit_amrap_emom;EX0188_toes-to-bar.jpg;assets/photos/exercises/04_hiit_amrap_emom/EX0188_toes-to-bar.jpg;barre, haltères, kettlebell, box, medecine ball, sled, sandbag, corde, poids du corps;général;photo réelle en salle, mouvement visible, matériel visible, fond sombre premium
EX0189;Knees to elbows;⚡ HIIT / AMRAP / EMOM;assets/photos/exercises/04_hiit_amrap_emom;EX0189_knees-to-elbows.jpg;assets/photos/exercises/04_hiit_amrap_emom/EX0189_knees-to-elbows.jpg;barre, haltères, kettlebell, box, medecine ball, sled, sandbag, corde, poids du corps;général;photo réelle en salle, mouvement visible, matériel visible, fond sombre premium
EX0190;Walking lunges chargées;⚡ HIIT / AMRAP / EMOM;assets/photos/exercises/04_hiit_amrap_emom;EX0190_walking-lunges-chargees.jpg;assets/photos/exercises/04_hiit_amrap_emom/EX0190_walking-lunges-chargees.jpg;barre, haltères, kettlebell, box, medecine ball, sled, sandbag, corde, poids du corps;jambes;photo réelle en salle, mouvement visible, matériel visible, fond sombre premium
EX0191;Med ball slam;⚡ HIIT / AMRAP / EMOM;assets/photos/exercises/04_hiit_amrap_emom;EX0191_med-ball-slam.jpg;assets/photos/exercises/04_hiit_amrap_emom/EX0191_med-ball-slam.jpg;barre, haltères, kettlebell, box, medecine ball, sled, sandbag, corde, poids du corps;général;photo réelle en salle, mouvement visible, matériel visible, fond sombre premium
EX0192;Man maker;⚡ HIIT / AMRAP / EMOM;assets/photos/exercises/04_hiit_amrap_emom;EX0192_man-maker.jpg;assets/photos/exercises/04_hiit_amrap_emom/EX0192_man-maker.jpg;barre, haltères, kettlebell, box, medecine ball, sled, sandbag, corde, poids du corps;intensif;photo réelle en salle, mouvement visible, matériel visible, fond sombre premium
EX0193;Chipper mix;⚡ HIIT / AMRAP / EMOM;assets/photos/exercises/04_hiit_amrap_emom;EX0193_chipper-mix.jpg;assets/photos/exercises/04_hiit_amrap_emom/EX0193_chipper-mix.jpg;barre, haltères, kettlebell, box, medecine ball, sled, sandbag, corde, poids du corps;général;photo réelle en salle, mouvement visible, matériel visible, fond sombre premium
EX0194;Farmer carry;⚡ HIIT / AMRAP / EMOM;assets/photos/exercises/04_hiit_amrap_emom;EX0194_farmer-carry.jpg;assets/photos/exercises/04_hiit_amrap_emom/EX0194_farmer-carry.jpg;barre, haltères, kettlebell, box, medecine ball, sled, sandbag, corde, poids du corps;intensif;photo réelle en salle, mouvement visible, matériel visible, fond sombre premium
EX0195;Sandbag carry;⚡ HIIT / AMRAP / EMOM;assets/photos/exercises/04_hiit_amrap_emom;EX0195_sandbag-carry.jpg;assets/photos/exercises/04_hiit_amrap_emom/EX0195_sandbag-carry.jpg;barre, haltères, kettlebell, box, medecine ball, sled, sandbag, corde, poids du corps;intensif;photo réelle en salle, mouvement visible, matériel visible, fond sombre premium
EX0196;Sled push;⚡ HIIT / AMRAP / EMOM;assets/photos/exercises/04_hiit_amrap_emom;EX0196_sled-push.jpg;assets/photos/exercises/04_hiit_amrap_emom/EX0196_sled-push.jpg;barre, haltères, kettlebell, box, medecine ball, sled, sandbag, corde, poids du corps;intensif;photo réelle en salle, mouvement visible, matériel visible, fond sombre premium
EX0197;Sled pull;⚡ HIIT / AMRAP / EMOM;assets/photos/exercises/04_hiit_amrap_emom;EX0197_sled-pull.jpg;assets/photos/exercises/04_hiit_amrap_emom/EX0197_sled-pull.jpg;barre, haltères, kettlebell, box, medecine ball, sled, sandbag, corde, poids du corps;intensif;photo réelle en salle, mouvement visible, matériel visible, fond sombre premium
EX0198;Rope climb;⚡ HIIT / AMRAP / EMOM;assets/photos/exercises/04_hiit_amrap_emom;EX0198_rope-climb.jpg;assets/photos/exercises/04_hiit_amrap_emom/EX0198_rope-climb.jpg;barre, haltères, kettlebell, box, medecine ball, sled, sandbag, corde, poids du corps;général;photo réelle en salle, mouvement visible, matériel visible, fond sombre premium
EX0199;Clean and press;⚡ HIIT / AMRAP / EMOM;assets/photos/exercises/04_hiit_amrap_emom;EX0199_clean-and-press.jpg;assets/photos/exercises/04_hiit_amrap_emom/EX0199_clean-and-press.jpg;barre, haltères, kettlebell, box, medecine ball, sled, sandbag, corde, poids du corps;intensif;photo réelle en salle, mouvement visible, matériel visible, fond sombre premium
EX0200;Dumbbell snatch;⚡ HIIT / AMRAP / EMOM;assets/photos/exercises/04_hiit_amrap_emom;EX0200_dumbbell-snatch.jpg;assets/photos/exercises/04_hiit_amrap_emom/EX0200_dumbbell-snatch.jpg;barre, haltères, kettlebell, box, medecine ball, sled, sandbag, corde, poids du corps;intensif;photo réelle en salle, mouvement visible, matériel visible, fond sombre premium
EX0201;Overhead squat;⚡ HIIT / AMRAP / EMOM;assets/photos/exercises/04_hiit_amrap_emom;EX0201_overhead-squat.jpg;assets/photos/exercises/04_hiit_amrap_emom/EX0201_overhead-squat.jpg;barre, haltères, kettlebell, box, medecine ball, sled, sandbag, corde, poids du corps;jambes;photo réelle en salle, mouvement visible, matériel visible, fond sombre premium
EX0202;Push press;⚡ HIIT / AMRAP / EMOM;assets/photos/exercises/04_hiit_amrap_emom;EX0202_push-press.jpg;assets/photos/exercises/04_hiit_amrap_emom/EX0202_push-press.jpg;barre, haltères, kettlebell, box, medecine ball, sled, sandbag, corde, poids du corps;pousser;photo réelle en salle, mouvement visible, matériel visible, fond sombre premium
EX0203;Front rack lunges;⚡ HIIT / AMRAP / EMOM;assets/photos/exercises/04_hiit_amrap_emom;EX0203_front-rack-lunges.jpg;assets/photos/exercises/04_hiit_amrap_emom/EX0203_front-rack-lunges.jpg;barre, haltères, kettlebell, box, medecine ball, sled, sandbag, corde, poids du corps;jambes;photo réelle en salle, mouvement visible, matériel visible, fond sombre premium
EX0204;American swing;⚡ HIIT / AMRAP / EMOM;assets/photos/exercises/04_hiit_amrap_emom;EX0204_american-swing.jpg;assets/photos/exercises/04_hiit_amrap_emom/EX0204_american-swing.jpg;barre, haltères, kettlebell, box, medecine ball, sled, sandbag, corde, poids du corps;général;photo réelle en salle, mouvement visible, matériel visible, fond sombre premium
EX0205;Burpee over bar;⚡ HIIT / AMRAP / EMOM;assets/photos/exercises/04_hiit_amrap_emom;EX0205_burpee-over-bar.jpg;assets/photos/exercises/04_hiit_amrap_emom/EX0205_burpee-over-bar.jpg;barre, haltères, kettlebell, box, medecine ball, sled, sandbag, corde, poids du corps;intensif;photo réelle en salle, mouvement visible, matériel visible, fond sombre premium
EX0206;Renegade row;⚡ HIIT / AMRAP / EMOM;assets/photos/exercises/04_hiit_amrap_emom;EX0206_renegade-row.jpg;assets/photos/exercises/04_hiit_amrap_emom/EX0206_renegade-row.jpg;barre, haltères, kettlebell, box, medecine ball, sled, sandbag, corde, poids du corps;tirer;photo réelle en salle, mouvement visible, matériel visible, fond sombre premium
EX0207;Ring row;⚡ HIIT / AMRAP / EMOM;assets/photos/exercises/04_hiit_amrap_emom;EX0207_ring-row.jpg;assets/photos/exercises/04_hiit_amrap_emom/EX0207_ring-row.jpg;barre, haltères, kettlebell, box, medecine ball, sled, sandbag, corde, poids du corps;tirer;photo réelle en salle, mouvement visible, matériel visible, fond sombre premium
EX0208;Ring dip assisté;⚡ HIIT / AMRAP / EMOM;assets/photos/exercises/04_hiit_amrap_emom;EX0208_ring-dip-assiste.jpg;assets/photos/exercises/04_hiit_amrap_emom/EX0208_ring-dip-assiste.jpg;barre, haltères, kettlebell, box, medecine ball, sled, sandbag, corde, poids du corps;général;photo réelle en salle, mouvement visible, matériel visible, fond sombre premium
EX0209;Hand-release push-up;⚡ HIIT / AMRAP / EMOM;assets/photos/exercises/04_hiit_amrap_emom;EX0209_hand-release-push-up.jpg;assets/photos/exercises/04_hiit_amrap_emom/EX0209_hand-release-push-up.jpg;barre, haltères, kettlebell, box, medecine ball, sled, sandbag, corde, poids du corps;pousser;photo réelle en salle, mouvement visible, matériel visible, fond sombre premium
EX0210;Bear complex;⚡ HIIT / AMRAP / EMOM;assets/photos/exercises/04_hiit_amrap_emom;EX0210_bear-complex.jpg;assets/photos/exercises/04_hiit_amrap_emom/EX0210_bear-complex.jpg;barre, haltères, kettlebell, box, medecine ball, sled, sandbag, corde, poids du corps;général;photo réelle en salle, mouvement visible, matériel visible, fond sombre premium
EX0211;Turkish get-up;⚡ HIIT / AMRAP / EMOM;assets/photos/exercises/04_hiit_amrap_emom;EX0211_turkish-get-up.jpg;assets/photos/exercises/04_hiit_amrap_emom/EX0211_turkish-get-up.jpg;barre, haltères, kettlebell, box, medecine ball, sled, sandbag, corde, poids du corps;général;photo réelle en salle, mouvement visible, matériel visible, fond sombre premium
EX0212;Goblet carry;⚡ HIIT / AMRAP / EMOM;assets/photos/exercises/04_hiit_amrap_emom;EX0212_goblet-carry.jpg;assets/photos/exercises/04_hiit_amrap_emom/EX0212_goblet-carry.jpg;barre, haltères, kettlebell, box, medecine ball, sled, sandbag, corde, poids du corps;intensif;photo réelle en salle, mouvement visible, matériel visible, fond sombre premium
EX0213;Waiter walk;⚡ HIIT / AMRAP / EMOM;assets/photos/exercises/04_hiit_amrap_emom;EX0213_waiter-walk.jpg;assets/photos/exercises/04_hiit_amrap_emom/EX0213_waiter-walk.jpg;barre, haltères, kettlebell, box, medecine ball, sled, sandbag, corde, poids du corps;général;photo réelle en salle, mouvement visible, matériel visible, fond sombre premium
EX0214;Suitcase carry;⚡ HIIT / AMRAP / EMOM;assets/photos/exercises/04_hiit_amrap_emom;EX0214_suitcase-carry.jpg;assets/photos/exercises/04_hiit_amrap_emom/EX0214_suitcase-carry.jpg;barre, haltères, kettlebell, box, medecine ball, sled, sandbag, corde, poids du corps;intensif;photo réelle en salle, mouvement visible, matériel visible, fond sombre premium
EX0215;Kettlebell clean;⚡ HIIT / AMRAP / EMOM;assets/photos/exercises/04_hiit_amrap_emom;EX0215_kettlebell-clean.jpg;assets/photos/exercises/04_hiit_amrap_emom/EX0215_kettlebell-clean.jpg;barre, haltères, kettlebell, box, medecine ball, sled, sandbag, corde, poids du corps;intensif;photo réelle en salle, mouvement visible, matériel visible, fond sombre premium
EX0216;Kettlebell jerk;⚡ HIIT / AMRAP / EMOM;assets/photos/exercises/04_hiit_amrap_emom;EX0216_kettlebell-jerk.jpg;assets/photos/exercises/04_hiit_amrap_emom/EX0216_kettlebell-jerk.jpg;barre, haltères, kettlebell, box, medecine ball, sled, sandbag, corde, poids du corps;général;photo réelle en salle, mouvement visible, matériel visible, fond sombre premium
EX0217;Bar-facing burpee;⚡ HIIT / AMRAP / EMOM;assets/photos/exercises/04_hiit_amrap_emom;EX0217_bar-facing-burpee.jpg;assets/photos/exercises/04_hiit_amrap_emom/EX0217_bar-facing-burpee.jpg;barre, haltères, kettlebell, box, medecine ball, sled, sandbag, corde, poids du corps;intensif;photo réelle en salle, mouvement visible, matériel visible, fond sombre premium
EX0218;Box step-over;⚡ HIIT / AMRAP / EMOM;assets/photos/exercises/04_hiit_amrap_emom;EX0218_box-step-over.jpg;assets/photos/exercises/04_hiit_amrap_emom/EX0218_box-step-over.jpg;barre, haltères, kettlebell, box, medecine ball, sled, sandbag, corde, poids du corps;général;photo réelle en salle, mouvement visible, matériel visible, fond sombre premium
EX0219;Wall walk débutant;⚡ HIIT / AMRAP / EMOM;assets/photos/exercises/04_hiit_amrap_emom;EX0219_wall-walk-debutant.jpg;assets/photos/exercises/04_hiit_amrap_emom/EX0219_wall-walk-debutant.jpg;barre, haltères, kettlebell, box, medecine ball, sled, sandbag, corde, poids du corps;général;photo réelle en salle, mouvement visible, matériel visible, fond sombre premium
EX0220;Hanging knee raise;⚡ HIIT / AMRAP / EMOM;assets/photos/exercises/04_hiit_amrap_emom;EX0220_hanging-knee-raise.jpg;assets/photos/exercises/04_hiit_amrap_emom/EX0220_hanging-knee-raise.jpg;barre, haltères, kettlebell, box, medecine ball, sled, sandbag, corde, poids du corps;général;photo réelle en salle, mouvement visible, matériel visible, fond sombre premium
EX0221;SkiErg;🏃 Cardio;assets/photos/exercises/05_cardio;EX0221_skierg.jpg;assets/photos/exercises/05_cardio/EX0221_skierg.jpg;skierg, rameur, sled, kettlebell, sandbag, medecine ball, cardio;cardio;photo réelle en salle, mouvement visible, matériel visible, fond sombre premium
EX0222;Sled push;🔥 Full body;assets/photos/exercises/03_full_body;EX0222_sled-push.jpg;assets/photos/exercises/03_full_body/EX0222_sled-push.jpg;skierg, rameur, sled, kettlebell, sandbag, medecine ball, cardio;intensif;photo réelle en salle, mouvement visible, matériel visible, fond sombre premium
EX0223;Sled pull;🔥 Full body;assets/photos/exercises/03_full_body;EX0223_sled-pull.jpg;assets/photos/exercises/03_full_body/EX0223_sled-pull.jpg;skierg, rameur, sled, kettlebell, sandbag, medecine ball, cardio;intensif;photo réelle en salle, mouvement visible, matériel visible, fond sombre premium
EX0224;Burpee broad jump;🔥 Full body;assets/photos/exercises/03_full_body;EX0224_burpee-broad-jump.jpg;assets/photos/exercises/03_full_body/EX0224_burpee-broad-jump.jpg;skierg, rameur, sled, kettlebell, sandbag, medecine ball, cardio;intensif;photo réelle en salle, mouvement visible, matériel visible, fond sombre premium
EX0225;RowErg;🏃 Cardio;assets/photos/exercises/05_cardio;EX0225_rowerg.jpg;assets/photos/exercises/05_cardio/EX0225_rowerg.jpg;skierg, rameur, sled, kettlebell, sandbag, medecine ball, cardio;tirer;photo réelle en salle, mouvement visible, matériel visible, fond sombre premium
EX0226;Farmer carry;🔥 Full body;assets/photos/exercises/03_full_body;EX0226_farmer-carry.jpg;assets/photos/exercises/03_full_body/EX0226_farmer-carry.jpg;skierg, rameur, sled, kettlebell, sandbag, medecine ball, cardio;intensif;photo réelle en salle, mouvement visible, matériel visible, fond sombre premium
EX0227;Sandbag lunges;🔥 Full body;assets/photos/exercises/03_full_body;EX0227_sandbag-lunges.jpg;assets/photos/exercises/03_full_body/EX0227_sandbag-lunges.jpg;skierg, rameur, sled, kettlebell, sandbag, medecine ball, cardio;jambes;photo réelle en salle, mouvement visible, matériel visible, fond sombre premium
EX0228;Wall balls;🔥 Full body;assets/photos/exercises/03_full_body;EX0228_wall-balls.jpg;assets/photos/exercises/03_full_body/EX0228_wall-balls.jpg;skierg, rameur, sled, kettlebell, sandbag, medecine ball, cardio;intensif;photo réelle en salle, mouvement visible, matériel visible, fond sombre premium
EX0229;Course 1 km;🏃 Cardio;assets/photos/exercises/05_cardio;EX0229_course-1-km.jpg;assets/photos/exercises/05_cardio/EX0229_course-1-km.jpg;skierg, rameur, sled, kettlebell, sandbag, medecine ball, cardio;cardio;photo réelle en salle, mouvement visible, matériel visible, fond sombre premium
EX0230;Transitions course/atelier;🏃 Cardio;assets/photos/exercises/05_cardio;EX0230_transitions-course-atelier.jpg;assets/photos/exercises/05_cardio/EX0230_transitions-course-atelier.jpg;skierg, rameur, sled, kettlebell, sandbag, medecine ball, cardio;cardio;photo réelle en salle, mouvement visible, matériel visible, fond sombre premium
EX0231;Marche fentes lestées;🔥 Full body;assets/photos/exercises/03_full_body;EX0231_marche-fentes-lestees.jpg;assets/photos/exercises/03_full_body/EX0231_marche-fentes-lestees.jpg;skierg, rameur, sled, kettlebell, sandbag, medecine ball, cardio;jambes;photo réelle en salle, mouvement visible, matériel visible, fond sombre premium
EX0232;Rameur intervalles;🔥 Full body;assets/photos/exercises/03_full_body;EX0232_rameur-intervalles.jpg;assets/photos/exercises/03_full_body/EX0232_rameur-intervalles.jpg;skierg, rameur, sled, kettlebell, sandbag, medecine ball, cardio;cardio;photo réelle en salle, mouvement visible, matériel visible, fond sombre premium
EX0233;SkiErg intervalles;🏃 Cardio;assets/photos/exercises/05_cardio;EX0233_skierg-intervalles.jpg;assets/photos/exercises/05_cardio/EX0233_skierg-intervalles.jpg;skierg, rameur, sled, kettlebell, sandbag, medecine ball, cardio;cardio;photo réelle en salle, mouvement visible, matériel visible, fond sombre premium
EX0234;Compromised running;🏃 Cardio;assets/photos/exercises/05_cardio;EX0234_compromised-running.jpg;assets/photos/exercises/05_cardio/EX0234_compromised-running.jpg;skierg, rameur, sled, kettlebell, sandbag, medecine ball, cardio;cardio;photo réelle en salle, mouvement visible, matériel visible, fond sombre premium
EX0235;Wall ball endurance;🔥 Full body;assets/photos/exercises/03_full_body;EX0235_wall-ball-endurance.jpg;assets/photos/exercises/03_full_body/EX0235_wall-ball-endurance.jpg;skierg, rameur, sled, kettlebell, sandbag, medecine ball, cardio;intensif;photo réelle en salle, mouvement visible, matériel visible, fond sombre premium
EX0236;Sled technique;🔥 Full body;assets/photos/exercises/03_full_body;EX0236_sled-technique.jpg;assets/photos/exercises/03_full_body/EX0236_sled-technique.jpg;skierg, rameur, sled, kettlebell, sandbag, medecine ball, cardio;intensif;photo réelle en salle, mouvement visible, matériel visible, fond sombre premium
EX0237;Farmer carry lourd;🔥 Full body;assets/photos/exercises/03_full_body;EX0237_farmer-carry-lourd.jpg;assets/photos/exercises/03_full_body/EX0237_farmer-carry-lourd.jpg;skierg, rameur, sled, kettlebell, sandbag, medecine ball, cardio;intensif;photo réelle en salle, mouvement visible, matériel visible, fond sombre premium
EX0238;Sandbag step-up;🔥 Full body;assets/photos/exercises/03_full_body;EX0238_sandbag-step-up.jpg;assets/photos/exercises/03_full_body/EX0238_sandbag-step-up.jpg;skierg, rameur, sled, kettlebell, sandbag, medecine ball, cardio;intensif;photo réelle en salle, mouvement visible, matériel visible, fond sombre premium
EX0239;Run 400m pace;🏃 Cardio;assets/photos/exercises/05_cardio;EX0239_run-400m-pace.jpg;assets/photos/exercises/05_cardio/EX0239_run-400m-pace.jpg;skierg, rameur, sled, kettlebell, sandbag, medecine ball, cardio;cardio;photo réelle en salle, mouvement visible, matériel visible, fond sombre premium
EX0240;Run 800m pace;🏃 Cardio;assets/photos/exercises/05_cardio;EX0240_run-800m-pace.jpg;assets/photos/exercises/05_cardio/EX0240_run-800m-pace.jpg;skierg, rameur, sled, kettlebell, sandbag, medecine ball, cardio;cardio;photo réelle en salle, mouvement visible, matériel visible, fond sombre premium
EX0241;Ski technique bras;🏃 Cardio;assets/photos/exercises/05_cardio;EX0241_ski-technique-bras.jpg;assets/photos/exercises/05_cardio/EX0241_ski-technique-bras.jpg;skierg, rameur, sled, kettlebell, sandbag, medecine ball, cardio;général;photo réelle en salle, mouvement visible, matériel visible, fond sombre premium
EX0242;Row technique jambes;🏃 Cardio;assets/photos/exercises/05_cardio;EX0242_row-technique-jambes.jpg;assets/photos/exercises/05_cardio/EX0242_row-technique-jambes.jpg;skierg, rameur, sled, kettlebell, sandbag, medecine ball, cardio;tirer;photo réelle en salle, mouvement visible, matériel visible, fond sombre premium
EX0243;Sled push court lourd;🔥 Full body;assets/photos/exercises/03_full_body;EX0243_sled-push-court-lourd.jpg;assets/photos/exercises/03_full_body/EX0243_sled-push-court-lourd.jpg;skierg, rameur, sled, kettlebell, sandbag, medecine ball, cardio;intensif;photo réelle en salle, mouvement visible, matériel visible, fond sombre premium
EX0244;Sled push long léger;🔥 Full body;assets/photos/exercises/03_full_body;EX0244_sled-push-long-leger.jpg;assets/photos/exercises/03_full_body/EX0244_sled-push-long-leger.jpg;skierg, rameur, sled, kettlebell, sandbag, medecine ball, cardio;intensif;photo réelle en salle, mouvement visible, matériel visible, fond sombre premium
EX0245;Burpee broad jump technique;🔥 Full body;assets/photos/exercises/03_full_body;EX0245_burpee-broad-jump-technique.jpg;assets/photos/exercises/03_full_body/EX0245_burpee-broad-jump-technique.jpg;skierg, rameur, sled, kettlebell, sandbag, medecine ball, cardio;intensif;photo réelle en salle, mouvement visible, matériel visible, fond sombre premium
EX0246;Farmer carry cadence;🔥 Full body;assets/photos/exercises/03_full_body;EX0246_farmer-carry-cadence.jpg;assets/photos/exercises/03_full_body/EX0246_farmer-carry-cadence.jpg;skierg, rameur, sled, kettlebell, sandbag, medecine ball, cardio;intensif;photo réelle en salle, mouvement visible, matériel visible, fond sombre premium
EX0247;Wall ball cadence;🔥 Full body;assets/photos/exercises/03_full_body;EX0247_wall-ball-cadence.jpg;assets/photos/exercises/03_full_body/EX0247_wall-ball-cadence.jpg;skierg, rameur, sled, kettlebell, sandbag, medecine ball, cardio;intensif;photo réelle en salle, mouvement visible, matériel visible, fond sombre premium
EX0248;Lunges tempo;🔥 Full body;assets/photos/exercises/03_full_body;EX0248_lunges-tempo.jpg;assets/photos/exercises/03_full_body/EX0248_lunges-tempo.jpg;skierg, rameur, sled, kettlebell, sandbag, medecine ball, cardio;jambes;photo réelle en salle, mouvement visible, matériel visible, fond sombre premium
EX0249;Simulation demi-Hyrox;🔥 Full body;assets/photos/exercises/03_full_body;EX0249_simulation-demi-hyrox.jpg;assets/photos/exercises/03_full_body/EX0249_simulation-demi-hyrox.jpg;skierg, rameur, sled, kettlebell, sandbag, medecine ball, cardio;général;photo réelle en salle, mouvement visible, matériel visible, fond sombre premium
EX0250;Bloc 3 ateliers;🔥 Full body;assets/photos/exercises/03_full_body;EX0250_bloc-3-ateliers.jpg;assets/photos/exercises/03_full_body/EX0250_bloc-3-ateliers.jpg;skierg, rameur, sled, kettlebell, sandbag, medecine ball, cardio;général;photo réelle en salle, mouvement visible, matériel visible, fond sombre premium
EX0251;Shadow boxing;🥊 Boxe / cardio boxing;assets/photos/exercises/06_boxe_cardio_boxing;EX0251_shadow-boxing.jpg;assets/photos/exercises/06_boxe_cardio_boxing/EX0251_shadow-boxing.jpg;poids du corps, gants, sac de frappe, corde;boxe;photo réelle en salle, mouvement visible, matériel visible, fond sombre premium
EX0252;Travail au sac;🥊 Boxe / cardio boxing;assets/photos/exercises/06_boxe_cardio_boxing;EX0252_travail-au-sac.jpg;assets/photos/exercises/06_boxe_cardio_boxing/EX0252_travail-au-sac.jpg;poids du corps, gants, sac de frappe, corde;boxe;photo réelle en salle, mouvement visible, matériel visible, fond sombre premium
EX0253;Jab cross;🥊 Boxe / cardio boxing;assets/photos/exercises/06_boxe_cardio_boxing;EX0253_jab-cross.jpg;assets/photos/exercises/06_boxe_cardio_boxing/EX0253_jab-cross.jpg;poids du corps, gants, sac de frappe, corde;boxe;photo réelle en salle, mouvement visible, matériel visible, fond sombre premium
EX0254;Combo 1-2-3;🥊 Boxe / cardio boxing;assets/photos/exercises/06_boxe_cardio_boxing;EX0254_combo-1-2-3.jpg;assets/photos/exercises/06_boxe_cardio_boxing/EX0254_combo-1-2-3.jpg;poids du corps, gants, sac de frappe, corde;boxe;photo réelle en salle, mouvement visible, matériel visible, fond sombre premium
EX0255;Esquives rolls;🥊 Boxe / cardio boxing;assets/photos/exercises/06_boxe_cardio_boxing;EX0255_esquives-rolls.jpg;assets/photos/exercises/06_boxe_cardio_boxing/EX0255_esquives-rolls.jpg;poids du corps, gants, sac de frappe, corde;boxe;photo réelle en salle, mouvement visible, matériel visible, fond sombre premium
EX0256;Déplacements boxe;🥊 Boxe / cardio boxing;assets/photos/exercises/06_boxe_cardio_boxing;EX0256_deplacements-boxe.jpg;assets/photos/exercises/06_boxe_cardio_boxing/EX0256_deplacements-boxe.jpg;poids du corps, gants, sac de frappe, corde;boxe;photo réelle en salle, mouvement visible, matériel visible, fond sombre premium
EX0257;Vitesse de bras;🥊 Boxe / cardio boxing;assets/photos/exercises/06_boxe_cardio_boxing;EX0257_vitesse-de-bras.jpg;assets/photos/exercises/06_boxe_cardio_boxing/EX0257_vitesse-de-bras.jpg;poids du corps, gants, sac de frappe, corde;boxe;photo réelle en salle, mouvement visible, matériel visible, fond sombre premium
EX0258;Round puissance;🥊 Boxe / cardio boxing;assets/photos/exercises/06_boxe_cardio_boxing;EX0258_round-puissance.jpg;assets/photos/exercises/06_boxe_cardio_boxing/EX0258_round-puissance.jpg;poids du corps, gants, sac de frappe, corde;boxe;photo réelle en salle, mouvement visible, matériel visible, fond sombre premium
EX0259;Conditioning boxe;🥊 Boxe / cardio boxing;assets/photos/exercises/06_boxe_cardio_boxing;EX0259_conditioning-boxe.jpg;assets/photos/exercises/06_boxe_cardio_boxing/EX0259_conditioning-boxe.jpg;poids du corps, gants, sac de frappe, corde;boxe;photo réelle en salle, mouvement visible, matériel visible, fond sombre premium
EX0260;Corde boxe;🥊 Boxe / cardio boxing;assets/photos/exercises/06_boxe_cardio_boxing;EX0260_corde-boxe.jpg;assets/photos/exercises/06_boxe_cardio_boxing/EX0260_corde-boxe.jpg;poids du corps, gants, sac de frappe, corde;boxe;photo réelle en salle, mouvement visible, matériel visible, fond sombre premium
EX0261;Jab déplacement;🥊 Boxe / cardio boxing;assets/photos/exercises/06_boxe_cardio_boxing;EX0261_jab-deplacement.jpg;assets/photos/exercises/06_boxe_cardio_boxing/EX0261_jab-deplacement.jpg;poids du corps, gants, sac de frappe, corde;boxe;photo réelle en salle, mouvement visible, matériel visible, fond sombre premium
EX0262;Cross puissance;🥊 Boxe / cardio boxing;assets/photos/exercises/06_boxe_cardio_boxing;EX0262_cross-puissance.jpg;assets/photos/exercises/06_boxe_cardio_boxing/EX0262_cross-puissance.jpg;poids du corps, gants, sac de frappe, corde;boxe;photo réelle en salle, mouvement visible, matériel visible, fond sombre premium
EX0263;Uppercut sac;🥊 Boxe / cardio boxing;assets/photos/exercises/06_boxe_cardio_boxing;EX0263_uppercut-sac.jpg;assets/photos/exercises/06_boxe_cardio_boxing/EX0263_uppercut-sac.jpg;poids du corps, gants, sac de frappe, corde;boxe;photo réelle en salle, mouvement visible, matériel visible, fond sombre premium
EX0264;Crochet sac;🥊 Boxe / cardio boxing;assets/photos/exercises/06_boxe_cardio_boxing;EX0264_crochet-sac.jpg;assets/photos/exercises/06_boxe_cardio_boxing/EX0264_crochet-sac.jpg;poids du corps, gants, sac de frappe, corde;boxe;photo réelle en salle, mouvement visible, matériel visible, fond sombre premium
EX0265;Défense active;🥊 Boxe / cardio boxing;assets/photos/exercises/06_boxe_cardio_boxing;EX0265_defense-active.jpg;assets/photos/exercises/06_boxe_cardio_boxing/EX0265_defense-active.jpg;poids du corps, gants, sac de frappe, corde;boxe;photo réelle en salle, mouvement visible, matériel visible, fond sombre premium
EX0266;Appuis rapides;🥊 Boxe / cardio boxing;assets/photos/exercises/06_boxe_cardio_boxing;EX0266_appuis-rapides.jpg;assets/photos/exercises/06_boxe_cardio_boxing/EX0266_appuis-rapides.jpg;poids du corps, gants, sac de frappe, corde;boxe;photo réelle en salle, mouvement visible, matériel visible, fond sombre premium
EX0267;Round cardio boxing;🥊 Boxe / cardio boxing;assets/photos/exercises/06_boxe_cardio_boxing;EX0267_round-cardio-boxing.jpg;assets/photos/exercises/06_boxe_cardio_boxing/EX0267_round-cardio-boxing.jpg;poids du corps, gants, sac de frappe, corde;boxe;photo réelle en salle, mouvement visible, matériel visible, fond sombre premium
EX0268;Sac endurance;🥊 Boxe / cardio boxing;assets/photos/exercises/06_boxe_cardio_boxing;EX0268_sac-endurance.jpg;assets/photos/exercises/06_boxe_cardio_boxing/EX0268_sac-endurance.jpg;poids du corps, gants, sac de frappe, corde;boxe;photo réelle en salle, mouvement visible, matériel visible, fond sombre premium
EX0269;Sac explosif;🥊 Boxe / cardio boxing;assets/photos/exercises/06_boxe_cardio_boxing;EX0269_sac-explosif.jpg;assets/photos/exercises/06_boxe_cardio_boxing/EX0269_sac-explosif.jpg;poids du corps, gants, sac de frappe, corde;boxe;photo réelle en salle, mouvement visible, matériel visible, fond sombre premium
EX0270;Shadow défense;🥊 Boxe / cardio boxing;assets/photos/exercises/06_boxe_cardio_boxing;EX0270_shadow-defense.jpg;assets/photos/exercises/06_boxe_cardio_boxing/EX0270_shadow-defense.jpg;poids du corps, gants, sac de frappe, corde;boxe;photo réelle en salle, mouvement visible, matériel visible, fond sombre premium
EX0271;Double jab;🥊 Boxe / cardio boxing;assets/photos/exercises/06_boxe_cardio_boxing;EX0271_double-jab.jpg;assets/photos/exercises/06_boxe_cardio_boxing/EX0271_double-jab.jpg;poids du corps, gants, sac de frappe, corde;boxe;photo réelle en salle, mouvement visible, matériel visible, fond sombre premium
EX0272;Contre-attaque sac;🥊 Boxe / cardio boxing;assets/photos/exercises/06_boxe_cardio_boxing;EX0272_contre-attaque-sac.jpg;assets/photos/exercises/06_boxe_cardio_boxing/EX0272_contre-attaque-sac.jpg;poids du corps, gants, sac de frappe, corde;boxe;photo réelle en salle, mouvement visible, matériel visible, fond sombre premium
EX0273;Footwork cercle;🥊 Boxe / cardio boxing;assets/photos/exercises/06_boxe_cardio_boxing;EX0273_footwork-cercle.jpg;assets/photos/exercises/06_boxe_cardio_boxing/EX0273_footwork-cercle.jpg;poids du corps, gants, sac de frappe, corde;boxe;photo réelle en salle, mouvement visible, matériel visible, fond sombre premium
EX0274;Round mental;🥊 Boxe / cardio boxing;assets/photos/exercises/06_boxe_cardio_boxing;EX0274_round-mental.jpg;assets/photos/exercises/06_boxe_cardio_boxing/EX0274_round-mental.jpg;poids du corps, gants, sac de frappe, corde;boxe;photo réelle en salle, mouvement visible, matériel visible, fond sombre premium
EX0275;Jab au corps;🥊 Boxe / cardio boxing;assets/photos/exercises/06_boxe_cardio_boxing;EX0275_jab-au-corps.jpg;assets/photos/exercises/06_boxe_cardio_boxing/EX0275_jab-au-corps.jpg;poids du corps, gants, sac de frappe, corde;boxe;photo réelle en salle, mouvement visible, matériel visible, fond sombre premium
EX0276;Feinte jab;🥊 Boxe / cardio boxing;assets/photos/exercises/06_boxe_cardio_boxing;EX0276_feinte-jab.jpg;assets/photos/exercises/06_boxe_cardio_boxing/EX0276_feinte-jab.jpg;poids du corps, gants, sac de frappe, corde;boxe;photo réelle en salle, mouvement visible, matériel visible, fond sombre premium
EX0277;Pivot après cross;🥊 Boxe / cardio boxing;assets/photos/exercises/06_boxe_cardio_boxing;EX0277_pivot-apres-cross.jpg;assets/photos/exercises/06_boxe_cardio_boxing/EX0277_pivot-apres-cross.jpg;poids du corps, gants, sac de frappe, corde;boxe;photo réelle en salle, mouvement visible, matériel visible, fond sombre premium
EX0278;Slip gauche droite;🥊 Boxe / cardio boxing;assets/photos/exercises/06_boxe_cardio_boxing;EX0278_slip-gauche-droite.jpg;assets/photos/exercises/06_boxe_cardio_boxing/EX0278_slip-gauche-droite.jpg;poids du corps, gants, sac de frappe, corde;boxe;photo réelle en salle, mouvement visible, matériel visible, fond sombre premium
EX0279;Blocage garde haute;🥊 Boxe / cardio boxing;assets/photos/exercises/06_boxe_cardio_boxing;EX0279_blocage-garde-haute.jpg;assets/photos/exercises/06_boxe_cardio_boxing/EX0279_blocage-garde-haute.jpg;poids du corps, gants, sac de frappe, corde;boxe;photo réelle en salle, mouvement visible, matériel visible, fond sombre premium
EX0280;Pas chassés rapides;🥊 Boxe / cardio boxing;assets/photos/exercises/06_boxe_cardio_boxing;EX0280_pas-chasses-rapides.jpg;assets/photos/exercises/06_boxe_cardio_boxing/EX0280_pas-chasses-rapides.jpg;poids du corps, gants, sac de frappe, corde;boxe;photo réelle en salle, mouvement visible, matériel visible, fond sombre premium
EX0281;Shadow léger débutant;🥊 Boxe / cardio boxing;assets/photos/exercises/06_boxe_cardio_boxing;EX0281_shadow-leger-debutant.jpg;assets/photos/exercises/06_boxe_cardio_boxing/EX0281_shadow-leger-debutant.jpg;poids du corps, gants, sac de frappe, corde;boxe;photo réelle en salle, mouvement visible, matériel visible, fond sombre premium
EX0282;Sac précision;🥊 Boxe / cardio boxing;assets/photos/exercises/06_boxe_cardio_boxing;EX0282_sac-precision.jpg;assets/photos/exercises/06_boxe_cardio_boxing/EX0282_sac-precision.jpg;poids du corps, gants, sac de frappe, corde;boxe;photo réelle en salle, mouvement visible, matériel visible, fond sombre premium
EX0283;Sac puissance 10s;🥊 Boxe / cardio boxing;assets/photos/exercises/06_boxe_cardio_boxing;EX0283_sac-puissance-10s.jpg;assets/photos/exercises/06_boxe_cardio_boxing/EX0283_sac-puissance-10s.jpg;poids du corps, gants, sac de frappe, corde;boxe;photo réelle en salle, mouvement visible, matériel visible, fond sombre premium
EX0284;Corde alternée;🥊 Boxe / cardio boxing;assets/photos/exercises/06_boxe_cardio_boxing;EX0284_corde-alternee.jpg;assets/photos/exercises/06_boxe_cardio_boxing/EX0284_corde-alternee.jpg;poids du corps, gants, sac de frappe, corde;boxe;photo réelle en salle, mouvement visible, matériel visible, fond sombre premium
EX0285;Corde boxeur;🥊 Boxe / cardio boxing;assets/photos/exercises/06_boxe_cardio_boxing;EX0285_corde-boxeur.jpg;assets/photos/exercises/06_boxe_cardio_boxing/EX0285_corde-boxeur.jpg;poids du corps, gants, sac de frappe, corde;boxe;photo réelle en salle, mouvement visible, matériel visible, fond sombre premium
EX0286;Shadow avec élastique;🥊 Boxe / cardio boxing;assets/photos/exercises/06_boxe_cardio_boxing;EX0286_shadow-avec-elastique.jpg;assets/photos/exercises/06_boxe_cardio_boxing/EX0286_shadow-avec-elastique.jpg;poids du corps, gants, sac de frappe, corde;boxe;photo réelle en salle, mouvement visible, matériel visible, fond sombre premium
EX0287;Combo 1-2-low kick fictif;🥊 Boxe / cardio boxing;assets/photos/exercises/06_boxe_cardio_boxing;EX0287_combo-1-2-low-kick-fictif.jpg;assets/photos/exercises/06_boxe_cardio_boxing/EX0287_combo-1-2-low-kick-fictif.jpg;poids du corps, gants, sac de frappe, corde;boxe;photo réelle en salle, mouvement visible, matériel visible, fond sombre premium
EX0288;Round esquive + remise;🥊 Boxe / cardio boxing;assets/photos/exercises/06_boxe_cardio_boxing;EX0288_round-esquive-remise.jpg;assets/photos/exercises/06_boxe_cardio_boxing/EX0288_round-esquive-remise.jpg;poids du corps, gants, sac de frappe, corde;boxe;photo réelle en salle, mouvement visible, matériel visible, fond sombre premium
EX0289;Circuit boxe gainage;🧱 Abdos;assets/photos/exercises/07_abdos_core_caf;EX0289_circuit-boxe-gainage.jpg;assets/photos/exercises/07_abdos_core_caf/EX0289_circuit-boxe-gainage.jpg;poids du corps, gants, sac de frappe, corde;boxe;photo réelle en salle, mouvement visible, matériel visible, fond sombre premium
EX0290;Côte courte explosive;🏃 Cardio;assets/photos/exercises/05_cardio;EX0290_cote-courte-explosive.jpg;assets/photos/exercises/05_cardio/EX0290_cote-courte-explosive.jpg;extérieur, escaliers, poids du corps;cardio;photo réelle en salle, mouvement visible, matériel visible, fond sombre premium
EX0291;Côte longue endurance;🏃 Cardio;assets/photos/exercises/05_cardio;EX0291_cote-longue-endurance.jpg;assets/photos/exercises/05_cardio/EX0291_cote-longue-endurance.jpg;extérieur, escaliers, poids du corps;cardio;photo réelle en salle, mouvement visible, matériel visible, fond sombre premium
EX0292;Descente technique;🏃 Cardio;assets/photos/exercises/05_cardio;EX0292_descente-technique.jpg;assets/photos/exercises/05_cardio/EX0292_descente-technique.jpg;extérieur, escaliers, poids du corps;général;photo réelle en salle, mouvement visible, matériel visible, fond sombre premium
EX0293;Fartlek trail;🏃 Cardio;assets/photos/exercises/05_cardio;EX0293_fartlek-trail.jpg;assets/photos/exercises/05_cardio/EX0293_fartlek-trail.jpg;extérieur, escaliers, poids du corps;cardio;photo réelle en salle, mouvement visible, matériel visible, fond sombre premium
EX0294;Marche active dénivelé;🏃 Cardio;assets/photos/exercises/05_cardio;EX0294_marche-active-denivele.jpg;assets/photos/exercises/05_cardio/EX0294_marche-active-denivele.jpg;extérieur, escaliers, poids du corps;général;photo réelle en salle, mouvement visible, matériel visible, fond sombre premium
EX0295;Renfo chevilles;🏃 Cardio;assets/photos/exercises/05_cardio;EX0295_renfo-chevilles.jpg;assets/photos/exercises/05_cardio/EX0295_renfo-chevilles.jpg;extérieur, escaliers, poids du corps;général;photo réelle en salle, mouvement visible, matériel visible, fond sombre premium
EX0296;Gainage trail;🧱 Abdos;assets/photos/exercises/07_abdos_core_caf;EX0296_gainage-trail.jpg;assets/photos/exercises/07_abdos_core_caf/EX0296_gainage-trail.jpg;extérieur, escaliers, poids du corps;cardio;photo réelle en salle, mouvement visible, matériel visible, fond sombre premium
EX0297;Sortie endurance fondamentale;🏃 Cardio;assets/photos/exercises/05_cardio;EX0297_sortie-endurance-fondamentale.jpg;assets/photos/exercises/05_cardio/EX0297_sortie-endurance-fondamentale.jpg;extérieur, escaliers, poids du corps;général;photo réelle en salle, mouvement visible, matériel visible, fond sombre premium
EX0298;Sortie tempo;🏃 Cardio;assets/photos/exercises/05_cardio;EX0298_sortie-tempo.jpg;assets/photos/exercises/05_cardio/EX0298_sortie-tempo.jpg;extérieur, escaliers, poids du corps;général;photo réelle en salle, mouvement visible, matériel visible, fond sombre premium
EX0299;Intervalles nature;🏃 Cardio;assets/photos/exercises/05_cardio;EX0299_intervalles-nature.jpg;assets/photos/exercises/05_cardio/EX0299_intervalles-nature.jpg;extérieur, escaliers, poids du corps;général;photo réelle en salle, mouvement visible, matériel visible, fond sombre premium
EX0300;Proprioception cheville;🏃 Cardio;assets/photos/exercises/05_cardio;EX0300_proprioception-cheville.jpg;assets/photos/exercises/05_cardio/EX0300_proprioception-cheville.jpg;extérieur, escaliers, poids du corps;général;photo réelle en salle, mouvement visible, matériel visible, fond sombre premium
EX0301;Montées d’escaliers;🏃 Cardio;assets/photos/exercises/05_cardio;EX0301_montees-d-escaliers.jpg;assets/photos/exercises/05_cardio/EX0301_montees-d-escaliers.jpg;extérieur, escaliers, poids du corps;général;photo réelle en salle, mouvement visible, matériel visible, fond sombre premium
EX0302;Descente contrôlée;🏃 Cardio;assets/photos/exercises/05_cardio;EX0302_descente-controlee.jpg;assets/photos/exercises/05_cardio/EX0302_descente-controlee.jpg;extérieur, escaliers, poids du corps;général;photo réelle en salle, mouvement visible, matériel visible, fond sombre premium
EX0303;Sortie vallonnée;🏃 Cardio;assets/photos/exercises/05_cardio;EX0303_sortie-vallonnee.jpg;assets/photos/exercises/05_cardio/EX0303_sortie-vallonnee.jpg;extérieur, escaliers, poids du corps;général;photo réelle en salle, mouvement visible, matériel visible, fond sombre premium
EX0304;Bloc seuil trail;🏃 Cardio;assets/photos/exercises/05_cardio;EX0304_bloc-seuil-trail.jpg;assets/photos/exercises/05_cardio/EX0304_bloc-seuil-trail.jpg;extérieur, escaliers, poids du corps;cardio;photo réelle en salle, mouvement visible, matériel visible, fond sombre premium
EX0305;Marche rapide pente;🏃 Cardio;assets/photos/exercises/05_cardio;EX0305_marche-rapide-pente.jpg;assets/photos/exercises/05_cardio/EX0305_marche-rapide-pente.jpg;extérieur, escaliers, poids du corps;général;photo réelle en salle, mouvement visible, matériel visible, fond sombre premium
EX0306;Montée genoux pente;🏃 Cardio;assets/photos/exercises/05_cardio;EX0306_montee-genoux-pente.jpg;assets/photos/exercises/05_cardio/EX0306_montee-genoux-pente.jpg;extérieur, escaliers, poids du corps;général;photo réelle en salle, mouvement visible, matériel visible, fond sombre premium
EX0307;Sauts latéraux cheville;🏃 Cardio;assets/photos/exercises/05_cardio;EX0307_sauts-lateraux-cheville.jpg;assets/photos/exercises/05_cardio/EX0307_sauts-lateraux-cheville.jpg;extérieur, escaliers, poids du corps;intensif;photo réelle en salle, mouvement visible, matériel visible, fond sombre premium
EX0308;Escaliers tempo;🏃 Cardio;assets/photos/exercises/05_cardio;EX0308_escaliers-tempo.jpg;assets/photos/exercises/05_cardio/EX0308_escaliers-tempo.jpg;extérieur, escaliers, poids du corps;général;photo réelle en salle, mouvement visible, matériel visible, fond sombre premium
EX0309;Renfo bâtons;🏃 Cardio;assets/photos/exercises/05_cardio;EX0309_renfo-batons.jpg;assets/photos/exercises/05_cardio/EX0309_renfo-batons.jpg;extérieur, escaliers, poids du corps;général;photo réelle en salle, mouvement visible, matériel visible, fond sombre premium
EX0310;Côte 30/30;🏃 Cardio;assets/photos/exercises/05_cardio;EX0310_cote-30-30.jpg;assets/photos/exercises/05_cardio/EX0310_cote-30-30.jpg;extérieur, escaliers, poids du corps;cardio;photo réelle en salle, mouvement visible, matériel visible, fond sombre premium
EX0311;Côte 1 minute;🏃 Cardio;assets/photos/exercises/05_cardio;EX0311_cote-1-minute.jpg;assets/photos/exercises/05_cardio/EX0311_cote-1-minute.jpg;extérieur, escaliers, poids du corps;cardio;photo réelle en salle, mouvement visible, matériel visible, fond sombre premium
EX0312;Rando-course;🏃 Cardio;assets/photos/exercises/05_cardio;EX0312_rando-course.jpg;assets/photos/exercises/05_cardio/EX0312_rando-course.jpg;extérieur, escaliers, poids du corps;cardio;photo réelle en salle, mouvement visible, matériel visible, fond sombre premium
EX0313;Sortie récupération;🏃 Cardio;assets/photos/exercises/05_cardio;EX0313_sortie-recuperation.jpg;assets/photos/exercises/05_cardio/EX0313_sortie-recuperation.jpg;extérieur, escaliers, poids du corps;général;photo réelle en salle, mouvement visible, matériel visible, fond sombre premium
EX0314;Technique pose de pied;🏃 Cardio;assets/photos/exercises/05_cardio;EX0314_technique-pose-de-pied.jpg;assets/photos/exercises/05_cardio/EX0314_technique-pose-de-pied.jpg;extérieur, escaliers, poids du corps;général;photo réelle en salle, mouvement visible, matériel visible, fond sombre premium
EX0315;Single track tempo;🏃 Cardio;assets/photos/exercises/05_cardio;EX0315_single-track-tempo.jpg;assets/photos/exercises/05_cardio/EX0315_single-track-tempo.jpg;extérieur, escaliers, poids du corps;général;photo réelle en salle, mouvement visible, matériel visible, fond sombre premium
EX0316;Descente cadence;🏃 Cardio;assets/photos/exercises/05_cardio;EX0316_descente-cadence.jpg;assets/photos/exercises/05_cardio/EX0316_descente-cadence.jpg;extérieur, escaliers, poids du corps;général;photo réelle en salle, mouvement visible, matériel visible, fond sombre premium
EX0317;Montée puissance mains genoux;🏃 Cardio;assets/photos/exercises/05_cardio;EX0317_montee-puissance-mains-genoux.jpg;assets/photos/exercises/05_cardio/EX0317_montee-puissance-mains-genoux.jpg;extérieur, escaliers, poids du corps;général;photo réelle en salle, mouvement visible, matériel visible, fond sombre premium
EX0318;Gainage anti-rotation trail;🧱 Abdos;assets/photos/exercises/07_abdos_core_caf;EX0318_gainage-anti-rotation-trail.jpg;assets/photos/exercises/07_abdos_core_caf/EX0318_gainage-anti-rotation-trail.jpg;extérieur, escaliers, poids du corps;cardio;photo réelle en salle, mouvement visible, matériel visible, fond sombre premium
EX0319;Circuit proprioception;🏃 Cardio;assets/photos/exercises/05_cardio;EX0319_circuit-proprioception.jpg;assets/photos/exercises/05_cardio/EX0319_circuit-proprioception.jpg;extérieur, escaliers, poids du corps;général;photo réelle en salle, mouvement visible, matériel visible, fond sombre premium
EX0320;Squat poids du corps;🔥 Full body;assets/photos/exercises/03_full_body;EX0320_squat-poids-du-corps.jpg;assets/photos/exercises/03_full_body/EX0320_squat-poids-du-corps.jpg;poids du corps, élastique, haltères;jambes;photo réelle en salle, mouvement visible, matériel visible, fond sombre premium
EX0321;Pompes genoux;🔥 Full body;assets/photos/exercises/03_full_body;EX0321_pompes-genoux.jpg;assets/photos/exercises/03_full_body/EX0321_pompes-genoux.jpg;poids du corps, élastique, haltères;pousser;photo réelle en salle, mouvement visible, matériel visible, fond sombre premium
EX0322;Gainage genoux;🧱 Abdos;assets/photos/exercises/07_abdos_core_caf;EX0322_gainage-genoux.jpg;assets/photos/exercises/07_abdos_core_caf/EX0322_gainage-genoux.jpg;poids du corps, élastique, haltères;abdos / gainage;photo réelle en salle, mouvement visible, matériel visible, fond sombre premium
EX0323;Fentes assistées;🔥 Full body;assets/photos/exercises/03_full_body;EX0323_fentes-assistees.jpg;assets/photos/exercises/03_full_body/EX0323_fentes-assistees.jpg;poids du corps, élastique, haltères;jambes;photo réelle en salle, mouvement visible, matériel visible, fond sombre premium
EX0324;Pont fessier;🍑 Cuisses · Abdos · Fessiers;assets/photos/exercises/09_general;EX0324_pont-fessier.jpg;assets/photos/exercises/09_general/EX0324_pont-fessier.jpg;poids du corps, élastique, haltères;dos / hanches;photo réelle en salle, mouvement visible, matériel visible, fond sombre premium
EX0325;Bird dog;🔥 Full body;assets/photos/exercises/03_full_body;EX0325_bird-dog.jpg;assets/photos/exercises/03_full_body/EX0325_bird-dog.jpg;poids du corps, élastique, haltères;général;photo réelle en salle, mouvement visible, matériel visible, fond sombre premium
EX0326;Dead bug;🧱 Abdos;assets/photos/exercises/09_general;EX0326_dead-bug.jpg;assets/photos/exercises/09_general/EX0326_dead-bug.jpg;poids du corps, élastique, haltères;abdos / gainage;photo réelle en salle, mouvement visible, matériel visible, fond sombre premium
EX0327;Step touch cardio;🔥 Full body;assets/photos/exercises/03_full_body;EX0327_step-touch-cardio.jpg;assets/photos/exercises/03_full_body/EX0327_step-touch-cardio.jpg;poids du corps, élastique, haltères;général;photo réelle en salle, mouvement visible, matériel visible, fond sombre premium
EX0328;Good morning poids du corps;🔥 Full body;assets/photos/exercises/03_full_body;EX0328_good-morning-poids-du-corps.jpg;assets/photos/exercises/03_full_body/EX0328_good-morning-poids-du-corps.jpg;poids du corps, élastique, haltères;dos / hanches;photo réelle en salle, mouvement visible, matériel visible, fond sombre premium
EX0329;Rowing élastique;🔥 Full body;assets/photos/exercises/03_full_body;EX0329_rowing-elastique.jpg;assets/photos/exercises/03_full_body/EX0329_rowing-elastique.jpg;poids du corps, élastique, haltères;tirer;photo réelle en salle, mouvement visible, matériel visible, fond sombre premium
EX0330;Développé élastique;🔥 Full body;assets/photos/exercises/03_full_body;EX0330_developpe-elastique.jpg;assets/photos/exercises/03_full_body/EX0330_developpe-elastique.jpg;poids du corps, élastique, haltères;général;photo réelle en salle, mouvement visible, matériel visible, fond sombre premium
EX0331;Circuit full body doux;🔥 Full body;assets/photos/exercises/03_full_body;EX0331_circuit-full-body-doux.jpg;assets/photos/exercises/03_full_body/EX0331_circuit-full-body-doux.jpg;poids du corps, élastique, haltères;général;photo réelle en salle, mouvement visible, matériel visible, fond sombre premium
EX0332;Circuit bas du corps;🔥 Full body;assets/photos/exercises/03_full_body;EX0332_circuit-bas-du-corps.jpg;assets/photos/exercises/03_full_body/EX0332_circuit-bas-du-corps.jpg;poids du corps, élastique, haltères;général;photo réelle en salle, mouvement visible, matériel visible, fond sombre premium
EX0333;Circuit haut du corps;🔥 Full body;assets/photos/exercises/03_full_body;EX0333_circuit-haut-du-corps.jpg;assets/photos/exercises/03_full_body/EX0333_circuit-haut-du-corps.jpg;poids du corps, élastique, haltères;général;photo réelle en salle, mouvement visible, matériel visible, fond sombre premium
EX0334;Circuit abdos;🔥 Full body;assets/photos/exercises/03_full_body;EX0334_circuit-abdos.jpg;assets/photos/exercises/03_full_body/EX0334_circuit-abdos.jpg;poids du corps, élastique, haltères;général;photo réelle en salle, mouvement visible, matériel visible, fond sombre premium
EX0335;Sit to stand;🔥 Full body;assets/photos/exercises/03_full_body;EX0335_sit-to-stand.jpg;assets/photos/exercises/03_full_body/EX0335_sit-to-stand.jpg;poids du corps, élastique, haltères;général;photo réelle en salle, mouvement visible, matériel visible, fond sombre premium
EX0336;Wall push-up;🔥 Full body;assets/photos/exercises/03_full_body;EX0336_wall-push-up.jpg;assets/photos/exercises/03_full_body/EX0336_wall-push-up.jpg;poids du corps, élastique, haltères;pousser;photo réelle en salle, mouvement visible, matériel visible, fond sombre premium
EX0337;Planche inclinée;🔥 Full body;assets/photos/exercises/03_full_body;EX0337_planche-inclinee.jpg;assets/photos/exercises/03_full_body/EX0337_planche-inclinee.jpg;poids du corps, élastique, haltères;pousser;photo réelle en salle, mouvement visible, matériel visible, fond sombre premium
EX0338;Tirage serviette;🔥 Full body;assets/photos/exercises/03_full_body;EX0338_tirage-serviette.jpg;assets/photos/exercises/03_full_body/EX0338_tirage-serviette.jpg;poids du corps, élastique, haltères;général;photo réelle en salle, mouvement visible, matériel visible, fond sombre premium
EX0339;Squat chaise;🔥 Full body;assets/photos/exercises/03_full_body;EX0339_squat-chaise.jpg;assets/photos/exercises/03_full_body/EX0339_squat-chaise.jpg;poids du corps, élastique, haltères;jambes;photo réelle en salle, mouvement visible, matériel visible, fond sombre premium
EX0340;Fente statique;🔥 Full body;assets/photos/exercises/03_full_body;EX0340_fente-statique.jpg;assets/photos/exercises/03_full_body/EX0340_fente-statique.jpg;poids du corps, élastique, haltères;jambes;photo réelle en salle, mouvement visible, matériel visible, fond sombre premium
EX0341;Élévation bras élastique;🔥 Full body;assets/photos/exercises/03_full_body;EX0341_elevation-bras-elastique.jpg;assets/photos/exercises/03_full_body/EX0341_elevation-bras-elastique.jpg;poids du corps, élastique, haltères;général;photo réelle en salle, mouvement visible, matériel visible, fond sombre premium
EX0342;Marche ours douce;🔥 Full body;assets/photos/exercises/03_full_body;EX0342_marche-ours-douce.jpg;assets/photos/exercises/03_full_body/EX0342_marche-ours-douce.jpg;poids du corps, élastique, haltères;général;photo réelle en salle, mouvement visible, matériel visible, fond sombre premium
EX0343;Planche murale;🔥 Full body;assets/photos/exercises/03_full_body;EX0343_planche-murale.jpg;assets/photos/exercises/03_full_body/EX0343_planche-murale.jpg;poids du corps, élastique, haltères;abdos / gainage;photo réelle en salle, mouvement visible, matériel visible, fond sombre premium
EX0344;Abduction élastique;🍑 Cuisses · Abdos · Fessiers;assets/photos/exercises/09_general;EX0344_abduction-elastique.jpg;assets/photos/exercises/09_general/EX0344_abduction-elastique.jpg;poids du corps, élastique, haltères;général;photo réelle en salle, mouvement visible, matériel visible, fond sombre premium
EX0345;Extension hanche debout;🔥 Full body;assets/photos/exercises/03_full_body;EX0345_extension-hanche-debout.jpg;assets/photos/exercises/03_full_body/EX0345_extension-hanche-debout.jpg;poids du corps, élastique, haltères;général;photo réelle en salle, mouvement visible, matériel visible, fond sombre premium
EX0346;Crunch débutant;🧱 Abdos;assets/photos/exercises/09_general;EX0346_crunch-debutant.jpg;assets/photos/exercises/09_general/EX0346_crunch-debutant.jpg;poids du corps, élastique, haltères;cardio;photo réelle en salle, mouvement visible, matériel visible, fond sombre premium
EX0347;Superman léger;🔥 Full body;assets/photos/exercises/03_full_body;EX0347_superman-leger.jpg;assets/photos/exercises/03_full_body/EX0347_superman-leger.jpg;poids du corps, élastique, haltères;général;photo réelle en salle, mouvement visible, matériel visible, fond sombre premium
EX0348;Squat sumo poids corps;🔥 Full body;assets/photos/exercises/03_full_body;EX0348_squat-sumo-poids-corps.jpg;assets/photos/exercises/03_full_body/EX0348_squat-sumo-poids-corps.jpg;poids du corps, élastique, haltères;jambes;photo réelle en salle, mouvement visible, matériel visible, fond sombre premium
EX0349;Circuit mobilité active;🔥 Full body;assets/photos/exercises/03_full_body;EX0349_circuit-mobilite-active.jpg;assets/photos/exercises/03_full_body/EX0349_circuit-mobilite-active.jpg;poids du corps, élastique, haltères;mobilité;photo réelle en salle, mouvement visible, matériel visible, fond sombre premium
EX0350;Jumping jacks;⚡ HIIT / AMRAP / EMOM;assets/photos/exercises/04_hiit_amrap_emom;EX0350_jumping-jacks.jpg;assets/photos/exercises/04_hiit_amrap_emom/EX0350_jumping-jacks.jpg;poids du corps, cardio, rameur, bike, corde, battle rope;intensif;photo réelle en salle, mouvement visible, matériel visible, fond sombre premium
EX0351;Burpees;⚡ HIIT / AMRAP / EMOM;assets/photos/exercises/04_hiit_amrap_emom;EX0351_burpees.jpg;assets/photos/exercises/04_hiit_amrap_emom/EX0351_burpees.jpg;poids du corps, cardio, rameur, bike, corde, battle rope;intensif;photo réelle en salle, mouvement visible, matériel visible, fond sombre premium
EX0352;Mountain climbers;⚡ HIIT / AMRAP / EMOM;assets/photos/exercises/04_hiit_amrap_emom;EX0352_mountain-climbers.jpg;assets/photos/exercises/04_hiit_amrap_emom/EX0352_mountain-climbers.jpg;poids du corps, cardio, rameur, bike, corde, battle rope;général;photo réelle en salle, mouvement visible, matériel visible, fond sombre premium
EX0353;Montées de genoux;⚡ HIIT / AMRAP / EMOM;assets/photos/exercises/04_hiit_amrap_emom;EX0353_montees-de-genoux.jpg;assets/photos/exercises/04_hiit_amrap_emom/EX0353_montees-de-genoux.jpg;poids du corps, cardio, rameur, bike, corde, battle rope;général;photo réelle en salle, mouvement visible, matériel visible, fond sombre premium
EX0354;Skater jumps;⚡ HIIT / AMRAP / EMOM;assets/photos/exercises/04_hiit_amrap_emom;EX0354_skater-jumps.jpg;assets/photos/exercises/04_hiit_amrap_emom/EX0354_skater-jumps.jpg;poids du corps, cardio, rameur, bike, corde, battle rope;intensif;photo réelle en salle, mouvement visible, matériel visible, fond sombre premium
EX0355;Rameur;⚡ HIIT / AMRAP / EMOM;assets/photos/exercises/04_hiit_amrap_emom;EX0355_rameur.jpg;assets/photos/exercises/04_hiit_amrap_emom/EX0355_rameur.jpg;poids du corps, cardio, rameur, bike, corde, battle rope;cardio;photo réelle en salle, mouvement visible, matériel visible, fond sombre premium
EX0356;Bike;⚡ HIIT / AMRAP / EMOM;assets/photos/exercises/04_hiit_amrap_emom;EX0356_bike.jpg;assets/photos/exercises/04_hiit_amrap_emom/EX0356_bike.jpg;poids du corps, cardio, rameur, bike, corde, battle rope;cardio;photo réelle en salle, mouvement visible, matériel visible, fond sombre premium
EX0357;Assault bike;⚡ HIIT / AMRAP / EMOM;assets/photos/exercises/04_hiit_amrap_emom;EX0357_assault-bike.jpg;assets/photos/exercises/04_hiit_amrap_emom/EX0357_assault-bike.jpg;poids du corps, cardio, rameur, bike, corde, battle rope;cardio;photo réelle en salle, mouvement visible, matériel visible, fond sombre premium
EX0358;Course tapis;⚡ HIIT / AMRAP / EMOM;assets/photos/exercises/04_hiit_amrap_emom;EX0358_course-tapis.jpg;assets/photos/exercises/04_hiit_amrap_emom/EX0358_course-tapis.jpg;poids du corps, cardio, rameur, bike, corde, battle rope;cardio;photo réelle en salle, mouvement visible, matériel visible, fond sombre premium
EX0359;Battle rope;⚡ HIIT / AMRAP / EMOM;assets/photos/exercises/04_hiit_amrap_emom;EX0359_battle-rope.jpg;assets/photos/exercises/04_hiit_amrap_emom/EX0359_battle-rope.jpg;poids du corps, cardio, rameur, bike, corde, battle rope;général;photo réelle en salle, mouvement visible, matériel visible, fond sombre premium
EX0360;Sprint 20s;⚡ HIIT / AMRAP / EMOM;assets/photos/exercises/04_hiit_amrap_emom;EX0360_sprint-20s.jpg;assets/photos/exercises/04_hiit_amrap_emom/EX0360_sprint-20s.jpg;poids du corps, cardio, rameur, bike, corde, battle rope;cardio;photo réelle en salle, mouvement visible, matériel visible, fond sombre premium
EX0361;Corde à sauter;⚡ HIIT / AMRAP / EMOM;assets/photos/exercises/04_hiit_amrap_emom;EX0361_corde-a-sauter.jpg;assets/photos/exercises/04_hiit_amrap_emom/EX0361_corde-a-sauter.jpg;poids du corps, cardio, rameur, bike, corde, battle rope;intensif;photo réelle en salle, mouvement visible, matériel visible, fond sombre premium
EX0362;Sprawl;⚡ HIIT / AMRAP / EMOM;assets/photos/exercises/04_hiit_amrap_emom;EX0362_sprawl.jpg;assets/photos/exercises/04_hiit_amrap_emom/EX0362_sprawl.jpg;poids du corps, cardio, rameur, bike, corde, battle rope;général;photo réelle en salle, mouvement visible, matériel visible, fond sombre premium
EX0363;Bear crawl;⚡ HIIT / AMRAP / EMOM;assets/photos/exercises/04_hiit_amrap_emom;EX0363_bear-crawl.jpg;assets/photos/exercises/04_hiit_amrap_emom/EX0363_bear-crawl.jpg;poids du corps, cardio, rameur, bike, corde, battle rope;général;photo réelle en salle, mouvement visible, matériel visible, fond sombre premium
EX0364;Tabata full body;⚡ HIIT / AMRAP / EMOM;assets/photos/exercises/04_hiit_amrap_emom;EX0364_tabata-full-body.jpg;assets/photos/exercises/04_hiit_amrap_emom/EX0364_tabata-full-body.jpg;poids du corps, cardio, rameur, bike, corde, battle rope;général;photo réelle en salle, mouvement visible, matériel visible, fond sombre premium
EX0365;Marche inclinée;⚡ HIIT / AMRAP / EMOM;assets/photos/exercises/04_hiit_amrap_emom;EX0365_marche-inclinee.jpg;assets/photos/exercises/04_hiit_amrap_emom/EX0365_marche-inclinee.jpg;poids du corps, cardio, rameur, bike, corde, battle rope;pousser;photo réelle en salle, mouvement visible, matériel visible, fond sombre premium
EX0366;Step rapide;⚡ HIIT / AMRAP / EMOM;assets/photos/exercises/04_hiit_amrap_emom;EX0366_step-rapide.jpg;assets/photos/exercises/04_hiit_amrap_emom/EX0366_step-rapide.jpg;poids du corps, cardio, rameur, bike, corde, battle rope;général;photo réelle en salle, mouvement visible, matériel visible, fond sombre premium
EX0367;Jump squat cardio;⚡ HIIT / AMRAP / EMOM;assets/photos/exercises/04_hiit_amrap_emom;EX0367_jump-squat-cardio.jpg;assets/photos/exercises/04_hiit_amrap_emom/EX0367_jump-squat-cardio.jpg;poids du corps, cardio, rameur, bike, corde, battle rope;jambes;photo réelle en salle, mouvement visible, matériel visible, fond sombre premium
EX0368;Air bike intervals;⚡ HIIT / AMRAP / EMOM;assets/photos/exercises/04_hiit_amrap_emom;EX0368_air-bike-intervals.jpg;assets/photos/exercises/04_hiit_amrap_emom/EX0368_air-bike-intervals.jpg;poids du corps, cardio, rameur, bike, corde, battle rope;cardio;photo réelle en salle, mouvement visible, matériel visible, fond sombre premium
EX0369;Circuit cardio doux;⚡ HIIT / AMRAP / EMOM;assets/photos/exercises/04_hiit_amrap_emom;EX0369_circuit-cardio-doux.jpg;assets/photos/exercises/04_hiit_amrap_emom/EX0369_circuit-cardio-doux.jpg;poids du corps, cardio, rameur, bike, corde, battle rope;général;photo réelle en salle, mouvement visible, matériel visible, fond sombre premium
EX0370;Course tempo;⚡ HIIT / AMRAP / EMOM;assets/photos/exercises/04_hiit_amrap_emom;EX0370_course-tempo.jpg;assets/photos/exercises/04_hiit_amrap_emom/EX0370_course-tempo.jpg;poids du corps, cardio, rameur, bike, corde, battle rope;cardio;photo réelle en salle, mouvement visible, matériel visible, fond sombre premium
EX0371;Intervalles 30/30;⚡ HIIT / AMRAP / EMOM;assets/photos/exercises/04_hiit_amrap_emom;EX0371_intervalles-30-30.jpg;assets/photos/exercises/04_hiit_amrap_emom/EX0371_intervalles-30-30.jpg;poids du corps, cardio, rameur, bike, corde, battle rope;général;photo réelle en salle, mouvement visible, matériel visible, fond sombre premium
EX0372;EMOM cardio;⚡ HIIT / AMRAP / EMOM;assets/photos/exercises/04_hiit_amrap_emom;EX0372_emom-cardio.jpg;assets/photos/exercises/04_hiit_amrap_emom/EX0372_emom-cardio.jpg;poids du corps, cardio, rameur, bike, corde, battle rope;général;photo réelle en salle, mouvement visible, matériel visible, fond sombre premium
EX0373;AMRAP cardio;⚡ HIIT / AMRAP / EMOM;assets/photos/exercises/04_hiit_amrap_emom;EX0373_amrap-cardio.jpg;assets/photos/exercises/04_hiit_amrap_emom/EX0373_amrap-cardio.jpg;poids du corps, cardio, rameur, bike, corde, battle rope;général;photo réelle en salle, mouvement visible, matériel visible, fond sombre premium
EX0374;Circuit sans impact;⚡ HIIT / AMRAP / EMOM;assets/photos/exercises/04_hiit_amrap_emom;EX0374_circuit-sans-impact.jpg;assets/photos/exercises/04_hiit_amrap_emom/EX0374_circuit-sans-impact.jpg;poids du corps, cardio, rameur, bike, corde, battle rope;général;photo réelle en salle, mouvement visible, matériel visible, fond sombre premium
EX0375;Fast feet;⚡ HIIT / AMRAP / EMOM;assets/photos/exercises/04_hiit_amrap_emom;EX0375_fast-feet.jpg;assets/photos/exercises/04_hiit_amrap_emom/EX0375_fast-feet.jpg;poids du corps, cardio, rameur, bike, corde, battle rope;général;photo réelle en salle, mouvement visible, matériel visible, fond sombre premium
EX0376;Lateral shuffle;⚡ HIIT / AMRAP / EMOM;assets/photos/exercises/04_hiit_amrap_emom;EX0376_lateral-shuffle.jpg;assets/photos/exercises/04_hiit_amrap_emom/EX0376_lateral-shuffle.jpg;poids du corps, cardio, rameur, bike, corde, battle rope;général;photo réelle en salle, mouvement visible, matériel visible, fond sombre premium
EX0377;Low impact jacks;⚡ HIIT / AMRAP / EMOM;assets/photos/exercises/04_hiit_amrap_emom;EX0377_low-impact-jacks.jpg;assets/photos/exercises/04_hiit_amrap_emom/EX0377_low-impact-jacks.jpg;poids du corps, cardio, rameur, bike, corde, battle rope;général;photo réelle en salle, mouvement visible, matériel visible, fond sombre premium
EX0378;Bike endurance;⚡ HIIT / AMRAP / EMOM;assets/photos/exercises/04_hiit_amrap_emom;EX0378_bike-endurance.jpg;assets/photos/exercises/04_hiit_amrap_emom/EX0378_bike-endurance.jpg;poids du corps, cardio, rameur, bike, corde, battle rope;cardio;photo réelle en salle, mouvement visible, matériel visible, fond sombre premium
EX0379;Rameur technique;⚡ HIIT / AMRAP / EMOM;assets/photos/exercises/04_hiit_amrap_emom;EX0379_rameur-technique.jpg;assets/photos/exercises/04_hiit_amrap_emom/EX0379_rameur-technique.jpg;poids du corps, cardio, rameur, bike, corde, battle rope;cardio;photo réelle en salle, mouvement visible, matériel visible, fond sombre premium
EX0380;Mobilité hanches;🧠 Mobilité / prévention;assets/photos/exercises/09_general;EX0380_mobilite-hanches.jpg;assets/photos/exercises/09_general/EX0380_mobilite-hanches.jpg;poids du corps, élastique, tapis, foam roller;mobilité;photo réelle en salle, mouvement visible, matériel visible, fond sombre premium
EX0381;Mobilité épaules;🧠 Mobilité / prévention;assets/photos/exercises/09_general;EX0381_mobilite-epaules.jpg;assets/photos/exercises/09_general/EX0381_mobilite-epaules.jpg;poids du corps, élastique, tapis, foam roller;mobilité;photo réelle en salle, mouvement visible, matériel visible, fond sombre premium
EX0382;Rotation thoracique;🧠 Mobilité / prévention;assets/photos/exercises/09_general;EX0382_rotation-thoracique.jpg;assets/photos/exercises/09_general/EX0382_rotation-thoracique.jpg;poids du corps, élastique, tapis, foam roller;général;photo réelle en salle, mouvement visible, matériel visible, fond sombre premium
EX0383;Étirement ischios;🧘 Stretching;assets/photos/exercises/09_general;EX0383_etirement-ischios.jpg;assets/photos/exercises/09_general/EX0383_etirement-ischios.jpg;poids du corps, élastique, tapis, foam roller;mobilité;photo réelle en salle, mouvement visible, matériel visible, fond sombre premium
EX0384;Étirement quadriceps;🧘 Stretching;assets/photos/exercises/09_general;EX0384_etirement-quadriceps.jpg;assets/photos/exercises/09_general/EX0384_etirement-quadriceps.jpg;poids du corps, élastique, tapis, foam roller;mobilité;photo réelle en salle, mouvement visible, matériel visible, fond sombre premium
EX0385;Étirement mollets;🧘 Stretching;assets/photos/exercises/09_general;EX0385_etirement-mollets.jpg;assets/photos/exercises/09_general/EX0385_etirement-mollets.jpg;poids du corps, élastique, tapis, foam roller;jambes;photo réelle en salle, mouvement visible, matériel visible, fond sombre premium
EX0386;Ouverture pectoraux;🧠 Mobilité / prévention;assets/photos/exercises/09_general;EX0386_ouverture-pectoraux.jpg;assets/photos/exercises/09_general/EX0386_ouverture-pectoraux.jpg;poids du corps, élastique, tapis, foam roller;général;photo réelle en salle, mouvement visible, matériel visible, fond sombre premium
EX0387;Posture enfant;🧘 Stretching;assets/photos/exercises/09_general;EX0387_posture-enfant.jpg;assets/photos/exercises/09_general/EX0387_posture-enfant.jpg;poids du corps, élastique, tapis, foam roller;mobilité;photo réelle en salle, mouvement visible, matériel visible, fond sombre premium
EX0388;Couch stretch;🧘 Stretching;assets/photos/exercises/09_general;EX0388_couch-stretch.jpg;assets/photos/exercises/09_general/EX0388_couch-stretch.jpg;poids du corps, élastique, tapis, foam roller;mobilité;photo réelle en salle, mouvement visible, matériel visible, fond sombre premium
EX0389;Mobilité chevilles;🧠 Mobilité / prévention;assets/photos/exercises/09_general;EX0389_mobilite-chevilles.jpg;assets/photos/exercises/09_general/EX0389_mobilite-chevilles.jpg;poids du corps, élastique, tapis, foam roller;mobilité;photo réelle en salle, mouvement visible, matériel visible, fond sombre premium
EX0390;Respiration diaphragmatique;🧠 Mobilité / prévention;assets/photos/exercises/09_general;EX0390_respiration-diaphragmatique.jpg;assets/photos/exercises/09_general/EX0390_respiration-diaphragmatique.jpg;poids du corps, élastique, tapis, foam roller;mobilité;photo réelle en salle, mouvement visible, matériel visible, fond sombre premium
EX0391;Étirement fessier;🍑 Cuisses · Abdos · Fessiers;assets/photos/exercises/09_general;EX0391_etirement-fessier.jpg;assets/photos/exercises/09_general/EX0391_etirement-fessier.jpg;poids du corps, élastique, tapis, foam roller;mobilité;photo réelle en salle, mouvement visible, matériel visible, fond sombre premium
EX0392;Mobilité poignets;🧠 Mobilité / prévention;assets/photos/exercises/09_general;EX0392_mobilite-poignets.jpg;assets/photos/exercises/09_general/EX0392_mobilite-poignets.jpg;poids du corps, élastique, tapis, foam roller;mobilité;photo réelle en salle, mouvement visible, matériel visible, fond sombre premium
EX0393;Cat cow;🧠 Mobilité / prévention;assets/photos/exercises/09_general;EX0393_cat-cow.jpg;assets/photos/exercises/09_general/EX0393_cat-cow.jpg;poids du corps, élastique, tapis, foam roller;mobilité;photo réelle en salle, mouvement visible, matériel visible, fond sombre premium
EX0394;World greatest stretch;🧘 Stretching;assets/photos/exercises/09_general;EX0394_world-greatest-stretch.jpg;assets/photos/exercises/09_general/EX0394_world-greatest-stretch.jpg;poids du corps, élastique, tapis, foam roller;mobilité;photo réelle en salle, mouvement visible, matériel visible, fond sombre premium
EX0395;Ouverture adducteurs;🧠 Mobilité / prévention;assets/photos/exercises/09_general;EX0395_ouverture-adducteurs.jpg;assets/photos/exercises/09_general/EX0395_ouverture-adducteurs.jpg;poids du corps, élastique, tapis, foam roller;général;photo réelle en salle, mouvement visible, matériel visible, fond sombre premium
EX0396;Mobilité dos;🧠 Mobilité / prévention;assets/photos/exercises/09_general;EX0396_mobilite-dos.jpg;assets/photos/exercises/09_general/EX0396_mobilite-dos.jpg;poids du corps, élastique, tapis, foam roller;mobilité;photo réelle en salle, mouvement visible, matériel visible, fond sombre premium
EX0397;Stretch épaules élastique;🧘 Stretching;assets/photos/exercises/09_general;EX0397_stretch-epaules-elastique.jpg;assets/photos/exercises/09_general/EX0397_stretch-epaules-elastique.jpg;poids du corps, élastique, tapis, foam roller;mobilité;photo réelle en salle, mouvement visible, matériel visible, fond sombre premium
EX0398;Étirement psoas;🧘 Stretching;assets/photos/exercises/09_general;EX0398_etirement-psoas.jpg;assets/photos/exercises/09_general/EX0398_etirement-psoas.jpg;poids du corps, élastique, tapis, foam roller;mobilité;photo réelle en salle, mouvement visible, matériel visible, fond sombre premium
EX0399;Retour au calme complet;🧠 Mobilité / prévention;assets/photos/exercises/09_general;EX0399_retour-au-calme-complet.jpg;assets/photos/exercises/09_general/EX0399_retour-au-calme-complet.jpg;poids du corps, élastique, tapis, foam roller;général;photo réelle en salle, mouvement visible, matériel visible, fond sombre premium
EX0400;90/90 hanches;🧠 Mobilité / prévention;assets/photos/exercises/09_general;EX0400_90-90-hanches.jpg;assets/photos/exercises/09_general/EX0400_90-90-hanches.jpg;poids du corps, élastique, tapis, foam roller;mobilité;photo réelle en salle, mouvement visible, matériel visible, fond sombre premium
EX0401;Deep squat hold;🧠 Mobilité / prévention;assets/photos/exercises/09_general;EX0401_deep-squat-hold.jpg;assets/photos/exercises/09_general/EX0401_deep-squat-hold.jpg;poids du corps, élastique, tapis, foam roller;jambes;photo réelle en salle, mouvement visible, matériel visible, fond sombre premium
EX0402;Thread the needle;🧠 Mobilité / prévention;assets/photos/exercises/09_general;EX0402_thread-the-needle.jpg;assets/photos/exercises/09_general/EX0402_thread-the-needle.jpg;poids du corps, élastique, tapis, foam roller;général;photo réelle en salle, mouvement visible, matériel visible, fond sombre premium
EX0403;Étirement lombaires;🧘 Stretching;assets/photos/exercises/09_general;EX0403_etirement-lombaires.jpg;assets/photos/exercises/09_general/EX0403_etirement-lombaires.jpg;poids du corps, élastique, tapis, foam roller;mobilité;photo réelle en salle, mouvement visible, matériel visible, fond sombre premium
EX0404;Foam roller dos;🧠 Mobilité / prévention;assets/photos/exercises/09_general;EX0404_foam-roller-dos.jpg;assets/photos/exercises/09_general/EX0404_foam-roller-dos.jpg;poids du corps, élastique, tapis, foam roller;mobilité;photo réelle en salle, mouvement visible, matériel visible, fond sombre premium
EX0405;Foam roller quadriceps;🧠 Mobilité / prévention;assets/photos/exercises/09_general;EX0405_foam-roller-quadriceps.jpg;assets/photos/exercises/09_general/EX0405_foam-roller-quadriceps.jpg;poids du corps, élastique, tapis, foam roller;mobilité;photo réelle en salle, mouvement visible, matériel visible, fond sombre premium
EX0406;Étirement trapèzes;🧘 Stretching;assets/photos/exercises/09_general;EX0406_etirement-trapezes.jpg;assets/photos/exercises/09_general/EX0406_etirement-trapezes.jpg;poids du corps, élastique, tapis, foam roller;mobilité;photo réelle en salle, mouvement visible, matériel visible, fond sombre premium
EX0407;Mobilité nuque;🧠 Mobilité / prévention;assets/photos/exercises/09_general;EX0407_mobilite-nuque.jpg;assets/photos/exercises/09_general/EX0407_mobilite-nuque.jpg;poids du corps, élastique, tapis, foam roller;mobilité;photo réelle en salle, mouvement visible, matériel visible, fond sombre premium
EX0408;Extension thoracique banc;🧠 Mobilité / prévention;assets/photos/exercises/09_general;EX0408_extension-thoracique-banc.jpg;assets/photos/exercises/09_general/EX0408_extension-thoracique-banc.jpg;poids du corps, élastique, tapis, foam roller;général;photo réelle en salle, mouvement visible, matériel visible, fond sombre premium
EX0409;Respiration box breathing;🧠 Mobilité / prévention;assets/photos/exercises/09_general;EX0409_respiration-box-breathing.jpg;assets/photos/exercises/09_general/EX0409_respiration-box-breathing.jpg;poids du corps, élastique, tapis, foam roller;mobilité;photo réelle en salle, mouvement visible, matériel visible, fond sombre premium
