id;nom;durée;style;niveau;audience;cible;mode
hiit_full_body_solo_debutant_10;HIIT Full body Solo 10 min;10 min;hiit;Débutant;Solo;Full body;terrain hardcore
hiit_full_body_solo_debutant_15;HIIT Full body Solo 15 min;15 min;hiit;Débutant;Solo;Full body;terrain hardcore
hiit_full_body_solo_debutant_20;HIIT Full body Solo 20 min;20 min;hiit;Débutant;Solo;Full body;terrain hardcore
hiit_full_body_solo_debutant_30;HIIT Full body Solo 30 min;30 min;hiit;Débutant;Solo;Full body;terrain hardcore
hiit_full_body_solo_debutant_45;HIIT Full body Solo 45 min;45 min;hiit;Débutant;Solo;Full body;terrain hardcore
hiit_full_body_groupe_debutant_10;HIIT Full body Groupe 10 min;10 min;hiit;Débutant;Groupe;Full body;terrain hardcore
hiit_full_body_groupe_debutant_15;HIIT Full body Groupe 15 min;15 min;hiit;Débutant;Groupe;Full body;terrain hardcore
hiit_full_body_groupe_debutant_20;HIIT Full body Groupe 20 min;20 min;hiit;Débutant;Groupe;Full body;terrain hardcore
hiit_full_body_groupe_debutant_30;HIIT Full body Groupe 30 min;30 min;hiit;Débutant;Groupe;Full body;terrain hardcore
hiit_full_body_groupe_debutant_45;HIIT Full body Groupe 45 min;45 min;hiit;Débutant;Groupe;Full body;terrain hardcore
hiit_full_body_maison_debutant_10;HIIT Full body Maison 10 min;10 min;hiit;Débutant;Maison;Full body;terrain hardcore
hiit_full_body_maison_debutant_15;HIIT Full body Maison 15 min;15 min;hiit;Débutant;Maison;Full body;terrain hardcore
hiit_full_body_maison_debutant_20;HIIT Full body Maison 20 min;20 min;hiit;Débutant;Maison;Full body;terrain hardcore
hiit_full_body_maison_debutant_30;HIIT Full body Maison 30 min;30 min;hiit;Débutant;Maison;Full body;terrain hardcore
hiit_full_body_maison_debutant_45;HIIT Full body Maison 45 min;45 min;hiit;Débutant;Maison;Full body;terrain hardcore
hiit_full_body_salle_debutant_10;HIIT Full body Salle 10 min;10 min;hiit;Débutant;Salle;Full body;terrain hardcore
hiit_full_body_salle_debutant_15;HIIT Full body Salle 15 min;15 min;hiit;Débutant;Salle;Full body;terrain hardcore
hiit_full_body_salle_debutant_20;HIIT Full body Salle 20 min;20 min;hiit;Débutant;Salle;Full body;terrain hardcore
hiit_full_body_salle_debutant_30;HIIT Full body Salle 30 min;30 min;hiit;Débutant;Salle;Full body;terrain hardcore
hiit_full_body_salle_debutant_45;HIIT Full body Salle 45 min;45 min;hiit;Débutant;Salle;Full body;terrain hardcore
hiit_full_body_exterieur_debutant_10;HIIT Full body Extérieur 10 min;10 min;hiit;Débutant;Extérieur;Full body;terrain hardcore
hiit_full_body_exterieur_debutant_15;HIIT Full body Extérieur 15 min;15 min;hiit;Débutant;Extérieur;Full body;terrain hardcore
hiit_full_body_exterieur_debutant_20;HIIT Full body Extérieur 20 min;20 min;hiit;Débutant;Extérieur;Full body;terrain hardcore
hiit_full_body_exterieur_debutant_30;HIIT Full body Extérieur 30 min;30 min;hiit;Débutant;Extérieur;Full body;terrain hardcore
hiit_full_body_exterieur_debutant_45;HIIT Full body Extérieur 45 min;45 min;hiit;Débutant;Extérieur;Full body;terrain hardcore
hiit_full_body_coach_debutant_10;HIIT Full body Coach 10 min;10 min;hiit;Débutant;Coach;Full body;terrain hardcore
hiit_full_body_coach_debutant_15;HIIT Full body Coach 15 min;15 min;hiit;Débutant;Coach;Full body;terrain hardcore
hiit_full_body_coach_debutant_20;HIIT Full body Coach 20 min;20 min;hiit;Débutant;Coach;Full body;terrain hardcore
hiit_full_body_coach_debutant_30;HIIT Full body Coach 30 min;30 min;hiit;Débutant;Coach;Full body;terrain hardcore
hiit_full_body_coach_debutant_45;HIIT Full body Coach 45 min;45 min;hiit;Débutant;Coach;Full body;terrain hardcore
hiit_full_body_solo_intermediaire_10;HIIT Full body Solo 10 min;10 min;hiit;Intermédiaire;Solo;Full body;terrain hardcore
hiit_full_body_solo_intermediaire_15;HIIT Full body Solo 15 min;15 min;hiit;Intermédiaire;Solo;Full body;terrain hardcore
hiit_full_body_solo_intermediaire_20;HIIT Full body Solo 20 min;20 min;hiit;Intermédiaire;Solo;Full body;terrain hardcore
hiit_full_body_solo_intermediaire_30;HIIT Full body Solo 30 min;30 min;hiit;Intermédiaire;Solo;Full body;terrain hardcore
hiit_full_body_solo_intermediaire_45;HIIT Full body Solo 45 min;45 min;hiit;Intermédiaire;Solo;Full body;terrain hardcore
hiit_full_body_groupe_intermediaire_10;HIIT Full body Groupe 10 min;10 min;hiit;Intermédiaire;Groupe;Full body;terrain hardcore
hiit_full_body_groupe_intermediaire_15;HIIT Full body Groupe 15 min;15 min;hiit;Intermédiaire;Groupe;Full body;terrain hardcore
hiit_full_body_groupe_intermediaire_20;HIIT Full body Groupe 20 min;20 min;hiit;Intermédiaire;Groupe;Full body;terrain hardcore
hiit_full_body_groupe_intermediaire_30;HIIT Full body Groupe 30 min;30 min;hiit;Intermédiaire;Groupe;Full body;terrain hardcore
hiit_full_body_groupe_intermediaire_45;HIIT Full body Groupe 45 min;45 min;hiit;Intermédiaire;Groupe;Full body;terrain hardcore
hiit_full_body_maison_intermediaire_10;HIIT Full body Maison 10 min;10 min;hiit;Intermédiaire;Maison;Full body;terrain hardcore
hiit_full_body_maison_intermediaire_15;HIIT Full body Maison 15 min;15 min;hiit;Intermédiaire;Maison;Full body;terrain hardcore
hiit_full_body_maison_intermediaire_20;HIIT Full body Maison 20 min;20 min;hiit;Intermédiaire;Maison;Full body;terrain hardcore
hiit_full_body_maison_intermediaire_30;HIIT Full body Maison 30 min;30 min;hiit;Intermédiaire;Maison;Full body;terrain hardcore
hiit_full_body_maison_intermediaire_45;HIIT Full body Maison 45 min;45 min;hiit;Intermédiaire;Maison;Full body;terrain hardcore
hiit_full_body_salle_intermediaire_10;HIIT Full body Salle 10 min;10 min;hiit;Intermédiaire;Salle;Full body;terrain hardcore
hiit_full_body_salle_intermediaire_15;HIIT Full body Salle 15 min;15 min;hiit;Intermédiaire;Salle;Full body;terrain hardcore
hiit_full_body_salle_intermediaire_20;HIIT Full body Salle 20 min;20 min;hiit;Intermédiaire;Salle;Full body;terrain hardcore
hiit_full_body_salle_intermediaire_30;HIIT Full body Salle 30 min;30 min;hiit;Intermédiaire;Salle;Full body;terrain hardcore
hiit_full_body_salle_intermediaire_45;HIIT Full body Salle 45 min;45 min;hiit;Intermédiaire;Salle;Full body;terrain hardcore
hiit_full_body_exterieur_intermediaire_10;HIIT Full body Extérieur 10 min;10 min;hiit;Intermédiaire;Extérieur;Full body;terrain hardcore
hiit_full_body_exterieur_intermediaire_15;HIIT Full body Extérieur 15 min;15 min;hiit;Intermédiaire;Extérieur;Full body;terrain hardcore
hiit_full_body_exterieur_intermediaire_20;HIIT Full body Extérieur 20 min;20 min;hiit;Intermédiaire;Extérieur;Full body;terrain hardcore
hiit_full_body_exterieur_intermediaire_30;HIIT Full body Extérieur 30 min;30 min;hiit;Intermédiaire;Extérieur;Full body;terrain hardcore
hiit_full_body_exterieur_intermediaire_45;HIIT Full body Extérieur 45 min;45 min;hiit;Intermédiaire;Extérieur;Full body;terrain hardcore
hiit_full_body_coach_intermediaire_10;HIIT Full body Coach 10 min;10 min;hiit;Intermédiaire;Coach;Full body;terrain hardcore
hiit_full_body_coach_intermediaire_15;HIIT Full body Coach 15 min;15 min;hiit;Intermédiaire;Coach;Full body;terrain hardcore
hiit_full_body_coach_intermediaire_20;HIIT Full body Coach 20 min;20 min;hiit;Intermédiaire;Coach;Full body;terrain hardcore
hiit_full_body_coach_intermediaire_30;HIIT Full body Coach 30 min;30 min;hiit;Intermédiaire;Coach;Full body;terrain hardcore
hiit_full_body_coach_intermediaire_45;HIIT Full body Coach 45 min;45 min;hiit;Intermédiaire;Coach;Full body;terrain hardcore
hiit_full_body_solo_avance_10;HIIT Full body Solo 10 min;10 min;hiit;Avancé;Solo;Full body;terrain hardcore
hiit_full_body_solo_avance_15;HIIT Full body Solo 15 min;15 min;hiit;Avancé;Solo;Full body;terrain hardcore
hiit_full_body_solo_avance_20;HIIT Full body Solo 20 min;20 min;hiit;Avancé;Solo;Full body;terrain hardcore
hiit_full_body_solo_avance_30;HIIT Full body Solo 30 min;30 min;hiit;Avancé;Solo;Full body;terrain hardcore
hiit_full_body_solo_avance_45;HIIT Full body Solo 45 min;45 min;hiit;Avancé;Solo;Full body;terrain hardcore
hiit_full_body_groupe_avance_10;HIIT Full body Groupe 10 min;10 min;hiit;Avancé;Groupe;Full body;terrain hardcore
hiit_full_body_groupe_avance_15;HIIT Full body Groupe 15 min;15 min;hiit;Avancé;Groupe;Full body;terrain hardcore
hiit_full_body_groupe_avance_20;HIIT Full body Groupe 20 min;20 min;hiit;Avancé;Groupe;Full body;terrain hardcore
hiit_full_body_groupe_avance_30;HIIT Full body Groupe 30 min;30 min;hiit;Avancé;Groupe;Full body;terrain hardcore
hiit_full_body_groupe_avance_45;HIIT Full body Groupe 45 min;45 min;hiit;Avancé;Groupe;Full body;terrain hardcore
hiit_full_body_maison_avance_10;HIIT Full body Maison 10 min;10 min;hiit;Avancé;Maison;Full body;terrain hardcore
hiit_full_body_maison_avance_15;HIIT Full body Maison 15 min;15 min;hiit;Avancé;Maison;Full body;terrain hardcore
hiit_full_body_maison_avance_20;HIIT Full body Maison 20 min;20 min;hiit;Avancé;Maison;Full body;terrain hardcore
hiit_full_body_maison_avance_30;HIIT Full body Maison 30 min;30 min;hiit;Avancé;Maison;Full body;terrain hardcore
hiit_full_body_maison_avance_45;HIIT Full body Maison 45 min;45 min;hiit;Avancé;Maison;Full body;terrain hardcore
hiit_full_body_salle_avance_10;HIIT Full body Salle 10 min;10 min;hiit;Avancé;Salle;Full body;terrain hardcore
hiit_full_body_salle_avance_15;HIIT Full body Salle 15 min;15 min;hiit;Avancé;Salle;Full body;terrain hardcore
hiit_full_body_salle_avance_20;HIIT Full body Salle 20 min;20 min;hiit;Avancé;Salle;Full body;terrain hardcore
hiit_full_body_salle_avance_30;HIIT Full body Salle 30 min;30 min;hiit;Avancé;Salle;Full body;terrain hardcore
hiit_full_body_salle_avance_45;HIIT Full body Salle 45 min;45 min;hiit;Avancé;Salle;Full body;terrain hardcore
hiit_full_body_exterieur_avance_10;HIIT Full body Extérieur 10 min;10 min;hiit;Avancé;Extérieur;Full body;terrain hardcore
hiit_full_body_exterieur_avance_15;HIIT Full body Extérieur 15 min;15 min;hiit;Avancé;Extérieur;Full body;terrain hardcore
hiit_full_body_exterieur_avance_20;HIIT Full body Extérieur 20 min;20 min;hiit;Avancé;Extérieur;Full body;terrain hardcore
hiit_full_body_exterieur_avance_30;HIIT Full body Extérieur 30 min;30 min;hiit;Avancé;Extérieur;Full body;terrain hardcore
hiit_full_body_exterieur_avance_45;HIIT Full body Extérieur 45 min;45 min;hiit;Avancé;Extérieur;Full body;terrain hardcore
hiit_full_body_coach_avance_10;HIIT Full body Coach 10 min;10 min;hiit;Avancé;Coach;Full body;terrain hardcore
hiit_full_body_coach_avance_15;HIIT Full body Coach 15 min;15 min;hiit;Avancé;Coach;Full body;terrain hardcore
hiit_full_body_coach_avance_20;HIIT Full body Coach 20 min;20 min;hiit;Avancé;Coach;Full body;terrain hardcore
hiit_full_body_coach_avance_30;HIIT Full body Coach 30 min;30 min;hiit;Avancé;Coach;Full body;terrain hardcore
hiit_full_body_coach_avance_45;HIIT Full body Coach 45 min;45 min;hiit;Avancé;Coach;Full body;terrain hardcore
hiit_full_body_solo_expert_10;HIIT Full body Solo 10 min;10 min;hiit;Expert;Solo;Full body;terrain hardcore
hiit_full_body_solo_expert_15;HIIT Full body Solo 15 min;15 min;hiit;Expert;Solo;Full body;terrain hardcore
hiit_full_body_solo_expert_20;HIIT Full body Solo 20 min;20 min;hiit;Expert;Solo;Full body;terrain hardcore
hiit_full_body_solo_expert_30;HIIT Full body Solo 30 min;30 min;hiit;Expert;Solo;Full body;terrain hardcore
hiit_full_body_solo_expert_45;HIIT Full body Solo 45 min;45 min;hiit;Expert;Solo;Full body;terrain hardcore
hiit_full_body_groupe_expert_10;HIIT Full body Groupe 10 min;10 min;hiit;Expert;Groupe;Full body;terrain hardcore
hiit_full_body_groupe_expert_15;HIIT Full body Groupe 15 min;15 min;hiit;Expert;Groupe;Full body;terrain hardcore
hiit_full_body_groupe_expert_20;HIIT Full body Groupe 20 min;20 min;hiit;Expert;Groupe;Full body;terrain hardcore
hiit_full_body_groupe_expert_30;HIIT Full body Groupe 30 min;30 min;hiit;Expert;Groupe;Full body;terrain hardcore
hiit_full_body_groupe_expert_45;HIIT Full body Groupe 45 min;45 min;hiit;Expert;Groupe;Full body;terrain hardcore
hiit_full_body_maison_expert_10;HIIT Full body Maison 10 min;10 min;hiit;Expert;Maison;Full body;terrain hardcore
hiit_full_body_maison_expert_15;HIIT Full body Maison 15 min;15 min;hiit;Expert;Maison;Full body;terrain hardcore
hiit_full_body_maison_expert_20;HIIT Full body Maison 20 min;20 min;hiit;Expert;Maison;Full body;terrain hardcore
hiit_full_body_maison_expert_30;HIIT Full body Maison 30 min;30 min;hiit;Expert;Maison;Full body;terrain hardcore
hiit_full_body_maison_expert_45;HIIT Full body Maison 45 min;45 min;hiit;Expert;Maison;Full body;terrain hardcore
hiit_full_body_salle_expert_10;HIIT Full body Salle 10 min;10 min;hiit;Expert;Salle;Full body;terrain hardcore
hiit_full_body_salle_expert_15;HIIT Full body Salle 15 min;15 min;hiit;Expert;Salle;Full body;terrain hardcore
hiit_full_body_salle_expert_20;HIIT Full body Salle 20 min;20 min;hiit;Expert;Salle;Full body;terrain hardcore
hiit_full_body_salle_expert_30;HIIT Full body Salle 30 min;30 min;hiit;Expert;Salle;Full body;terrain hardcore
hiit_full_body_salle_expert_45;HIIT Full body Salle 45 min;45 min;hiit;Expert;Salle;Full body;terrain hardcore
hiit_full_body_exterieur_expert_10;HIIT Full body Extérieur 10 min;10 min;hiit;Expert;Extérieur;Full body;terrain hardcore
hiit_full_body_exterieur_expert_15;HIIT Full body Extérieur 15 min;15 min;hiit;Expert;Extérieur;Full body;terrain hardcore
hiit_full_body_exterieur_expert_20;HIIT Full body Extérieur 20 min;20 min;hiit;Expert;Extérieur;Full body;terrain hardcore
hiit_full_body_exterieur_expert_30;HIIT Full body Extérieur 30 min;30 min;hiit;Expert;Extérieur;Full body;terrain hardcore
hiit_full_body_exterieur_expert_45;HIIT Full body Extérieur 45 min;45 min;hiit;Expert;Extérieur;Full body;terrain hardcore
hiit_full_body_coach_expert_10;HIIT Full body Coach 10 min;10 min;hiit;Expert;Coach;Full body;terrain hardcore
hiit_full_body_coach_expert_15;HIIT Full body Coach 15 min;15 min;hiit;Expert;Coach;Full body;terrain hardcore
hiit_full_body_coach_expert_20;HIIT Full body Coach 20 min;20 min;hiit;Expert;Coach;Full body;terrain hardcore
hiit_full_body_coach_expert_30;HIIT Full body Coach 30 min;30 min;hiit;Expert;Coach;Full body;terrain hardcore
hiit_full_body_coach_expert_45;HIIT Full body Coach 45 min;45 min;hiit;Expert;Coach;Full body;terrain hardcore
tabata_full_body_solo_debutant_10;Tabata Full body Solo 10 min;10 min;tabata;Débutant;Solo;Full body;terrain hardcore
tabata_full_body_solo_debutant_15;Tabata Full body Solo 15 min;15 min;tabata;Débutant;Solo;Full body;terrain hardcore
tabata_full_body_solo_debutant_20;Tabata Full body Solo 20 min;20 min;tabata;Débutant;Solo;Full body;terrain hardcore
tabata_full_body_solo_debutant_25;Tabata Full body Solo 25 min;25 min;tabata;Débutant;Solo;Full body;terrain hardcore
tabata_full_body_solo_debutant_30;Tabata Full body Solo 30 min;30 min;tabata;Débutant;Solo;Full body;terrain hardcore
tabata_full_body_groupe_debutant_10;Tabata Full body Groupe 10 min;10 min;tabata;Débutant;Groupe;Full body;terrain hardcore
tabata_full_body_groupe_debutant_15;Tabata Full body Groupe 15 min;15 min;tabata;Débutant;Groupe;Full body;terrain hardcore
tabata_full_body_groupe_debutant_20;Tabata Full body Groupe 20 min;20 min;tabata;Débutant;Groupe;Full body;terrain hardcore
tabata_full_body_groupe_debutant_25;Tabata Full body Groupe 25 min;25 min;tabata;Débutant;Groupe;Full body;terrain hardcore
tabata_full_body_groupe_debutant_30;Tabata Full body Groupe 30 min;30 min;tabata;Débutant;Groupe;Full body;terrain hardcore
tabata_full_body_maison_debutant_10;Tabata Full body Maison 10 min;10 min;tabata;Débutant;Maison;Full body;terrain hardcore
tabata_full_body_maison_debutant_15;Tabata Full body Maison 15 min;15 min;tabata;Débutant;Maison;Full body;terrain hardcore
tabata_full_body_maison_debutant_20;Tabata Full body Maison 20 min;20 min;tabata;Débutant;Maison;Full body;terrain hardcore
tabata_full_body_maison_debutant_25;Tabata Full body Maison 25 min;25 min;tabata;Débutant;Maison;Full body;terrain hardcore
tabata_full_body_maison_debutant_30;Tabata Full body Maison 30 min;30 min;tabata;Débutant;Maison;Full body;terrain hardcore
tabata_full_body_salle_debutant_10;Tabata Full body Salle 10 min;10 min;tabata;Débutant;Salle;Full body;terrain hardcore
tabata_full_body_salle_debutant_15;Tabata Full body Salle 15 min;15 min;tabata;Débutant;Salle;Full body;terrain hardcore
tabata_full_body_salle_debutant_20;Tabata Full body Salle 20 min;20 min;tabata;Débutant;Salle;Full body;terrain hardcore
tabata_full_body_salle_debutant_25;Tabata Full body Salle 25 min;25 min;tabata;Débutant;Salle;Full body;terrain hardcore
tabata_full_body_salle_debutant_30;Tabata Full body Salle 30 min;30 min;tabata;Débutant;Salle;Full body;terrain hardcore
tabata_full_body_exterieur_debutant_10;Tabata Full body Extérieur 10 min;10 min;tabata;Débutant;Extérieur;Full body;terrain hardcore
tabata_full_body_exterieur_debutant_15;Tabata Full body Extérieur 15 min;15 min;tabata;Débutant;Extérieur;Full body;terrain hardcore
tabata_full_body_exterieur_debutant_20;Tabata Full body Extérieur 20 min;20 min;tabata;Débutant;Extérieur;Full body;terrain hardcore
tabata_full_body_exterieur_debutant_25;Tabata Full body Extérieur 25 min;25 min;tabata;Débutant;Extérieur;Full body;terrain hardcore
tabata_full_body_exterieur_debutant_30;Tabata Full body Extérieur 30 min;30 min;tabata;Débutant;Extérieur;Full body;terrain hardcore
tabata_full_body_coach_debutant_10;Tabata Full body Coach 10 min;10 min;tabata;Débutant;Coach;Full body;terrain hardcore
tabata_full_body_coach_debutant_15;Tabata Full body Coach 15 min;15 min;tabata;Débutant;Coach;Full body;terrain hardcore
tabata_full_body_coach_debutant_20;Tabata Full body Coach 20 min;20 min;tabata;Débutant;Coach;Full body;terrain hardcore
tabata_full_body_coach_debutant_25;Tabata Full body Coach 25 min;25 min;tabata;Débutant;Coach;Full body;terrain hardcore
tabata_full_body_coach_debutant_30;Tabata Full body Coach 30 min;30 min;tabata;Débutant;Coach;Full body;terrain hardcore
tabata_full_body_solo_intermediaire_10;Tabata Full body Solo 10 min;10 min;tabata;Intermédiaire;Solo;Full body;terrain hardcore
tabata_full_body_solo_intermediaire_15;Tabata Full body Solo 15 min;15 min;tabata;Intermédiaire;Solo;Full body;terrain hardcore
tabata_full_body_solo_intermediaire_20;Tabata Full body Solo 20 min;20 min;tabata;Intermédiaire;Solo;Full body;terrain hardcore
tabata_full_body_solo_intermediaire_25;Tabata Full body Solo 25 min;25 min;tabata;Intermédiaire;Solo;Full body;terrain hardcore
tabata_full_body_solo_intermediaire_30;Tabata Full body Solo 30 min;30 min;tabata;Intermédiaire;Solo;Full body;terrain hardcore
tabata_full_body_groupe_intermediaire_10;Tabata Full body Groupe 10 min;10 min;tabata;Intermédiaire;Groupe;Full body;terrain hardcore
tabata_full_body_groupe_intermediaire_15;Tabata Full body Groupe 15 min;15 min;tabata;Intermédiaire;Groupe;Full body;terrain hardcore
tabata_full_body_groupe_intermediaire_20;Tabata Full body Groupe 20 min;20 min;tabata;Intermédiaire;Groupe;Full body;terrain hardcore
tabata_full_body_groupe_intermediaire_25;Tabata Full body Groupe 25 min;25 min;tabata;Intermédiaire;Groupe;Full body;terrain hardcore
tabata_full_body_groupe_intermediaire_30;Tabata Full body Groupe 30 min;30 min;tabata;Intermédiaire;Groupe;Full body;terrain hardcore
tabata_full_body_maison_intermediaire_10;Tabata Full body Maison 10 min;10 min;tabata;Intermédiaire;Maison;Full body;terrain hardcore
tabata_full_body_maison_intermediaire_15;Tabata Full body Maison 15 min;15 min;tabata;Intermédiaire;Maison;Full body;terrain hardcore
tabata_full_body_maison_intermediaire_20;Tabata Full body Maison 20 min;20 min;tabata;Intermédiaire;Maison;Full body;terrain hardcore
tabata_full_body_maison_intermediaire_25;Tabata Full body Maison 25 min;25 min;tabata;Intermédiaire;Maison;Full body;terrain hardcore
tabata_full_body_maison_intermediaire_30;Tabata Full body Maison 30 min;30 min;tabata;Intermédiaire;Maison;Full body;terrain hardcore
tabata_full_body_salle_intermediaire_10;Tabata Full body Salle 10 min;10 min;tabata;Intermédiaire;Salle;Full body;terrain hardcore
tabata_full_body_salle_intermediaire_15;Tabata Full body Salle 15 min;15 min;tabata;Intermédiaire;Salle;Full body;terrain hardcore
tabata_full_body_salle_intermediaire_20;Tabata Full body Salle 20 min;20 min;tabata;Intermédiaire;Salle;Full body;terrain hardcore
tabata_full_body_salle_intermediaire_25;Tabata Full body Salle 25 min;25 min;tabata;Intermédiaire;Salle;Full body;terrain hardcore
tabata_full_body_salle_intermediaire_30;Tabata Full body Salle 30 min;30 min;tabata;Intermédiaire;Salle;Full body;terrain hardcore
tabata_full_body_exterieur_intermediaire_10;Tabata Full body Extérieur 10 min;10 min;tabata;Intermédiaire;Extérieur;Full body;terrain hardcore
tabata_full_body_exterieur_intermediaire_15;Tabata Full body Extérieur 15 min;15 min;tabata;Intermédiaire;Extérieur;Full body;terrain hardcore
tabata_full_body_exterieur_intermediaire_20;Tabata Full body Extérieur 20 min;20 min;tabata;Intermédiaire;Extérieur;Full body;terrain hardcore
tabata_full_body_exterieur_intermediaire_25;Tabata Full body Extérieur 25 min;25 min;tabata;Intermédiaire;Extérieur;Full body;terrain hardcore
tabata_full_body_exterieur_intermediaire_30;Tabata Full body Extérieur 30 min;30 min;tabata;Intermédiaire;Extérieur;Full body;terrain hardcore
tabata_full_body_coach_intermediaire_10;Tabata Full body Coach 10 min;10 min;tabata;Intermédiaire;Coach;Full body;terrain hardcore
tabata_full_body_coach_intermediaire_15;Tabata Full body Coach 15 min;15 min;tabata;Intermédiaire;Coach;Full body;terrain hardcore
tabata_full_body_coach_intermediaire_20;Tabata Full body Coach 20 min;20 min;tabata;Intermédiaire;Coach;Full body;terrain hardcore
tabata_full_body_coach_intermediaire_25;Tabata Full body Coach 25 min;25 min;tabata;Intermédiaire;Coach;Full body;terrain hardcore
tabata_full_body_coach_intermediaire_30;Tabata Full body Coach 30 min;30 min;tabata;Intermédiaire;Coach;Full body;terrain hardcore
tabata_full_body_solo_avance_10;Tabata Full body Solo 10 min;10 min;tabata;Avancé;Solo;Full body;terrain hardcore
tabata_full_body_solo_avance_15;Tabata Full body Solo 15 min;15 min;tabata;Avancé;Solo;Full body;terrain hardcore
tabata_full_body_solo_avance_20;Tabata Full body Solo 20 min;20 min;tabata;Avancé;Solo;Full body;terrain hardcore
tabata_full_body_solo_avance_25;Tabata Full body Solo 25 min;25 min;tabata;Avancé;Solo;Full body;terrain hardcore
tabata_full_body_solo_avance_30;Tabata Full body Solo 30 min;30 min;tabata;Avancé;Solo;Full body;terrain hardcore
tabata_full_body_groupe_avance_10;Tabata Full body Groupe 10 min;10 min;tabata;Avancé;Groupe;Full body;terrain hardcore
tabata_full_body_groupe_avance_15;Tabata Full body Groupe 15 min;15 min;tabata;Avancé;Groupe;Full body;terrain hardcore
tabata_full_body_groupe_avance_20;Tabata Full body Groupe 20 min;20 min;tabata;Avancé;Groupe;Full body;terrain hardcore
tabata_full_body_groupe_avance_25;Tabata Full body Groupe 25 min;25 min;tabata;Avancé;Groupe;Full body;terrain hardcore
tabata_full_body_groupe_avance_30;Tabata Full body Groupe 30 min;30 min;tabata;Avancé;Groupe;Full body;terrain hardcore
tabata_full_body_maison_avance_10;Tabata Full body Maison 10 min;10 min;tabata;Avancé;Maison;Full body;terrain hardcore
tabata_full_body_maison_avance_15;Tabata Full body Maison 15 min;15 min;tabata;Avancé;Maison;Full body;terrain hardcore
tabata_full_body_maison_avance_20;Tabata Full body Maison 20 min;20 min;tabata;Avancé;Maison;Full body;terrain hardcore
tabata_full_body_maison_avance_25;Tabata Full body Maison 25 min;25 min;tabata;Avancé;Maison;Full body;terrain hardcore
tabata_full_body_maison_avance_30;Tabata Full body Maison 30 min;30 min;tabata;Avancé;Maison;Full body;terrain hardcore
tabata_full_body_salle_avance_10;Tabata Full body Salle 10 min;10 min;tabata;Avancé;Salle;Full body;terrain hardcore
tabata_full_body_salle_avance_15;Tabata Full body Salle 15 min;15 min;tabata;Avancé;Salle;Full body;terrain hardcore
tabata_full_body_salle_avance_20;Tabata Full body Salle 20 min;20 min;tabata;Avancé;Salle;Full body;terrain hardcore
tabata_full_body_salle_avance_25;Tabata Full body Salle 25 min;25 min;tabata;Avancé;Salle;Full body;terrain hardcore
tabata_full_body_salle_avance_30;Tabata Full body Salle 30 min;30 min;tabata;Avancé;Salle;Full body;terrain hardcore
tabata_full_body_exterieur_avance_10;Tabata Full body Extérieur 10 min;10 min;tabata;Avancé;Extérieur;Full body;terrain hardcore
tabata_full_body_exterieur_avance_15;Tabata Full body Extérieur 15 min;15 min;tabata;Avancé;Extérieur;Full body;terrain hardcore
tabata_full_body_exterieur_avance_20;Tabata Full body Extérieur 20 min;20 min;tabata;Avancé;Extérieur;Full body;terrain hardcore
tabata_full_body_exterieur_avance_25;Tabata Full body Extérieur 25 min;25 min;tabata;Avancé;Extérieur;Full body;terrain hardcore
tabata_full_body_exterieur_avance_30;Tabata Full body Extérieur 30 min;30 min;tabata;Avancé;Extérieur;Full body;terrain hardcore
tabata_full_body_coach_avance_10;Tabata Full body Coach 10 min;10 min;tabata;Avancé;Coach;Full body;terrain hardcore
tabata_full_body_coach_avance_15;Tabata Full body Coach 15 min;15 min;tabata;Avancé;Coach;Full body;terrain hardcore
tabata_full_body_coach_avance_20;Tabata Full body Coach 20 min;20 min;tabata;Avancé;Coach;Full body;terrain hardcore
tabata_full_body_coach_avance_25;Tabata Full body Coach 25 min;25 min;tabata;Avancé;Coach;Full body;terrain hardcore
tabata_full_body_coach_avance_30;Tabata Full body Coach 30 min;30 min;tabata;Avancé;Coach;Full body;terrain hardcore
tabata_full_body_solo_expert_10;Tabata Full body Solo 10 min;10 min;tabata;Expert;Solo;Full body;terrain hardcore
tabata_full_body_solo_expert_15;Tabata Full body Solo 15 min;15 min;tabata;Expert;Solo;Full body;terrain hardcore
tabata_full_body_solo_expert_20;Tabata Full body Solo 20 min;20 min;tabata;Expert;Solo;Full body;terrain hardcore
tabata_full_body_solo_expert_25;Tabata Full body Solo 25 min;25 min;tabata;Expert;Solo;Full body;terrain hardcore
tabata_full_body_solo_expert_30;Tabata Full body Solo 30 min;30 min;tabata;Expert;Solo;Full body;terrain hardcore
tabata_full_body_groupe_expert_10;Tabata Full body Groupe 10 min;10 min;tabata;Expert;Groupe;Full body;terrain hardcore
tabata_full_body_groupe_expert_15;Tabata Full body Groupe 15 min;15 min;tabata;Expert;Groupe;Full body;terrain hardcore
tabata_full_body_groupe_expert_20;Tabata Full body Groupe 20 min;20 min;tabata;Expert;Groupe;Full body;terrain hardcore
tabata_full_body_groupe_expert_25;Tabata Full body Groupe 25 min;25 min;tabata;Expert;Groupe;Full body;terrain hardcore
tabata_full_body_groupe_expert_30;Tabata Full body Groupe 30 min;30 min;tabata;Expert;Groupe;Full body;terrain hardcore
tabata_full_body_maison_expert_10;Tabata Full body Maison 10 min;10 min;tabata;Expert;Maison;Full body;terrain hardcore
tabata_full_body_maison_expert_15;Tabata Full body Maison 15 min;15 min;tabata;Expert;Maison;Full body;terrain hardcore
tabata_full_body_maison_expert_20;Tabata Full body Maison 20 min;20 min;tabata;Expert;Maison;Full body;terrain hardcore
tabata_full_body_maison_expert_25;Tabata Full body Maison 25 min;25 min;tabata;Expert;Maison;Full body;terrain hardcore
tabata_full_body_maison_expert_30;Tabata Full body Maison 30 min;30 min;tabata;Expert;Maison;Full body;terrain hardcore
tabata_full_body_salle_expert_10;Tabata Full body Salle 10 min;10 min;tabata;Expert;Salle;Full body;terrain hardcore
tabata_full_body_salle_expert_15;Tabata Full body Salle 15 min;15 min;tabata;Expert;Salle;Full body;terrain hardcore
tabata_full_body_salle_expert_20;Tabata Full body Salle 20 min;20 min;tabata;Expert;Salle;Full body;terrain hardcore
tabata_full_body_salle_expert_25;Tabata Full body Salle 25 min;25 min;tabata;Expert;Salle;Full body;terrain hardcore
tabata_full_body_salle_expert_30;Tabata Full body Salle 30 min;30 min;tabata;Expert;Salle;Full body;terrain hardcore
tabata_full_body_exterieur_expert_10;Tabata Full body Extérieur 10 min;10 min;tabata;Expert;Extérieur;Full body;terrain hardcore
tabata_full_body_exterieur_expert_15;Tabata Full body Extérieur 15 min;15 min;tabata;Expert;Extérieur;Full body;terrain hardcore
tabata_full_body_exterieur_expert_20;Tabata Full body Extérieur 20 min;20 min;tabata;Expert;Extérieur;Full body;terrain hardcore
tabata_full_body_exterieur_expert_25;Tabata Full body Extérieur 25 min;25 min;tabata;Expert;Extérieur;Full body;terrain hardcore
tabata_full_body_exterieur_expert_30;Tabata Full body Extérieur 30 min;30 min;tabata;Expert;Extérieur;Full body;terrain hardcore
tabata_full_body_coach_expert_10;Tabata Full body Coach 10 min;10 min;tabata;Expert;Coach;Full body;terrain hardcore
tabata_full_body_coach_expert_15;Tabata Full body Coach 15 min;15 min;tabata;Expert;Coach;Full body;terrain hardcore
tabata_full_body_coach_expert_20;Tabata Full body Coach 20 min;20 min;tabata;Expert;Coach;Full body;terrain hardcore
tabata_full_body_coach_expert_25;Tabata Full body Coach 25 min;25 min;tabata;Expert;Coach;Full body;terrain hardcore
tabata_full_body_coach_expert_30;Tabata Full body Coach 30 min;30 min;tabata;Expert;Coach;Full body;terrain hardcore
amrap_full_body_solo_debutant_10;AMRAP Full body Solo 10 min;10 min;amrap;Débutant;Solo;Full body;terrain hardcore
amrap_full_body_solo_debutant_15;AMRAP Full body Solo 15 min;15 min;amrap;Débutant;Solo;Full body;terrain hardcore
amrap_full_body_solo_debutant_20;AMRAP Full body Solo 20 min;20 min;amrap;Débutant;Solo;Full body;terrain hardcore
amrap_full_body_solo_debutant_25;AMRAP Full body Solo 25 min;25 min;amrap;Débutant;Solo;Full body;terrain hardcore
amrap_full_body_solo_debutant_30;AMRAP Full body Solo 30 min;30 min;amrap;Débutant;Solo;Full body;terrain hardcore
amrap_full_body_solo_debutant_45;AMRAP Full body Solo 45 min;45 min;amrap;Débutant;Solo;Full body;terrain hardcore
amrap_full_body_groupe_debutant_10;AMRAP Full body Groupe 10 min;10 min;amrap;Débutant;Groupe;Full body;terrain hardcore
amrap_full_body_groupe_debutant_15;AMRAP Full body Groupe 15 min;15 min;amrap;Débutant;Groupe;Full body;terrain hardcore
amrap_full_body_groupe_debutant_20;AMRAP Full body Groupe 20 min;20 min;amrap;Débutant;Groupe;Full body;terrain hardcore
amrap_full_body_groupe_debutant_25;AMRAP Full body Groupe 25 min;25 min;amrap;Débutant;Groupe;Full body;terrain hardcore
amrap_full_body_groupe_debutant_30;AMRAP Full body Groupe 30 min;30 min;amrap;Débutant;Groupe;Full body;terrain hardcore
amrap_full_body_groupe_debutant_45;AMRAP Full body Groupe 45 min;45 min;amrap;Débutant;Groupe;Full body;terrain hardcore
amrap_full_body_maison_debutant_10;AMRAP Full body Maison 10 min;10 min;amrap;Débutant;Maison;Full body;terrain hardcore
amrap_full_body_maison_debutant_15;AMRAP Full body Maison 15 min;15 min;amrap;Débutant;Maison;Full body;terrain hardcore
amrap_full_body_maison_debutant_20;AMRAP Full body Maison 20 min;20 min;amrap;Débutant;Maison;Full body;terrain hardcore
amrap_full_body_maison_debutant_25;AMRAP Full body Maison 25 min;25 min;amrap;Débutant;Maison;Full body;terrain hardcore
amrap_full_body_maison_debutant_30;AMRAP Full body Maison 30 min;30 min;amrap;Débutant;Maison;Full body;terrain hardcore
amrap_full_body_maison_debutant_45;AMRAP Full body Maison 45 min;45 min;amrap;Débutant;Maison;Full body;terrain hardcore
amrap_full_body_salle_debutant_10;AMRAP Full body Salle 10 min;10 min;amrap;Débutant;Salle;Full body;terrain hardcore
amrap_full_body_salle_debutant_15;AMRAP Full body Salle 15 min;15 min;amrap;Débutant;Salle;Full body;terrain hardcore
amrap_full_body_salle_debutant_20;AMRAP Full body Salle 20 min;20 min;amrap;Débutant;Salle;Full body;terrain hardcore
amrap_full_body_salle_debutant_25;AMRAP Full body Salle 25 min;25 min;amrap;Débutant;Salle;Full body;terrain hardcore
amrap_full_body_salle_debutant_30;AMRAP Full body Salle 30 min;30 min;amrap;Débutant;Salle;Full body;terrain hardcore
amrap_full_body_salle_debutant_45;AMRAP Full body Salle 45 min;45 min;amrap;Débutant;Salle;Full body;terrain hardcore
amrap_full_body_exterieur_debutant_10;AMRAP Full body Extérieur 10 min;10 min;amrap;Débutant;Extérieur;Full body;terrain hardcore
amrap_full_body_exterieur_debutant_15;AMRAP Full body Extérieur 15 min;15 min;amrap;Débutant;Extérieur;Full body;terrain hardcore
amrap_full_body_exterieur_debutant_20;AMRAP Full body Extérieur 20 min;20 min;amrap;Débutant;Extérieur;Full body;terrain hardcore
amrap_full_body_exterieur_debutant_25;AMRAP Full body Extérieur 25 min;25 min;amrap;Débutant;Extérieur;Full body;terrain hardcore
amrap_full_body_exterieur_debutant_30;AMRAP Full body Extérieur 30 min;30 min;amrap;Débutant;Extérieur;Full body;terrain hardcore
amrap_full_body_exterieur_debutant_45;AMRAP Full body Extérieur 45 min;45 min;amrap;Débutant;Extérieur;Full body;terrain hardcore
amrap_full_body_coach_debutant_10;AMRAP Full body Coach 10 min;10 min;amrap;Débutant;Coach;Full body;terrain hardcore
amrap_full_body_coach_debutant_15;AMRAP Full body Coach 15 min;15 min;amrap;Débutant;Coach;Full body;terrain hardcore
amrap_full_body_coach_debutant_20;AMRAP Full body Coach 20 min;20 min;amrap;Débutant;Coach;Full body;terrain hardcore
amrap_full_body_coach_debutant_25;AMRAP Full body Coach 25 min;25 min;amrap;Débutant;Coach;Full body;terrain hardcore
amrap_full_body_coach_debutant_30;AMRAP Full body Coach 30 min;30 min;amrap;Débutant;Coach;Full body;terrain hardcore
amrap_full_body_coach_debutant_45;AMRAP Full body Coach 45 min;45 min;amrap;Débutant;Coach;Full body;terrain hardcore
amrap_full_body_solo_intermediaire_10;AMRAP Full body Solo 10 min;10 min;amrap;Intermédiaire;Solo;Full body;terrain hardcore
amrap_full_body_solo_intermediaire_15;AMRAP Full body Solo 15 min;15 min;amrap;Intermédiaire;Solo;Full body;terrain hardcore
amrap_full_body_solo_intermediaire_20;AMRAP Full body Solo 20 min;20 min;amrap;Intermédiaire;Solo;Full body;terrain hardcore
amrap_full_body_solo_intermediaire_25;AMRAP Full body Solo 25 min;25 min;amrap;Intermédiaire;Solo;Full body;terrain hardcore
amrap_full_body_solo_intermediaire_30;AMRAP Full body Solo 30 min;30 min;amrap;Intermédiaire;Solo;Full body;terrain hardcore
amrap_full_body_solo_intermediaire_45;AMRAP Full body Solo 45 min;45 min;amrap;Intermédiaire;Solo;Full body;terrain hardcore
amrap_full_body_groupe_intermediaire_10;AMRAP Full body Groupe 10 min;10 min;amrap;Intermédiaire;Groupe;Full body;terrain hardcore
amrap_full_body_groupe_intermediaire_15;AMRAP Full body Groupe 15 min;15 min;amrap;Intermédiaire;Groupe;Full body;terrain hardcore
amrap_full_body_groupe_intermediaire_20;AMRAP Full body Groupe 20 min;20 min;amrap;Intermédiaire;Groupe;Full body;terrain hardcore
amrap_full_body_groupe_intermediaire_25;AMRAP Full body Groupe 25 min;25 min;amrap;Intermédiaire;Groupe;Full body;terrain hardcore
amrap_full_body_groupe_intermediaire_30;AMRAP Full body Groupe 30 min;30 min;amrap;Intermédiaire;Groupe;Full body;terrain hardcore
amrap_full_body_groupe_intermediaire_45;AMRAP Full body Groupe 45 min;45 min;amrap;Intermédiaire;Groupe;Full body;terrain hardcore
amrap_full_body_maison_intermediaire_10;AMRAP Full body Maison 10 min;10 min;amrap;Intermédiaire;Maison;Full body;terrain hardcore
amrap_full_body_maison_intermediaire_15;AMRAP Full body Maison 15 min;15 min;amrap;Intermédiaire;Maison;Full body;terrain hardcore
amrap_full_body_maison_intermediaire_20;AMRAP Full body Maison 20 min;20 min;amrap;Intermédiaire;Maison;Full body;terrain hardcore
amrap_full_body_maison_intermediaire_25;AMRAP Full body Maison 25 min;25 min;amrap;Intermédiaire;Maison;Full body;terrain hardcore
amrap_full_body_maison_intermediaire_30;AMRAP Full body Maison 30 min;30 min;amrap;Intermédiaire;Maison;Full body;terrain hardcore
amrap_full_body_maison_intermediaire_45;AMRAP Full body Maison 45 min;45 min;amrap;Intermédiaire;Maison;Full body;terrain hardcore
amrap_full_body_salle_intermediaire_10;AMRAP Full body Salle 10 min;10 min;amrap;Intermédiaire;Salle;Full body;terrain hardcore
amrap_full_body_salle_intermediaire_15;AMRAP Full body Salle 15 min;15 min;amrap;Intermédiaire;Salle;Full body;terrain hardcore
amrap_full_body_salle_intermediaire_20;AMRAP Full body Salle 20 min;20 min;amrap;Intermédiaire;Salle;Full body;terrain hardcore
amrap_full_body_salle_intermediaire_25;AMRAP Full body Salle 25 min;25 min;amrap;Intermédiaire;Salle;Full body;terrain hardcore
amrap_full_body_salle_intermediaire_30;AMRAP Full body Salle 30 min;30 min;amrap;Intermédiaire;Salle;Full body;terrain hardcore
amrap_full_body_salle_intermediaire_45;AMRAP Full body Salle 45 min;45 min;amrap;Intermédiaire;Salle;Full body;terrain hardcore
amrap_full_body_exterieur_intermediaire_10;AMRAP Full body Extérieur 10 min;10 min;amrap;Intermédiaire;Extérieur;Full body;terrain hardcore
amrap_full_body_exterieur_intermediaire_15;AMRAP Full body Extérieur 15 min;15 min;amrap;Intermédiaire;Extérieur;Full body;terrain hardcore
amrap_full_body_exterieur_intermediaire_20;AMRAP Full body Extérieur 20 min;20 min;amrap;Intermédiaire;Extérieur;Full body;terrain hardcore
amrap_full_body_exterieur_intermediaire_25;AMRAP Full body Extérieur 25 min;25 min;amrap;Intermédiaire;Extérieur;Full body;terrain hardcore
amrap_full_body_exterieur_intermediaire_30;AMRAP Full body Extérieur 30 min;30 min;amrap;Intermédiaire;Extérieur;Full body;terrain hardcore
amrap_full_body_exterieur_intermediaire_45;AMRAP Full body Extérieur 45 min;45 min;amrap;Intermédiaire;Extérieur;Full body;terrain hardcore
amrap_full_body_coach_intermediaire_10;AMRAP Full body Coach 10 min;10 min;amrap;Intermédiaire;Coach;Full body;terrain hardcore
amrap_full_body_coach_intermediaire_15;AMRAP Full body Coach 15 min;15 min;amrap;Intermédiaire;Coach;Full body;terrain hardcore
amrap_full_body_coach_intermediaire_20;AMRAP Full body Coach 20 min;20 min;amrap;Intermédiaire;Coach;Full body;terrain hardcore
amrap_full_body_coach_intermediaire_25;AMRAP Full body Coach 25 min;25 min;amrap;Intermédiaire;Coach;Full body;terrain hardcore
amrap_full_body_coach_intermediaire_30;AMRAP Full body Coach 30 min;30 min;amrap;Intermédiaire;Coach;Full body;terrain hardcore
amrap_full_body_coach_intermediaire_45;AMRAP Full body Coach 45 min;45 min;amrap;Intermédiaire;Coach;Full body;terrain hardcore
amrap_full_body_solo_avance_10;AMRAP Full body Solo 10 min;10 min;amrap;Avancé;Solo;Full body;terrain hardcore
amrap_full_body_solo_avance_15;AMRAP Full body Solo 15 min;15 min;amrap;Avancé;Solo;Full body;terrain hardcore
amrap_full_body_solo_avance_20;AMRAP Full body Solo 20 min;20 min;amrap;Avancé;Solo;Full body;terrain hardcore
amrap_full_body_solo_avance_25;AMRAP Full body Solo 25 min;25 min;amrap;Avancé;Solo;Full body;terrain hardcore
amrap_full_body_solo_avance_30;AMRAP Full body Solo 30 min;30 min;amrap;Avancé;Solo;Full body;terrain hardcore
amrap_full_body_solo_avance_45;AMRAP Full body Solo 45 min;45 min;amrap;Avancé;Solo;Full body;terrain hardcore
amrap_full_body_groupe_avance_10;AMRAP Full body Groupe 10 min;10 min;amrap;Avancé;Groupe;Full body;terrain hardcore
amrap_full_body_groupe_avance_15;AMRAP Full body Groupe 15 min;15 min;amrap;Avancé;Groupe;Full body;terrain hardcore
amrap_full_body_groupe_avance_20;AMRAP Full body Groupe 20 min;20 min;amrap;Avancé;Groupe;Full body;terrain hardcore
amrap_full_body_groupe_avance_25;AMRAP Full body Groupe 25 min;25 min;amrap;Avancé;Groupe;Full body;terrain hardcore
amrap_full_body_groupe_avance_30;AMRAP Full body Groupe 30 min;30 min;amrap;Avancé;Groupe;Full body;terrain hardcore
amrap_full_body_groupe_avance_45;AMRAP Full body Groupe 45 min;45 min;amrap;Avancé;Groupe;Full body;terrain hardcore
amrap_full_body_maison_avance_10;AMRAP Full body Maison 10 min;10 min;amrap;Avancé;Maison;Full body;terrain hardcore
amrap_full_body_maison_avance_15;AMRAP Full body Maison 15 min;15 min;amrap;Avancé;Maison;Full body;terrain hardcore
amrap_full_body_maison_avance_20;AMRAP Full body Maison 20 min;20 min;amrap;Avancé;Maison;Full body;terrain hardcore
amrap_full_body_maison_avance_25;AMRAP Full body Maison 25 min;25 min;amrap;Avancé;Maison;Full body;terrain hardcore
amrap_full_body_maison_avance_30;AMRAP Full body Maison 30 min;30 min;amrap;Avancé;Maison;Full body;terrain hardcore
amrap_full_body_maison_avance_45;AMRAP Full body Maison 45 min;45 min;amrap;Avancé;Maison;Full body;terrain hardcore
amrap_full_body_salle_avance_10;AMRAP Full body Salle 10 min;10 min;amrap;Avancé;Salle;Full body;terrain hardcore
amrap_full_body_salle_avance_15;AMRAP Full body Salle 15 min;15 min;amrap;Avancé;Salle;Full body;terrain hardcore
amrap_full_body_salle_avance_20;AMRAP Full body Salle 20 min;20 min;amrap;Avancé;Salle;Full body;terrain hardcore
amrap_full_body_salle_avance_25;AMRAP Full body Salle 25 min;25 min;amrap;Avancé;Salle;Full body;terrain hardcore
amrap_full_body_salle_avance_30;AMRAP Full body Salle 30 min;30 min;amrap;Avancé;Salle;Full body;terrain hardcore
amrap_full_body_salle_avance_45;AMRAP Full body Salle 45 min;45 min;amrap;Avancé;Salle;Full body;terrain hardcore
amrap_full_body_exterieur_avance_10;AMRAP Full body Extérieur 10 min;10 min;amrap;Avancé;Extérieur;Full body;terrain hardcore
amrap_full_body_exterieur_avance_15;AMRAP Full body Extérieur 15 min;15 min;amrap;Avancé;Extérieur;Full body;terrain hardcore
amrap_full_body_exterieur_avance_20;AMRAP Full body Extérieur 20 min;20 min;amrap;Avancé;Extérieur;Full body;terrain hardcore
amrap_full_body_exterieur_avance_25;AMRAP Full body Extérieur 25 min;25 min;amrap;Avancé;Extérieur;Full body;terrain hardcore
amrap_full_body_exterieur_avance_30;AMRAP Full body Extérieur 30 min;30 min;amrap;Avancé;Extérieur;Full body;terrain hardcore
amrap_full_body_exterieur_avance_45;AMRAP Full body Extérieur 45 min;45 min;amrap;Avancé;Extérieur;Full body;terrain hardcore
amrap_full_body_coach_avance_10;AMRAP Full body Coach 10 min;10 min;amrap;Avancé;Coach;Full body;terrain hardcore
amrap_full_body_coach_avance_15;AMRAP Full body Coach 15 min;15 min;amrap;Avancé;Coach;Full body;terrain hardcore
amrap_full_body_coach_avance_20;AMRAP Full body Coach 20 min;20 min;amrap;Avancé;Coach;Full body;terrain hardcore
amrap_full_body_coach_avance_25;AMRAP Full body Coach 25 min;25 min;amrap;Avancé;Coach;Full body;terrain hardcore
amrap_full_body_coach_avance_30;AMRAP Full body Coach 30 min;30 min;amrap;Avancé;Coach;Full body;terrain hardcore
amrap_full_body_coach_avance_45;AMRAP Full body Coach 45 min;45 min;amrap;Avancé;Coach;Full body;terrain hardcore
amrap_full_body_solo_expert_10;AMRAP Full body Solo 10 min;10 min;amrap;Expert;Solo;Full body;terrain hardcore
amrap_full_body_solo_expert_15;AMRAP Full body Solo 15 min;15 min;amrap;Expert;Solo;Full body;terrain hardcore
amrap_full_body_solo_expert_20;AMRAP Full body Solo 20 min;20 min;amrap;Expert;Solo;Full body;terrain hardcore
amrap_full_body_solo_expert_25;AMRAP Full body Solo 25 min;25 min;amrap;Expert;Solo;Full body;terrain hardcore
amrap_full_body_solo_expert_30;AMRAP Full body Solo 30 min;30 min;amrap;Expert;Solo;Full body;terrain hardcore
amrap_full_body_solo_expert_45;AMRAP Full body Solo 45 min;45 min;amrap;Expert;Solo;Full body;terrain hardcore
amrap_full_body_groupe_expert_10;AMRAP Full body Groupe 10 min;10 min;amrap;Expert;Groupe;Full body;terrain hardcore
amrap_full_body_groupe_expert_15;AMRAP Full body Groupe 15 min;15 min;amrap;Expert;Groupe;Full body;terrain hardcore
amrap_full_body_groupe_expert_20;AMRAP Full body Groupe 20 min;20 min;amrap;Expert;Groupe;Full body;terrain hardcore
amrap_full_body_groupe_expert_25;AMRAP Full body Groupe 25 min;25 min;amrap;Expert;Groupe;Full body;terrain hardcore
amrap_full_body_groupe_expert_30;AMRAP Full body Groupe 30 min;30 min;amrap;Expert;Groupe;Full body;terrain hardcore
amrap_full_body_groupe_expert_45;AMRAP Full body Groupe 45 min;45 min;amrap;Expert;Groupe;Full body;terrain hardcore
emom_full_body_solo_debutant_10;EMOM Full body Solo 10 min;10 min;emom;Débutant;Solo;Full body;coach intelligent
emom_full_body_solo_debutant_15;EMOM Full body Solo 15 min;15 min;emom;Débutant;Solo;Full body;coach intelligent
emom_full_body_solo_debutant_20;EMOM Full body Solo 20 min;20 min;emom;Débutant;Solo;Full body;coach intelligent
emom_full_body_solo_debutant_25;EMOM Full body Solo 25 min;25 min;emom;Débutant;Solo;Full body;coach intelligent
emom_full_body_solo_debutant_30;EMOM Full body Solo 30 min;30 min;emom;Débutant;Solo;Full body;coach intelligent
emom_full_body_solo_debutant_45;EMOM Full body Solo 45 min;45 min;emom;Débutant;Solo;Full body;coach intelligent
emom_full_body_groupe_debutant_10;EMOM Full body Groupe 10 min;10 min;emom;Débutant;Groupe;Full body;coach intelligent
emom_full_body_groupe_debutant_15;EMOM Full body Groupe 15 min;15 min;emom;Débutant;Groupe;Full body;coach intelligent
emom_full_body_groupe_debutant_20;EMOM Full body Groupe 20 min;20 min;emom;Débutant;Groupe;Full body;coach intelligent
emom_full_body_groupe_debutant_25;EMOM Full body Groupe 25 min;25 min;emom;Débutant;Groupe;Full body;coach intelligent
emom_full_body_groupe_debutant_30;EMOM Full body Groupe 30 min;30 min;emom;Débutant;Groupe;Full body;coach intelligent
emom_full_body_groupe_debutant_45;EMOM Full body Groupe 45 min;45 min;emom;Débutant;Groupe;Full body;coach intelligent
emom_full_body_maison_debutant_10;EMOM Full body Maison 10 min;10 min;emom;Débutant;Maison;Full body;coach intelligent
emom_full_body_maison_debutant_15;EMOM Full body Maison 15 min;15 min;emom;Débutant;Maison;Full body;coach intelligent
emom_full_body_maison_debutant_20;EMOM Full body Maison 20 min;20 min;emom;Débutant;Maison;Full body;coach intelligent
emom_full_body_maison_debutant_25;EMOM Full body Maison 25 min;25 min;emom;Débutant;Maison;Full body;coach intelligent
emom_full_body_maison_debutant_30;EMOM Full body Maison 30 min;30 min;emom;Débutant;Maison;Full body;coach intelligent
emom_full_body_maison_debutant_45;EMOM Full body Maison 45 min;45 min;emom;Débutant;Maison;Full body;coach intelligent
emom_full_body_salle_debutant_10;EMOM Full body Salle 10 min;10 min;emom;Débutant;Salle;Full body;coach intelligent
emom_full_body_salle_debutant_15;EMOM Full body Salle 15 min;15 min;emom;Débutant;Salle;Full body;coach intelligent
emom_full_body_salle_debutant_20;EMOM Full body Salle 20 min;20 min;emom;Débutant;Salle;Full body;coach intelligent
emom_full_body_salle_debutant_25;EMOM Full body Salle 25 min;25 min;emom;Débutant;Salle;Full body;coach intelligent
emom_full_body_salle_debutant_30;EMOM Full body Salle 30 min;30 min;emom;Débutant;Salle;Full body;coach intelligent
emom_full_body_salle_debutant_45;EMOM Full body Salle 45 min;45 min;emom;Débutant;Salle;Full body;coach intelligent
emom_full_body_exterieur_debutant_10;EMOM Full body Extérieur 10 min;10 min;emom;Débutant;Extérieur;Full body;coach intelligent
emom_full_body_exterieur_debutant_15;EMOM Full body Extérieur 15 min;15 min;emom;Débutant;Extérieur;Full body;coach intelligent
emom_full_body_exterieur_debutant_20;EMOM Full body Extérieur 20 min;20 min;emom;Débutant;Extérieur;Full body;coach intelligent
emom_full_body_exterieur_debutant_25;EMOM Full body Extérieur 25 min;25 min;emom;Débutant;Extérieur;Full body;coach intelligent
emom_full_body_exterieur_debutant_30;EMOM Full body Extérieur 30 min;30 min;emom;Débutant;Extérieur;Full body;coach intelligent
emom_full_body_exterieur_debutant_45;EMOM Full body Extérieur 45 min;45 min;emom;Débutant;Extérieur;Full body;coach intelligent
emom_full_body_coach_debutant_10;EMOM Full body Coach 10 min;10 min;emom;Débutant;Coach;Full body;coach intelligent
emom_full_body_coach_debutant_15;EMOM Full body Coach 15 min;15 min;emom;Débutant;Coach;Full body;coach intelligent
emom_full_body_coach_debutant_20;EMOM Full body Coach 20 min;20 min;emom;Débutant;Coach;Full body;coach intelligent
emom_full_body_coach_debutant_25;EMOM Full body Coach 25 min;25 min;emom;Débutant;Coach;Full body;coach intelligent
emom_full_body_coach_debutant_30;EMOM Full body Coach 30 min;30 min;emom;Débutant;Coach;Full body;coach intelligent
emom_full_body_coach_debutant_45;EMOM Full body Coach 45 min;45 min;emom;Débutant;Coach;Full body;coach intelligent
emom_full_body_solo_intermediaire_10;EMOM Full body Solo 10 min;10 min;emom;Intermédiaire;Solo;Full body;coach intelligent
emom_full_body_solo_intermediaire_15;EMOM Full body Solo 15 min;15 min;emom;Intermédiaire;Solo;Full body;coach intelligent
emom_full_body_solo_intermediaire_20;EMOM Full body Solo 20 min;20 min;emom;Intermédiaire;Solo;Full body;coach intelligent
emom_full_body_solo_intermediaire_25;EMOM Full body Solo 25 min;25 min;emom;Intermédiaire;Solo;Full body;coach intelligent
emom_full_body_solo_intermediaire_30;EMOM Full body Solo 30 min;30 min;emom;Intermédiaire;Solo;Full body;coach intelligent
emom_full_body_solo_intermediaire_45;EMOM Full body Solo 45 min;45 min;emom;Intermédiaire;Solo;Full body;coach intelligent
emom_full_body_groupe_intermediaire_10;EMOM Full body Groupe 10 min;10 min;emom;Intermédiaire;Groupe;Full body;coach intelligent
emom_full_body_groupe_intermediaire_15;EMOM Full body Groupe 15 min;15 min;emom;Intermédiaire;Groupe;Full body;coach intelligent
emom_full_body_groupe_intermediaire_20;EMOM Full body Groupe 20 min;20 min;emom;Intermédiaire;Groupe;Full body;coach intelligent
emom_full_body_groupe_intermediaire_25;EMOM Full body Groupe 25 min;25 min;emom;Intermédiaire;Groupe;Full body;coach intelligent
emom_full_body_groupe_intermediaire_30;EMOM Full body Groupe 30 min;30 min;emom;Intermédiaire;Groupe;Full body;coach intelligent
emom_full_body_groupe_intermediaire_45;EMOM Full body Groupe 45 min;45 min;emom;Intermédiaire;Groupe;Full body;coach intelligent
emom_full_body_maison_intermediaire_10;EMOM Full body Maison 10 min;10 min;emom;Intermédiaire;Maison;Full body;coach intelligent
emom_full_body_maison_intermediaire_15;EMOM Full body Maison 15 min;15 min;emom;Intermédiaire;Maison;Full body;coach intelligent
emom_full_body_maison_intermediaire_20;EMOM Full body Maison 20 min;20 min;emom;Intermédiaire;Maison;Full body;coach intelligent
emom_full_body_maison_intermediaire_25;EMOM Full body Maison 25 min;25 min;emom;Intermédiaire;Maison;Full body;coach intelligent
emom_full_body_maison_intermediaire_30;EMOM Full body Maison 30 min;30 min;emom;Intermédiaire;Maison;Full body;coach intelligent
emom_full_body_maison_intermediaire_45;EMOM Full body Maison 45 min;45 min;emom;Intermédiaire;Maison;Full body;coach intelligent
emom_full_body_salle_intermediaire_10;EMOM Full body Salle 10 min;10 min;emom;Intermédiaire;Salle;Full body;coach intelligent
emom_full_body_salle_intermediaire_15;EMOM Full body Salle 15 min;15 min;emom;Intermédiaire;Salle;Full body;coach intelligent
emom_full_body_salle_intermediaire_20;EMOM Full body Salle 20 min;20 min;emom;Intermédiaire;Salle;Full body;coach intelligent
emom_full_body_salle_intermediaire_25;EMOM Full body Salle 25 min;25 min;emom;Intermédiaire;Salle;Full body;coach intelligent
emom_full_body_salle_intermediaire_30;EMOM Full body Salle 30 min;30 min;emom;Intermédiaire;Salle;Full body;coach intelligent
emom_full_body_salle_intermediaire_45;EMOM Full body Salle 45 min;45 min;emom;Intermédiaire;Salle;Full body;coach intelligent
emom_full_body_exterieur_intermediaire_10;EMOM Full body Extérieur 10 min;10 min;emom;Intermédiaire;Extérieur;Full body;coach intelligent
emom_full_body_exterieur_intermediaire_15;EMOM Full body Extérieur 15 min;15 min;emom;Intermédiaire;Extérieur;Full body;coach intelligent
emom_full_body_exterieur_intermediaire_20;EMOM Full body Extérieur 20 min;20 min;emom;Intermédiaire;Extérieur;Full body;coach intelligent
emom_full_body_exterieur_intermediaire_25;EMOM Full body Extérieur 25 min;25 min;emom;Intermédiaire;Extérieur;Full body;coach intelligent
emom_full_body_exterieur_intermediaire_30;EMOM Full body Extérieur 30 min;30 min;emom;Intermédiaire;Extérieur;Full body;coach intelligent
emom_full_body_exterieur_intermediaire_45;EMOM Full body Extérieur 45 min;45 min;emom;Intermédiaire;Extérieur;Full body;coach intelligent
emom_full_body_coach_intermediaire_10;EMOM Full body Coach 10 min;10 min;emom;Intermédiaire;Coach;Full body;coach intelligent
emom_full_body_coach_intermediaire_15;EMOM Full body Coach 15 min;15 min;emom;Intermédiaire;Coach;Full body;coach intelligent
emom_full_body_coach_intermediaire_20;EMOM Full body Coach 20 min;20 min;emom;Intermédiaire;Coach;Full body;coach intelligent
emom_full_body_coach_intermediaire_25;EMOM Full body Coach 25 min;25 min;emom;Intermédiaire;Coach;Full body;coach intelligent
emom_full_body_coach_intermediaire_30;EMOM Full body Coach 30 min;30 min;emom;Intermédiaire;Coach;Full body;coach intelligent
emom_full_body_coach_intermediaire_45;EMOM Full body Coach 45 min;45 min;emom;Intermédiaire;Coach;Full body;coach intelligent
emom_full_body_solo_avance_10;EMOM Full body Solo 10 min;10 min;emom;Avancé;Solo;Full body;coach intelligent
emom_full_body_solo_avance_15;EMOM Full body Solo 15 min;15 min;emom;Avancé;Solo;Full body;coach intelligent
emom_full_body_solo_avance_20;EMOM Full body Solo 20 min;20 min;emom;Avancé;Solo;Full body;coach intelligent
emom_full_body_solo_avance_25;EMOM Full body Solo 25 min;25 min;emom;Avancé;Solo;Full body;coach intelligent
emom_full_body_solo_avance_30;EMOM Full body Solo 30 min;30 min;emom;Avancé;Solo;Full body;coach intelligent
emom_full_body_solo_avance_45;EMOM Full body Solo 45 min;45 min;emom;Avancé;Solo;Full body;coach intelligent
emom_full_body_groupe_avance_10;EMOM Full body Groupe 10 min;10 min;emom;Avancé;Groupe;Full body;coach intelligent
emom_full_body_groupe_avance_15;EMOM Full body Groupe 15 min;15 min;emom;Avancé;Groupe;Full body;coach intelligent
emom_full_body_groupe_avance_20;EMOM Full body Groupe 20 min;20 min;emom;Avancé;Groupe;Full body;coach intelligent
emom_full_body_groupe_avance_25;EMOM Full body Groupe 25 min;25 min;emom;Avancé;Groupe;Full body;coach intelligent
emom_full_body_groupe_avance_30;EMOM Full body Groupe 30 min;30 min;emom;Avancé;Groupe;Full body;coach intelligent
emom_full_body_groupe_avance_45;EMOM Full body Groupe 45 min;45 min;emom;Avancé;Groupe;Full body;coach intelligent
emom_full_body_maison_avance_10;EMOM Full body Maison 10 min;10 min;emom;Avancé;Maison;Full body;coach intelligent
emom_full_body_maison_avance_15;EMOM Full body Maison 15 min;15 min;emom;Avancé;Maison;Full body;coach intelligent
emom_full_body_maison_avance_20;EMOM Full body Maison 20 min;20 min;emom;Avancé;Maison;Full body;coach intelligent
emom_full_body_maison_avance_25;EMOM Full body Maison 25 min;25 min;emom;Avancé;Maison;Full body;coach intelligent
emom_full_body_maison_avance_30;EMOM Full body Maison 30 min;30 min;emom;Avancé;Maison;Full body;coach intelligent
emom_full_body_maison_avance_45;EMOM Full body Maison 45 min;45 min;emom;Avancé;Maison;Full body;coach intelligent
emom_full_body_salle_avance_10;EMOM Full body Salle 10 min;10 min;emom;Avancé;Salle;Full body;coach intelligent
emom_full_body_salle_avance_15;EMOM Full body Salle 15 min;15 min;emom;Avancé;Salle;Full body;coach intelligent
emom_full_body_salle_avance_20;EMOM Full body Salle 20 min;20 min;emom;Avancé;Salle;Full body;coach intelligent
emom_full_body_salle_avance_25;EMOM Full body Salle 25 min;25 min;emom;Avancé;Salle;Full body;coach intelligent
emom_full_body_salle_avance_30;EMOM Full body Salle 30 min;30 min;emom;Avancé;Salle;Full body;coach intelligent
emom_full_body_salle_avance_45;EMOM Full body Salle 45 min;45 min;emom;Avancé;Salle;Full body;coach intelligent
emom_full_body_exterieur_avance_10;EMOM Full body Extérieur 10 min;10 min;emom;Avancé;Extérieur;Full body;coach intelligent
emom_full_body_exterieur_avance_15;EMOM Full body Extérieur 15 min;15 min;emom;Avancé;Extérieur;Full body;coach intelligent
emom_full_body_exterieur_avance_20;EMOM Full body Extérieur 20 min;20 min;emom;Avancé;Extérieur;Full body;coach intelligent
emom_full_body_exterieur_avance_25;EMOM Full body Extérieur 25 min;25 min;emom;Avancé;Extérieur;Full body;coach intelligent
emom_full_body_exterieur_avance_30;EMOM Full body Extérieur 30 min;30 min;emom;Avancé;Extérieur;Full body;coach intelligent
emom_full_body_exterieur_avance_45;EMOM Full body Extérieur 45 min;45 min;emom;Avancé;Extérieur;Full body;coach intelligent
emom_full_body_coach_avance_10;EMOM Full body Coach 10 min;10 min;emom;Avancé;Coach;Full body;coach intelligent
emom_full_body_coach_avance_15;EMOM Full body Coach 15 min;15 min;emom;Avancé;Coach;Full body;coach intelligent
emom_full_body_coach_avance_20;EMOM Full body Coach 20 min;20 min;emom;Avancé;Coach;Full body;coach intelligent
emom_full_body_coach_avance_25;EMOM Full body Coach 25 min;25 min;emom;Avancé;Coach;Full body;coach intelligent
emom_full_body_coach_avance_30;EMOM Full body Coach 30 min;30 min;emom;Avancé;Coach;Full body;coach intelligent
emom_full_body_coach_avance_45;EMOM Full body Coach 45 min;45 min;emom;Avancé;Coach;Full body;coach intelligent
emom_full_body_solo_expert_10;EMOM Full body Solo 10 min;10 min;emom;Expert;Solo;Full body;coach intelligent
emom_full_body_solo_expert_15;EMOM Full body Solo 15 min;15 min;emom;Expert;Solo;Full body;coach intelligent
emom_full_body_solo_expert_20;EMOM Full body Solo 20 min;20 min;emom;Expert;Solo;Full body;coach intelligent
emom_full_body_solo_expert_25;EMOM Full body Solo 25 min;25 min;emom;Expert;Solo;Full body;coach intelligent
emom_full_body_solo_expert_30;EMOM Full body Solo 30 min;30 min;emom;Expert;Solo;Full body;coach intelligent
emom_full_body_solo_expert_45;EMOM Full body Solo 45 min;45 min;emom;Expert;Solo;Full body;coach intelligent
emom_full_body_groupe_expert_10;EMOM Full body Groupe 10 min;10 min;emom;Expert;Groupe;Full body;coach intelligent
emom_full_body_groupe_expert_15;EMOM Full body Groupe 15 min;15 min;emom;Expert;Groupe;Full body;coach intelligent
emom_full_body_groupe_expert_20;EMOM Full body Groupe 20 min;20 min;emom;Expert;Groupe;Full body;coach intelligent
emom_full_body_groupe_expert_25;EMOM Full body Groupe 25 min;25 min;emom;Expert;Groupe;Full body;coach intelligent
emom_full_body_groupe_expert_30;EMOM Full body Groupe 30 min;30 min;emom;Expert;Groupe;Full body;coach intelligent
emom_full_body_groupe_expert_45;EMOM Full body Groupe 45 min;45 min;emom;Expert;Groupe;Full body;coach intelligent
for_time_full_body_solo_debutant_10;For Time Full body Solo 10 min;10 min;for_time;Débutant;Solo;Full body;terrain hardcore
for_time_full_body_solo_debutant_15;For Time Full body Solo 15 min;15 min;for_time;Débutant;Solo;Full body;terrain hardcore
for_time_full_body_solo_debutant_20;For Time Full body Solo 20 min;20 min;for_time;Débutant;Solo;Full body;terrain hardcore
for_time_full_body_solo_debutant_30;For Time Full body Solo 30 min;30 min;for_time;Débutant;Solo;Full body;terrain hardcore
for_time_full_body_solo_debutant_45;For Time Full body Solo 45 min;45 min;for_time;Débutant;Solo;Full body;terrain hardcore
for_time_full_body_groupe_debutant_10;For Time Full body Groupe 10 min;10 min;for_time;Débutant;Groupe;Full body;terrain hardcore
for_time_full_body_groupe_debutant_15;For Time Full body Groupe 15 min;15 min;for_time;Débutant;Groupe;Full body;terrain hardcore
for_time_full_body_groupe_debutant_20;For Time Full body Groupe 20 min;20 min;for_time;Débutant;Groupe;Full body;terrain hardcore
for_time_full_body_groupe_debutant_30;For Time Full body Groupe 30 min;30 min;for_time;Débutant;Groupe;Full body;terrain hardcore
for_time_full_body_groupe_debutant_45;For Time Full body Groupe 45 min;45 min;for_time;Débutant;Groupe;Full body;terrain hardcore
for_time_full_body_maison_debutant_10;For Time Full body Maison 10 min;10 min;for_time;Débutant;Maison;Full body;terrain hardcore
for_time_full_body_maison_debutant_15;For Time Full body Maison 15 min;15 min;for_time;Débutant;Maison;Full body;terrain hardcore
for_time_full_body_maison_debutant_20;For Time Full body Maison 20 min;20 min;for_time;Débutant;Maison;Full body;terrain hardcore
for_time_full_body_maison_debutant_30;For Time Full body Maison 30 min;30 min;for_time;Débutant;Maison;Full body;terrain hardcore
for_time_full_body_maison_debutant_45;For Time Full body Maison 45 min;45 min;for_time;Débutant;Maison;Full body;terrain hardcore
for_time_full_body_salle_debutant_10;For Time Full body Salle 10 min;10 min;for_time;Débutant;Salle;Full body;terrain hardcore
for_time_full_body_salle_debutant_15;For Time Full body Salle 15 min;15 min;for_time;Débutant;Salle;Full body;terrain hardcore
for_time_full_body_salle_debutant_20;For Time Full body Salle 20 min;20 min;for_time;Débutant;Salle;Full body;terrain hardcore
for_time_full_body_salle_debutant_30;For Time Full body Salle 30 min;30 min;for_time;Débutant;Salle;Full body;terrain hardcore
for_time_full_body_salle_debutant_45;For Time Full body Salle 45 min;45 min;for_time;Débutant;Salle;Full body;terrain hardcore
for_time_full_body_exterieur_debutant_10;For Time Full body Extérieur 10 min;10 min;for_time;Débutant;Extérieur;Full body;terrain hardcore
for_time_full_body_exterieur_debutant_15;For Time Full body Extérieur 15 min;15 min;for_time;Débutant;Extérieur;Full body;terrain hardcore
for_time_full_body_exterieur_debutant_20;For Time Full body Extérieur 20 min;20 min;for_time;Débutant;Extérieur;Full body;terrain hardcore
for_time_full_body_exterieur_debutant_30;For Time Full body Extérieur 30 min;30 min;for_time;Débutant;Extérieur;Full body;terrain hardcore
for_time_full_body_exterieur_debutant_45;For Time Full body Extérieur 45 min;45 min;for_time;Débutant;Extérieur;Full body;terrain hardcore
for_time_full_body_coach_debutant_10;For Time Full body Coach 10 min;10 min;for_time;Débutant;Coach;Full body;terrain hardcore
for_time_full_body_coach_debutant_15;For Time Full body Coach 15 min;15 min;for_time;Débutant;Coach;Full body;terrain hardcore
for_time_full_body_coach_debutant_20;For Time Full body Coach 20 min;20 min;for_time;Débutant;Coach;Full body;terrain hardcore
for_time_full_body_coach_debutant_30;For Time Full body Coach 30 min;30 min;for_time;Débutant;Coach;Full body;terrain hardcore
for_time_full_body_coach_debutant_45;For Time Full body Coach 45 min;45 min;for_time;Débutant;Coach;Full body;terrain hardcore
for_time_full_body_solo_intermediaire_10;For Time Full body Solo 10 min;10 min;for_time;Intermédiaire;Solo;Full body;terrain hardcore
for_time_full_body_solo_intermediaire_15;For Time Full body Solo 15 min;15 min;for_time;Intermédiaire;Solo;Full body;terrain hardcore
for_time_full_body_solo_intermediaire_20;For Time Full body Solo 20 min;20 min;for_time;Intermédiaire;Solo;Full body;terrain hardcore
for_time_full_body_solo_intermediaire_30;For Time Full body Solo 30 min;30 min;for_time;Intermédiaire;Solo;Full body;terrain hardcore
for_time_full_body_solo_intermediaire_45;For Time Full body Solo 45 min;45 min;for_time;Intermédiaire;Solo;Full body;terrain hardcore
for_time_full_body_groupe_intermediaire_10;For Time Full body Groupe 10 min;10 min;for_time;Intermédiaire;Groupe;Full body;terrain hardcore
for_time_full_body_groupe_intermediaire_15;For Time Full body Groupe 15 min;15 min;for_time;Intermédiaire;Groupe;Full body;terrain hardcore
for_time_full_body_groupe_intermediaire_20;For Time Full body Groupe 20 min;20 min;for_time;Intermédiaire;Groupe;Full body;terrain hardcore
for_time_full_body_groupe_intermediaire_30;For Time Full body Groupe 30 min;30 min;for_time;Intermédiaire;Groupe;Full body;terrain hardcore
for_time_full_body_groupe_intermediaire_45;For Time Full body Groupe 45 min;45 min;for_time;Intermédiaire;Groupe;Full body;terrain hardcore
for_time_full_body_maison_intermediaire_10;For Time Full body Maison 10 min;10 min;for_time;Intermédiaire;Maison;Full body;terrain hardcore
for_time_full_body_maison_intermediaire_15;For Time Full body Maison 15 min;15 min;for_time;Intermédiaire;Maison;Full body;terrain hardcore
for_time_full_body_maison_intermediaire_20;For Time Full body Maison 20 min;20 min;for_time;Intermédiaire;Maison;Full body;terrain hardcore
for_time_full_body_maison_intermediaire_30;For Time Full body Maison 30 min;30 min;for_time;Intermédiaire;Maison;Full body;terrain hardcore
for_time_full_body_maison_intermediaire_45;For Time Full body Maison 45 min;45 min;for_time;Intermédiaire;Maison;Full body;terrain hardcore
for_time_full_body_salle_intermediaire_10;For Time Full body Salle 10 min;10 min;for_time;Intermédiaire;Salle;Full body;terrain hardcore
for_time_full_body_salle_intermediaire_15;For Time Full body Salle 15 min;15 min;for_time;Intermédiaire;Salle;Full body;terrain hardcore
for_time_full_body_salle_intermediaire_20;For Time Full body Salle 20 min;20 min;for_time;Intermédiaire;Salle;Full body;terrain hardcore
for_time_full_body_salle_intermediaire_30;For Time Full body Salle 30 min;30 min;for_time;Intermédiaire;Salle;Full body;terrain hardcore
for_time_full_body_salle_intermediaire_45;For Time Full body Salle 45 min;45 min;for_time;Intermédiaire;Salle;Full body;terrain hardcore
for_time_full_body_exterieur_intermediaire_10;For Time Full body Extérieur 10 min;10 min;for_time;Intermédiaire;Extérieur;Full body;terrain hardcore
for_time_full_body_exterieur_intermediaire_15;For Time Full body Extérieur 15 min;15 min;for_time;Intermédiaire;Extérieur;Full body;terrain hardcore
for_time_full_body_exterieur_intermediaire_20;For Time Full body Extérieur 20 min;20 min;for_time;Intermédiaire;Extérieur;Full body;terrain hardcore
for_time_full_body_exterieur_intermediaire_30;For Time Full body Extérieur 30 min;30 min;for_time;Intermédiaire;Extérieur;Full body;terrain hardcore
for_time_full_body_exterieur_intermediaire_45;For Time Full body Extérieur 45 min;45 min;for_time;Intermédiaire;Extérieur;Full body;terrain hardcore
for_time_full_body_coach_intermediaire_10;For Time Full body Coach 10 min;10 min;for_time;Intermédiaire;Coach;Full body;terrain hardcore
for_time_full_body_coach_intermediaire_15;For Time Full body Coach 15 min;15 min;for_time;Intermédiaire;Coach;Full body;terrain hardcore
for_time_full_body_coach_intermediaire_20;For Time Full body Coach 20 min;20 min;for_time;Intermédiaire;Coach;Full body;terrain hardcore
for_time_full_body_coach_intermediaire_30;For Time Full body Coach 30 min;30 min;for_time;Intermédiaire;Coach;Full body;terrain hardcore
for_time_full_body_coach_intermediaire_45;For Time Full body Coach 45 min;45 min;for_time;Intermédiaire;Coach;Full body;terrain hardcore
for_time_full_body_solo_avance_10;For Time Full body Solo 10 min;10 min;for_time;Avancé;Solo;Full body;terrain hardcore
for_time_full_body_solo_avance_15;For Time Full body Solo 15 min;15 min;for_time;Avancé;Solo;Full body;terrain hardcore
for_time_full_body_solo_avance_20;For Time Full body Solo 20 min;20 min;for_time;Avancé;Solo;Full body;terrain hardcore
for_time_full_body_solo_avance_30;For Time Full body Solo 30 min;30 min;for_time;Avancé;Solo;Full body;terrain hardcore
for_time_full_body_solo_avance_45;For Time Full body Solo 45 min;45 min;for_time;Avancé;Solo;Full body;terrain hardcore
for_time_full_body_groupe_avance_10;For Time Full body Groupe 10 min;10 min;for_time;Avancé;Groupe;Full body;terrain hardcore
for_time_full_body_groupe_avance_15;For Time Full body Groupe 15 min;15 min;for_time;Avancé;Groupe;Full body;terrain hardcore
for_time_full_body_groupe_avance_20;For Time Full body Groupe 20 min;20 min;for_time;Avancé;Groupe;Full body;terrain hardcore
for_time_full_body_groupe_avance_30;For Time Full body Groupe 30 min;30 min;for_time;Avancé;Groupe;Full body;terrain hardcore
for_time_full_body_groupe_avance_45;For Time Full body Groupe 45 min;45 min;for_time;Avancé;Groupe;Full body;terrain hardcore
for_time_full_body_maison_avance_10;For Time Full body Maison 10 min;10 min;for_time;Avancé;Maison;Full body;terrain hardcore
for_time_full_body_maison_avance_15;For Time Full body Maison 15 min;15 min;for_time;Avancé;Maison;Full body;terrain hardcore
for_time_full_body_maison_avance_20;For Time Full body Maison 20 min;20 min;for_time;Avancé;Maison;Full body;terrain hardcore
for_time_full_body_maison_avance_30;For Time Full body Maison 30 min;30 min;for_time;Avancé;Maison;Full body;terrain hardcore
for_time_full_body_maison_avance_45;For Time Full body Maison 45 min;45 min;for_time;Avancé;Maison;Full body;terrain hardcore
for_time_full_body_salle_avance_10;For Time Full body Salle 10 min;10 min;for_time;Avancé;Salle;Full body;terrain hardcore
for_time_full_body_salle_avance_15;For Time Full body Salle 15 min;15 min;for_time;Avancé;Salle;Full body;terrain hardcore
for_time_full_body_salle_avance_20;For Time Full body Salle 20 min;20 min;for_time;Avancé;Salle;Full body;terrain hardcore
for_time_full_body_salle_avance_30;For Time Full body Salle 30 min;30 min;for_time;Avancé;Salle;Full body;terrain hardcore
for_time_full_body_salle_avance_45;For Time Full body Salle 45 min;45 min;for_time;Avancé;Salle;Full body;terrain hardcore
for_time_full_body_exterieur_avance_10;For Time Full body Extérieur 10 min;10 min;for_time;Avancé;Extérieur;Full body;terrain hardcore
for_time_full_body_exterieur_avance_15;For Time Full body Extérieur 15 min;15 min;for_time;Avancé;Extérieur;Full body;terrain hardcore
for_time_full_body_exterieur_avance_20;For Time Full body Extérieur 20 min;20 min;for_time;Avancé;Extérieur;Full body;terrain hardcore
for_time_full_body_exterieur_avance_30;For Time Full body Extérieur 30 min;30 min;for_time;Avancé;Extérieur;Full body;terrain hardcore
for_time_full_body_exterieur_avance_45;For Time Full body Extérieur 45 min;45 min;for_time;Avancé;Extérieur;Full body;terrain hardcore
for_time_full_body_coach_avance_10;For Time Full body Coach 10 min;10 min;for_time;Avancé;Coach;Full body;terrain hardcore
for_time_full_body_coach_avance_15;For Time Full body Coach 15 min;15 min;for_time;Avancé;Coach;Full body;terrain hardcore
for_time_full_body_coach_avance_20;For Time Full body Coach 20 min;20 min;for_time;Avancé;Coach;Full body;terrain hardcore
for_time_full_body_coach_avance_30;For Time Full body Coach 30 min;30 min;for_time;Avancé;Coach;Full body;terrain hardcore
for_time_full_body_coach_avance_45;For Time Full body Coach 45 min;45 min;for_time;Avancé;Coach;Full body;terrain hardcore
for_time_full_body_solo_expert_10;For Time Full body Solo 10 min;10 min;for_time;Expert;Solo;Full body;terrain hardcore
for_time_full_body_solo_expert_15;For Time Full body Solo 15 min;15 min;for_time;Expert;Solo;Full body;terrain hardcore
for_time_full_body_solo_expert_20;For Time Full body Solo 20 min;20 min;for_time;Expert;Solo;Full body;terrain hardcore
for_time_full_body_solo_expert_30;For Time Full body Solo 30 min;30 min;for_time;Expert;Solo;Full body;terrain hardcore
for_time_full_body_solo_expert_45;For Time Full body Solo 45 min;45 min;for_time;Expert;Solo;Full body;terrain hardcore
for_time_full_body_groupe_expert_10;For Time Full body Groupe 10 min;10 min;for_time;Expert;Groupe;Full body;terrain hardcore
for_time_full_body_groupe_expert_15;For Time Full body Groupe 15 min;15 min;for_time;Expert;Groupe;Full body;terrain hardcore
for_time_full_body_groupe_expert_20;For Time Full body Groupe 20 min;20 min;for_time;Expert;Groupe;Full body;terrain hardcore
for_time_full_body_groupe_expert_30;For Time Full body Groupe 30 min;30 min;for_time;Expert;Groupe;Full body;terrain hardcore
for_time_full_body_groupe_expert_45;For Time Full body Groupe 45 min;45 min;for_time;Expert;Groupe;Full body;terrain hardcore
for_time_full_body_maison_expert_10;For Time Full body Maison 10 min;10 min;for_time;Expert;Maison;Full body;terrain hardcore
for_time_full_body_maison_expert_15;For Time Full body Maison 15 min;15 min;for_time;Expert;Maison;Full body;terrain hardcore
for_time_full_body_maison_expert_20;For Time Full body Maison 20 min;20 min;for_time;Expert;Maison;Full body;terrain hardcore
for_time_full_body_maison_expert_30;For Time Full body Maison 30 min;30 min;for_time;Expert;Maison;Full body;terrain hardcore
for_time_full_body_maison_expert_45;For Time Full body Maison 45 min;45 min;for_time;Expert;Maison;Full body;terrain hardcore
for_time_full_body_salle_expert_10;For Time Full body Salle 10 min;10 min;for_time;Expert;Salle;Full body;terrain hardcore
for_time_full_body_salle_expert_15;For Time Full body Salle 15 min;15 min;for_time;Expert;Salle;Full body;terrain hardcore
for_time_full_body_salle_expert_20;For Time Full body Salle 20 min;20 min;for_time;Expert;Salle;Full body;terrain hardcore
for_time_full_body_salle_expert_30;For Time Full body Salle 30 min;30 min;for_time;Expert;Salle;Full body;terrain hardcore
for_time_full_body_salle_expert_45;For Time Full body Salle 45 min;45 min;for_time;Expert;Salle;Full body;terrain hardcore
for_time_full_body_exterieur_expert_10;For Time Full body Extérieur 10 min;10 min;for_time;Expert;Extérieur;Full body;terrain hardcore
for_time_full_body_exterieur_expert_15;For Time Full body Extérieur 15 min;15 min;for_time;Expert;Extérieur;Full body;terrain hardcore
for_time_full_body_exterieur_expert_20;For Time Full body Extérieur 20 min;20 min;for_time;Expert;Extérieur;Full body;terrain hardcore
for_time_full_body_exterieur_expert_30;For Time Full body Extérieur 30 min;30 min;for_time;Expert;Extérieur;Full body;terrain hardcore
for_time_full_body_exterieur_expert_45;For Time Full body Extérieur 45 min;45 min;for_time;Expert;Extérieur;Full body;terrain hardcore
for_time_full_body_coach_expert_10;For Time Full body Coach 10 min;10 min;for_time;Expert;Coach;Full body;terrain hardcore
for_time_full_body_coach_expert_15;For Time Full body Coach 15 min;15 min;for_time;Expert;Coach;Full body;terrain hardcore
for_time_full_body_coach_expert_20;For Time Full body Coach 20 min;20 min;for_time;Expert;Coach;Full body;terrain hardcore
for_time_full_body_coach_expert_30;For Time Full body Coach 30 min;30 min;for_time;Expert;Coach;Full body;terrain hardcore
for_time_full_body_coach_expert_45;For Time Full body Coach 45 min;45 min;for_time;Expert;Coach;Full body;terrain hardcore
circuit_training_full_body_solo_debutant_20;Circuit Training Full body Solo 20 min;20 min;circuit_training;Débutant;Solo;Full body;terrain hardcore
circuit_training_full_body_solo_debutant_30;Circuit Training Full body Solo 30 min;30 min;circuit_training;Débutant;Solo;Full body;terrain hardcore
circuit_training_full_body_solo_debutant_35;Circuit Training Full body Solo 35 min;35 min;circuit_training;Débutant;Solo;Full body;terrain hardcore
circuit_training_full_body_solo_debutant_45;Circuit Training Full body Solo 45 min;45 min;circuit_training;Débutant;Solo;Full body;terrain hardcore
circuit_training_full_body_solo_debutant_60;Circuit Training Full body Solo 60 min;60 min;circuit_training;Débutant;Solo;Full body;terrain hardcore
circuit_training_full_body_groupe_debutant_20;Circuit Training Full body Groupe 20 min;20 min;circuit_training;Débutant;Groupe;Full body;terrain hardcore
circuit_training_full_body_groupe_debutant_30;Circuit Training Full body Groupe 30 min;30 min;circuit_training;Débutant;Groupe;Full body;terrain hardcore
circuit_training_full_body_groupe_debutant_35;Circuit Training Full body Groupe 35 min;35 min;circuit_training;Débutant;Groupe;Full body;terrain hardcore
circuit_training_full_body_groupe_debutant_45;Circuit Training Full body Groupe 45 min;45 min;circuit_training;Débutant;Groupe;Full body;terrain hardcore
circuit_training_full_body_groupe_debutant_60;Circuit Training Full body Groupe 60 min;60 min;circuit_training;Débutant;Groupe;Full body;terrain hardcore
circuit_training_full_body_maison_debutant_20;Circuit Training Full body Maison 20 min;20 min;circuit_training;Débutant;Maison;Full body;terrain hardcore
circuit_training_full_body_maison_debutant_30;Circuit Training Full body Maison 30 min;30 min;circuit_training;Débutant;Maison;Full body;terrain hardcore
circuit_training_full_body_maison_debutant_35;Circuit Training Full body Maison 35 min;35 min;circuit_training;Débutant;Maison;Full body;terrain hardcore
circuit_training_full_body_maison_debutant_45;Circuit Training Full body Maison 45 min;45 min;circuit_training;Débutant;Maison;Full body;terrain hardcore
circuit_training_full_body_maison_debutant_60;Circuit Training Full body Maison 60 min;60 min;circuit_training;Débutant;Maison;Full body;terrain hardcore
circuit_training_full_body_salle_debutant_20;Circuit Training Full body Salle 20 min;20 min;circuit_training;Débutant;Salle;Full body;terrain hardcore
circuit_training_full_body_salle_debutant_30;Circuit Training Full body Salle 30 min;30 min;circuit_training;Débutant;Salle;Full body;terrain hardcore
circuit_training_full_body_salle_debutant_35;Circuit Training Full body Salle 35 min;35 min;circuit_training;Débutant;Salle;Full body;terrain hardcore
circuit_training_full_body_salle_debutant_45;Circuit Training Full body Salle 45 min;45 min;circuit_training;Débutant;Salle;Full body;terrain hardcore
circuit_training_full_body_salle_debutant_60;Circuit Training Full body Salle 60 min;60 min;circuit_training;Débutant;Salle;Full body;terrain hardcore
circuit_training_full_body_exterieur_debutant_20;Circuit Training Full body Extérieur 20 min;20 min;circuit_training;Débutant;Extérieur;Full body;terrain hardcore
circuit_training_full_body_exterieur_debutant_30;Circuit Training Full body Extérieur 30 min;30 min;circuit_training;Débutant;Extérieur;Full body;terrain hardcore
circuit_training_full_body_exterieur_debutant_35;Circuit Training Full body Extérieur 35 min;35 min;circuit_training;Débutant;Extérieur;Full body;terrain hardcore
circuit_training_full_body_exterieur_debutant_45;Circuit Training Full body Extérieur 45 min;45 min;circuit_training;Débutant;Extérieur;Full body;terrain hardcore
circuit_training_full_body_exterieur_debutant_60;Circuit Training Full body Extérieur 60 min;60 min;circuit_training;Débutant;Extérieur;Full body;terrain hardcore
circuit_training_full_body_coach_debutant_20;Circuit Training Full body Coach 20 min;20 min;circuit_training;Débutant;Coach;Full body;terrain hardcore
circuit_training_full_body_coach_debutant_30;Circuit Training Full body Coach 30 min;30 min;circuit_training;Débutant;Coach;Full body;terrain hardcore
circuit_training_full_body_coach_debutant_35;Circuit Training Full body Coach 35 min;35 min;circuit_training;Débutant;Coach;Full body;terrain hardcore
circuit_training_full_body_coach_debutant_45;Circuit Training Full body Coach 45 min;45 min;circuit_training;Débutant;Coach;Full body;terrain hardcore
circuit_training_full_body_coach_debutant_60;Circuit Training Full body Coach 60 min;60 min;circuit_training;Débutant;Coach;Full body;terrain hardcore
circuit_training_full_body_solo_intermediaire_20;Circuit Training Full body Solo 20 min;20 min;circuit_training;Intermédiaire;Solo;Full body;terrain hardcore
circuit_training_full_body_solo_intermediaire_30;Circuit Training Full body Solo 30 min;30 min;circuit_training;Intermédiaire;Solo;Full body;terrain hardcore
circuit_training_full_body_solo_intermediaire_35;Circuit Training Full body Solo 35 min;35 min;circuit_training;Intermédiaire;Solo;Full body;terrain hardcore
circuit_training_full_body_solo_intermediaire_45;Circuit Training Full body Solo 45 min;45 min;circuit_training;Intermédiaire;Solo;Full body;terrain hardcore
circuit_training_full_body_solo_intermediaire_60;Circuit Training Full body Solo 60 min;60 min;circuit_training;Intermédiaire;Solo;Full body;terrain hardcore
circuit_training_full_body_groupe_intermediaire_20;Circuit Training Full body Groupe 20 min;20 min;circuit_training;Intermédiaire;Groupe;Full body;terrain hardcore
circuit_training_full_body_groupe_intermediaire_30;Circuit Training Full body Groupe 30 min;30 min;circuit_training;Intermédiaire;Groupe;Full body;terrain hardcore
circuit_training_full_body_groupe_intermediaire_35;Circuit Training Full body Groupe 35 min;35 min;circuit_training;Intermédiaire;Groupe;Full body;terrain hardcore
circuit_training_full_body_groupe_intermediaire_45;Circuit Training Full body Groupe 45 min;45 min;circuit_training;Intermédiaire;Groupe;Full body;terrain hardcore
circuit_training_full_body_groupe_intermediaire_60;Circuit Training Full body Groupe 60 min;60 min;circuit_training;Intermédiaire;Groupe;Full body;terrain hardcore
circuit_training_full_body_maison_intermediaire_20;Circuit Training Full body Maison 20 min;20 min;circuit_training;Intermédiaire;Maison;Full body;terrain hardcore
circuit_training_full_body_maison_intermediaire_30;Circuit Training Full body Maison 30 min;30 min;circuit_training;Intermédiaire;Maison;Full body;terrain hardcore
circuit_training_full_body_maison_intermediaire_35;Circuit Training Full body Maison 35 min;35 min;circuit_training;Intermédiaire;Maison;Full body;terrain hardcore
circuit_training_full_body_maison_intermediaire_45;Circuit Training Full body Maison 45 min;45 min;circuit_training;Intermédiaire;Maison;Full body;terrain hardcore
circuit_training_full_body_maison_intermediaire_60;Circuit Training Full body Maison 60 min;60 min;circuit_training;Intermédiaire;Maison;Full body;terrain hardcore
circuit_training_full_body_salle_intermediaire_20;Circuit Training Full body Salle 20 min;20 min;circuit_training;Intermédiaire;Salle;Full body;terrain hardcore
circuit_training_full_body_salle_intermediaire_30;Circuit Training Full body Salle 30 min;30 min;circuit_training;Intermédiaire;Salle;Full body;terrain hardcore
circuit_training_full_body_salle_intermediaire_35;Circuit Training Full body Salle 35 min;35 min;circuit_training;Intermédiaire;Salle;Full body;terrain hardcore
circuit_training_full_body_salle_intermediaire_45;Circuit Training Full body Salle 45 min;45 min;circuit_training;Intermédiaire;Salle;Full body;terrain hardcore
circuit_training_full_body_salle_intermediaire_60;Circuit Training Full body Salle 60 min;60 min;circuit_training;Intermédiaire;Salle;Full body;terrain hardcore
circuit_training_full_body_exterieur_intermediaire_20;Circuit Training Full body Extérieur 20 min;20 min;circuit_training;Intermédiaire;Extérieur;Full body;terrain hardcore
circuit_training_full_body_exterieur_intermediaire_30;Circuit Training Full body Extérieur 30 min;30 min;circuit_training;Intermédiaire;Extérieur;Full body;terrain hardcore
circuit_training_full_body_exterieur_intermediaire_35;Circuit Training Full body Extérieur 35 min;35 min;circuit_training;Intermédiaire;Extérieur;Full body;terrain hardcore
circuit_training_full_body_exterieur_intermediaire_45;Circuit Training Full body Extérieur 45 min;45 min;circuit_training;Intermédiaire;Extérieur;Full body;terrain hardcore
circuit_training_full_body_exterieur_intermediaire_60;Circuit Training Full body Extérieur 60 min;60 min;circuit_training;Intermédiaire;Extérieur;Full body;terrain hardcore
circuit_training_full_body_coach_intermediaire_20;Circuit Training Full body Coach 20 min;20 min;circuit_training;Intermédiaire;Coach;Full body;terrain hardcore
circuit_training_full_body_coach_intermediaire_30;Circuit Training Full body Coach 30 min;30 min;circuit_training;Intermédiaire;Coach;Full body;terrain hardcore
circuit_training_full_body_coach_intermediaire_35;Circuit Training Full body Coach 35 min;35 min;circuit_training;Intermédiaire;Coach;Full body;terrain hardcore
circuit_training_full_body_coach_intermediaire_45;Circuit Training Full body Coach 45 min;45 min;circuit_training;Intermédiaire;Coach;Full body;terrain hardcore
circuit_training_full_body_coach_intermediaire_60;Circuit Training Full body Coach 60 min;60 min;circuit_training;Intermédiaire;Coach;Full body;terrain hardcore
circuit_training_full_body_solo_avance_20;Circuit Training Full body Solo 20 min;20 min;circuit_training;Avancé;Solo;Full body;terrain hardcore
circuit_training_full_body_solo_avance_30;Circuit Training Full body Solo 30 min;30 min;circuit_training;Avancé;Solo;Full body;terrain hardcore
circuit_training_full_body_solo_avance_35;Circuit Training Full body Solo 35 min;35 min;circuit_training;Avancé;Solo;Full body;terrain hardcore
circuit_training_full_body_solo_avance_45;Circuit Training Full body Solo 45 min;45 min;circuit_training;Avancé;Solo;Full body;terrain hardcore
circuit_training_full_body_solo_avance_60;Circuit Training Full body Solo 60 min;60 min;circuit_training;Avancé;Solo;Full body;terrain hardcore
circuit_training_full_body_groupe_avance_20;Circuit Training Full body Groupe 20 min;20 min;circuit_training;Avancé;Groupe;Full body;terrain hardcore
circuit_training_full_body_groupe_avance_30;Circuit Training Full body Groupe 30 min;30 min;circuit_training;Avancé;Groupe;Full body;terrain hardcore
circuit_training_full_body_groupe_avance_35;Circuit Training Full body Groupe 35 min;35 min;circuit_training;Avancé;Groupe;Full body;terrain hardcore
circuit_training_full_body_groupe_avance_45;Circuit Training Full body Groupe 45 min;45 min;circuit_training;Avancé;Groupe;Full body;terrain hardcore
circuit_training_full_body_groupe_avance_60;Circuit Training Full body Groupe 60 min;60 min;circuit_training;Avancé;Groupe;Full body;terrain hardcore
circuit_training_full_body_maison_avance_20;Circuit Training Full body Maison 20 min;20 min;circuit_training;Avancé;Maison;Full body;terrain hardcore
circuit_training_full_body_maison_avance_30;Circuit Training Full body Maison 30 min;30 min;circuit_training;Avancé;Maison;Full body;terrain hardcore
circuit_training_full_body_maison_avance_35;Circuit Training Full body Maison 35 min;35 min;circuit_training;Avancé;Maison;Full body;terrain hardcore
circuit_training_full_body_maison_avance_45;Circuit Training Full body Maison 45 min;45 min;circuit_training;Avancé;Maison;Full body;terrain hardcore
circuit_training_full_body_maison_avance_60;Circuit Training Full body Maison 60 min;60 min;circuit_training;Avancé;Maison;Full body;terrain hardcore
circuit_training_full_body_salle_avance_20;Circuit Training Full body Salle 20 min;20 min;circuit_training;Avancé;Salle;Full body;terrain hardcore
circuit_training_full_body_salle_avance_30;Circuit Training Full body Salle 30 min;30 min;circuit_training;Avancé;Salle;Full body;terrain hardcore
circuit_training_full_body_salle_avance_35;Circuit Training Full body Salle 35 min;35 min;circuit_training;Avancé;Salle;Full body;terrain hardcore
circuit_training_full_body_salle_avance_45;Circuit Training Full body Salle 45 min;45 min;circuit_training;Avancé;Salle;Full body;terrain hardcore
circuit_training_full_body_salle_avance_60;Circuit Training Full body Salle 60 min;60 min;circuit_training;Avancé;Salle;Full body;terrain hardcore
circuit_training_full_body_exterieur_avance_20;Circuit Training Full body Extérieur 20 min;20 min;circuit_training;Avancé;Extérieur;Full body;terrain hardcore
circuit_training_full_body_exterieur_avance_30;Circuit Training Full body Extérieur 30 min;30 min;circuit_training;Avancé;Extérieur;Full body;terrain hardcore
circuit_training_full_body_exterieur_avance_35;Circuit Training Full body Extérieur 35 min;35 min;circuit_training;Avancé;Extérieur;Full body;terrain hardcore
circuit_training_full_body_exterieur_avance_45;Circuit Training Full body Extérieur 45 min;45 min;circuit_training;Avancé;Extérieur;Full body;terrain hardcore
circuit_training_full_body_exterieur_avance_60;Circuit Training Full body Extérieur 60 min;60 min;circuit_training;Avancé;Extérieur;Full body;terrain hardcore
circuit_training_full_body_coach_avance_20;Circuit Training Full body Coach 20 min;20 min;circuit_training;Avancé;Coach;Full body;terrain hardcore
circuit_training_full_body_coach_avance_30;Circuit Training Full body Coach 30 min;30 min;circuit_training;Avancé;Coach;Full body;terrain hardcore
circuit_training_full_body_coach_avance_35;Circuit Training Full body Coach 35 min;35 min;circuit_training;Avancé;Coach;Full body;terrain hardcore
circuit_training_full_body_coach_avance_45;Circuit Training Full body Coach 45 min;45 min;circuit_training;Avancé;Coach;Full body;terrain hardcore
circuit_training_full_body_coach_avance_60;Circuit Training Full body Coach 60 min;60 min;circuit_training;Avancé;Coach;Full body;terrain hardcore
circuit_training_full_body_solo_expert_20;Circuit Training Full body Solo 20 min;20 min;circuit_training;Expert;Solo;Full body;terrain hardcore
circuit_training_full_body_solo_expert_30;Circuit Training Full body Solo 30 min;30 min;circuit_training;Expert;Solo;Full body;terrain hardcore
circuit_training_full_body_solo_expert_35;Circuit Training Full body Solo 35 min;35 min;circuit_training;Expert;Solo;Full body;terrain hardcore
circuit_training_full_body_solo_expert_45;Circuit Training Full body Solo 45 min;45 min;circuit_training;Expert;Solo;Full body;terrain hardcore
circuit_training_full_body_solo_expert_60;Circuit Training Full body Solo 60 min;60 min;circuit_training;Expert;Solo;Full body;terrain hardcore
circuit_training_full_body_groupe_expert_20;Circuit Training Full body Groupe 20 min;20 min;circuit_training;Expert;Groupe;Full body;terrain hardcore
circuit_training_full_body_groupe_expert_30;Circuit Training Full body Groupe 30 min;30 min;circuit_training;Expert;Groupe;Full body;terrain hardcore
circuit_training_full_body_groupe_expert_35;Circuit Training Full body Groupe 35 min;35 min;circuit_training;Expert;Groupe;Full body;terrain hardcore
circuit_training_full_body_groupe_expert_45;Circuit Training Full body Groupe 45 min;45 min;circuit_training;Expert;Groupe;Full body;terrain hardcore
circuit_training_full_body_groupe_expert_60;Circuit Training Full body Groupe 60 min;60 min;circuit_training;Expert;Groupe;Full body;terrain hardcore
circuit_training_full_body_maison_expert_20;Circuit Training Full body Maison 20 min;20 min;circuit_training;Expert;Maison;Full body;terrain hardcore
circuit_training_full_body_maison_expert_30;Circuit Training Full body Maison 30 min;30 min;circuit_training;Expert;Maison;Full body;terrain hardcore
circuit_training_full_body_maison_expert_35;Circuit Training Full body Maison 35 min;35 min;circuit_training;Expert;Maison;Full body;terrain hardcore
circuit_training_full_body_maison_expert_45;Circuit Training Full body Maison 45 min;45 min;circuit_training;Expert;Maison;Full body;terrain hardcore
circuit_training_full_body_maison_expert_60;Circuit Training Full body Maison 60 min;60 min;circuit_training;Expert;Maison;Full body;terrain hardcore
circuit_training_full_body_salle_expert_20;Circuit Training Full body Salle 20 min;20 min;circuit_training;Expert;Salle;Full body;terrain hardcore
circuit_training_full_body_salle_expert_30;Circuit Training Full body Salle 30 min;30 min;circuit_training;Expert;Salle;Full body;terrain hardcore
circuit_training_full_body_salle_expert_35;Circuit Training Full body Salle 35 min;35 min;circuit_training;Expert;Salle;Full body;terrain hardcore
circuit_training_full_body_salle_expert_45;Circuit Training Full body Salle 45 min;45 min;circuit_training;Expert;Salle;Full body;terrain hardcore
circuit_training_full_body_salle_expert_60;Circuit Training Full body Salle 60 min;60 min;circuit_training;Expert;Salle;Full body;terrain hardcore
circuit_training_full_body_exterieur_expert_20;Circuit Training Full body Extérieur 20 min;20 min;circuit_training;Expert;Extérieur;Full body;terrain hardcore
circuit_training_full_body_exterieur_expert_30;Circuit Training Full body Extérieur 30 min;30 min;circuit_training;Expert;Extérieur;Full body;terrain hardcore
circuit_training_full_body_exterieur_expert_35;Circuit Training Full body Extérieur 35 min;35 min;circuit_training;Expert;Extérieur;Full body;terrain hardcore
circuit_training_full_body_exterieur_expert_45;Circuit Training Full body Extérieur 45 min;45 min;circuit_training;Expert;Extérieur;Full body;terrain hardcore
circuit_training_full_body_exterieur_expert_60;Circuit Training Full body Extérieur 60 min;60 min;circuit_training;Expert;Extérieur;Full body;terrain hardcore
circuit_training_full_body_coach_expert_20;Circuit Training Full body Coach 20 min;20 min;circuit_training;Expert;Coach;Full body;terrain hardcore
circuit_training_full_body_coach_expert_30;Circuit Training Full body Coach 30 min;30 min;circuit_training;Expert;Coach;Full body;terrain hardcore
circuit_training_full_body_coach_expert_35;Circuit Training Full body Coach 35 min;35 min;circuit_training;Expert;Coach;Full body;terrain hardcore
circuit_training_full_body_coach_expert_45;Circuit Training Full body Coach 45 min;45 min;circuit_training;Expert;Coach;Full body;terrain hardcore
circuit_training_full_body_coach_expert_60;Circuit Training Full body Coach 60 min;60 min;circuit_training;Expert;Coach;Full body;terrain hardcore
hyrox_full_body_solo_debutant_30;Hyrox Full body Solo 30 min;30 min;hyrox;Débutant;Solo;Full body;terrain hardcore
hyrox_full_body_solo_debutant_45;Hyrox Full body Solo 45 min;45 min;hyrox;Débutant;Solo;Full body;terrain hardcore
hyrox_full_body_solo_debutant_60;Hyrox Full body Solo 60 min;60 min;hyrox;Débutant;Solo;Full body;terrain hardcore
hyrox_full_body_solo_debutant_75;Hyrox Full body Solo 75 min;75 min;hyrox;Débutant;Solo;Full body;terrain hardcore
hyrox_full_body_groupe_debutant_30;Hyrox Full body Groupe 30 min;30 min;hyrox;Débutant;Groupe;Full body;terrain hardcore
hyrox_full_body_groupe_debutant_45;Hyrox Full body Groupe 45 min;45 min;hyrox;Débutant;Groupe;Full body;terrain hardcore
hyrox_full_body_groupe_debutant_60;Hyrox Full body Groupe 60 min;60 min;hyrox;Débutant;Groupe;Full body;terrain hardcore
hyrox_full_body_groupe_debutant_75;Hyrox Full body Groupe 75 min;75 min;hyrox;Débutant;Groupe;Full body;terrain hardcore
hyrox_full_body_maison_debutant_30;Hyrox Full body Maison 30 min;30 min;hyrox;Débutant;Maison;Full body;terrain hardcore
hyrox_full_body_maison_debutant_45;Hyrox Full body Maison 45 min;45 min;hyrox;Débutant;Maison;Full body;terrain hardcore
hyrox_full_body_maison_debutant_60;Hyrox Full body Maison 60 min;60 min;hyrox;Débutant;Maison;Full body;terrain hardcore
hyrox_full_body_maison_debutant_75;Hyrox Full body Maison 75 min;75 min;hyrox;Débutant;Maison;Full body;terrain hardcore
hyrox_full_body_salle_debutant_30;Hyrox Full body Salle 30 min;30 min;hyrox;Débutant;Salle;Full body;terrain hardcore
hyrox_full_body_salle_debutant_45;Hyrox Full body Salle 45 min;45 min;hyrox;Débutant;Salle;Full body;terrain hardcore
hyrox_full_body_salle_debutant_60;Hyrox Full body Salle 60 min;60 min;hyrox;Débutant;Salle;Full body;terrain hardcore
hyrox_full_body_salle_debutant_75;Hyrox Full body Salle 75 min;75 min;hyrox;Débutant;Salle;Full body;terrain hardcore
hyrox_full_body_exterieur_debutant_30;Hyrox Full body Extérieur 30 min;30 min;hyrox;Débutant;Extérieur;Full body;terrain hardcore
hyrox_full_body_exterieur_debutant_45;Hyrox Full body Extérieur 45 min;45 min;hyrox;Débutant;Extérieur;Full body;terrain hardcore
hyrox_full_body_exterieur_debutant_60;Hyrox Full body Extérieur 60 min;60 min;hyrox;Débutant;Extérieur;Full body;terrain hardcore
hyrox_full_body_exterieur_debutant_75;Hyrox Full body Extérieur 75 min;75 min;hyrox;Débutant;Extérieur;Full body;terrain hardcore
hyrox_full_body_coach_debutant_30;Hyrox Full body Coach 30 min;30 min;hyrox;Débutant;Coach;Full body;terrain hardcore
hyrox_full_body_coach_debutant_45;Hyrox Full body Coach 45 min;45 min;hyrox;Débutant;Coach;Full body;terrain hardcore
hyrox_full_body_coach_debutant_60;Hyrox Full body Coach 60 min;60 min;hyrox;Débutant;Coach;Full body;terrain hardcore
hyrox_full_body_coach_debutant_75;Hyrox Full body Coach 75 min;75 min;hyrox;Débutant;Coach;Full body;terrain hardcore
hyrox_full_body_solo_intermediaire_30;Hyrox Full body Solo 30 min;30 min;hyrox;Intermédiaire;Solo;Full body;terrain hardcore
hyrox_full_body_solo_intermediaire_45;Hyrox Full body Solo 45 min;45 min;hyrox;Intermédiaire;Solo;Full body;terrain hardcore
hyrox_full_body_solo_intermediaire_60;Hyrox Full body Solo 60 min;60 min;hyrox;Intermédiaire;Solo;Full body;terrain hardcore
hyrox_full_body_solo_intermediaire_75;Hyrox Full body Solo 75 min;75 min;hyrox;Intermédiaire;Solo;Full body;terrain hardcore
hyrox_full_body_groupe_intermediaire_30;Hyrox Full body Groupe 30 min;30 min;hyrox;Intermédiaire;Groupe;Full body;terrain hardcore
hyrox_full_body_groupe_intermediaire_45;Hyrox Full body Groupe 45 min;45 min;hyrox;Intermédiaire;Groupe;Full body;terrain hardcore
hyrox_full_body_groupe_intermediaire_60;Hyrox Full body Groupe 60 min;60 min;hyrox;Intermédiaire;Groupe;Full body;terrain hardcore
hyrox_full_body_groupe_intermediaire_75;Hyrox Full body Groupe 75 min;75 min;hyrox;Intermédiaire;Groupe;Full body;terrain hardcore
hyrox_full_body_maison_intermediaire_30;Hyrox Full body Maison 30 min;30 min;hyrox;Intermédiaire;Maison;Full body;terrain hardcore
hyrox_full_body_maison_intermediaire_45;Hyrox Full body Maison 45 min;45 min;hyrox;Intermédiaire;Maison;Full body;terrain hardcore
hyrox_full_body_maison_intermediaire_60;Hyrox Full body Maison 60 min;60 min;hyrox;Intermédiaire;Maison;Full body;terrain hardcore
hyrox_full_body_maison_intermediaire_75;Hyrox Full body Maison 75 min;75 min;hyrox;Intermédiaire;Maison;Full body;terrain hardcore
hyrox_full_body_salle_intermediaire_30;Hyrox Full body Salle 30 min;30 min;hyrox;Intermédiaire;Salle;Full body;terrain hardcore
hyrox_full_body_salle_intermediaire_45;Hyrox Full body Salle 45 min;45 min;hyrox;Intermédiaire;Salle;Full body;terrain hardcore
hyrox_full_body_salle_intermediaire_60;Hyrox Full body Salle 60 min;60 min;hyrox;Intermédiaire;Salle;Full body;terrain hardcore
hyrox_full_body_salle_intermediaire_75;Hyrox Full body Salle 75 min;75 min;hyrox;Intermédiaire;Salle;Full body;terrain hardcore
hyrox_full_body_exterieur_intermediaire_30;Hyrox Full body Extérieur 30 min;30 min;hyrox;Intermédiaire;Extérieur;Full body;terrain hardcore
hyrox_full_body_exterieur_intermediaire_45;Hyrox Full body Extérieur 45 min;45 min;hyrox;Intermédiaire;Extérieur;Full body;terrain hardcore
hyrox_full_body_exterieur_intermediaire_60;Hyrox Full body Extérieur 60 min;60 min;hyrox;Intermédiaire;Extérieur;Full body;terrain hardcore
hyrox_full_body_exterieur_intermediaire_75;Hyrox Full body Extérieur 75 min;75 min;hyrox;Intermédiaire;Extérieur;Full body;terrain hardcore
hyrox_full_body_coach_intermediaire_30;Hyrox Full body Coach 30 min;30 min;hyrox;Intermédiaire;Coach;Full body;terrain hardcore
hyrox_full_body_coach_intermediaire_45;Hyrox Full body Coach 45 min;45 min;hyrox;Intermédiaire;Coach;Full body;terrain hardcore
hyrox_full_body_coach_intermediaire_60;Hyrox Full body Coach 60 min;60 min;hyrox;Intermédiaire;Coach;Full body;terrain hardcore
hyrox_full_body_coach_intermediaire_75;Hyrox Full body Coach 75 min;75 min;hyrox;Intermédiaire;Coach;Full body;terrain hardcore
hyrox_full_body_solo_avance_30;Hyrox Full body Solo 30 min;30 min;hyrox;Avancé;Solo;Full body;terrain hardcore
hyrox_full_body_solo_avance_45;Hyrox Full body Solo 45 min;45 min;hyrox;Avancé;Solo;Full body;terrain hardcore
hyrox_full_body_solo_avance_60;Hyrox Full body Solo 60 min;60 min;hyrox;Avancé;Solo;Full body;terrain hardcore
hyrox_full_body_solo_avance_75;Hyrox Full body Solo 75 min;75 min;hyrox;Avancé;Solo;Full body;terrain hardcore
hyrox_full_body_groupe_avance_30;Hyrox Full body Groupe 30 min;30 min;hyrox;Avancé;Groupe;Full body;terrain hardcore
hyrox_full_body_groupe_avance_45;Hyrox Full body Groupe 45 min;45 min;hyrox;Avancé;Groupe;Full body;terrain hardcore
hyrox_full_body_groupe_avance_60;Hyrox Full body Groupe 60 min;60 min;hyrox;Avancé;Groupe;Full body;terrain hardcore
hyrox_full_body_groupe_avance_75;Hyrox Full body Groupe 75 min;75 min;hyrox;Avancé;Groupe;Full body;terrain hardcore
hyrox_full_body_maison_avance_30;Hyrox Full body Maison 30 min;30 min;hyrox;Avancé;Maison;Full body;terrain hardcore
hyrox_full_body_maison_avance_45;Hyrox Full body Maison 45 min;45 min;hyrox;Avancé;Maison;Full body;terrain hardcore
hyrox_full_body_maison_avance_60;Hyrox Full body Maison 60 min;60 min;hyrox;Avancé;Maison;Full body;terrain hardcore
hyrox_full_body_maison_avance_75;Hyrox Full body Maison 75 min;75 min;hyrox;Avancé;Maison;Full body;terrain hardcore
hyrox_full_body_salle_avance_30;Hyrox Full body Salle 30 min;30 min;hyrox;Avancé;Salle;Full body;terrain hardcore
hyrox_full_body_salle_avance_45;Hyrox Full body Salle 45 min;45 min;hyrox;Avancé;Salle;Full body;terrain hardcore
hyrox_full_body_salle_avance_60;Hyrox Full body Salle 60 min;60 min;hyrox;Avancé;Salle;Full body;terrain hardcore
hyrox_full_body_salle_avance_75;Hyrox Full body Salle 75 min;75 min;hyrox;Avancé;Salle;Full body;terrain hardcore
hyrox_full_body_exterieur_avance_30;Hyrox Full body Extérieur 30 min;30 min;hyrox;Avancé;Extérieur;Full body;terrain hardcore
hyrox_full_body_exterieur_avance_45;Hyrox Full body Extérieur 45 min;45 min;hyrox;Avancé;Extérieur;Full body;terrain hardcore
hyrox_full_body_exterieur_avance_60;Hyrox Full body Extérieur 60 min;60 min;hyrox;Avancé;Extérieur;Full body;terrain hardcore
hyrox_full_body_exterieur_avance_75;Hyrox Full body Extérieur 75 min;75 min;hyrox;Avancé;Extérieur;Full body;terrain hardcore
hyrox_full_body_coach_avance_30;Hyrox Full body Coach 30 min;30 min;hyrox;Avancé;Coach;Full body;terrain hardcore
hyrox_full_body_coach_avance_45;Hyrox Full body Coach 45 min;45 min;hyrox;Avancé;Coach;Full body;terrain hardcore
hyrox_full_body_coach_avance_60;Hyrox Full body Coach 60 min;60 min;hyrox;Avancé;Coach;Full body;terrain hardcore
hyrox_full_body_coach_avance_75;Hyrox Full body Coach 75 min;75 min;hyrox;Avancé;Coach;Full body;terrain hardcore
hyrox_full_body_solo_expert_30;Hyrox Full body Solo 30 min;30 min;hyrox;Expert;Solo;Full body;terrain hardcore
hyrox_full_body_solo_expert_45;Hyrox Full body Solo 45 min;45 min;hyrox;Expert;Solo;Full body;terrain hardcore
hyrox_full_body_solo_expert_60;Hyrox Full body Solo 60 min;60 min;hyrox;Expert;Solo;Full body;terrain hardcore
hyrox_full_body_solo_expert_75;Hyrox Full body Solo 75 min;75 min;hyrox;Expert;Solo;Full body;terrain hardcore
hyrox_full_body_groupe_expert_30;Hyrox Full body Groupe 30 min;30 min;hyrox;Expert;Groupe;Full body;terrain hardcore
hyrox_full_body_groupe_expert_45;Hyrox Full body Groupe 45 min;45 min;hyrox;Expert;Groupe;Full body;terrain hardcore
hyrox_full_body_groupe_expert_60;Hyrox Full body Groupe 60 min;60 min;hyrox;Expert;Groupe;Full body;terrain hardcore
hyrox_full_body_groupe_expert_75;Hyrox Full body Groupe 75 min;75 min;hyrox;Expert;Groupe;Full body;terrain hardcore
hyrox_full_body_maison_expert_30;Hyrox Full body Maison 30 min;30 min;hyrox;Expert;Maison;Full body;terrain hardcore
hyrox_full_body_maison_expert_45;Hyrox Full body Maison 45 min;45 min;hyrox;Expert;Maison;Full body;terrain hardcore
hyrox_full_body_maison_expert_60;Hyrox Full body Maison 60 min;60 min;hyrox;Expert;Maison;Full body;terrain hardcore
hyrox_full_body_maison_expert_75;Hyrox Full body Maison 75 min;75 min;hyrox;Expert;Maison;Full body;terrain hardcore
hyrox_full_body_salle_expert_30;Hyrox Full body Salle 30 min;30 min;hyrox;Expert;Salle;Full body;terrain hardcore
hyrox_full_body_salle_expert_45;Hyrox Full body Salle 45 min;45 min;hyrox;Expert;Salle;Full body;terrain hardcore
hyrox_full_body_salle_expert_60;Hyrox Full body Salle 60 min;60 min;hyrox;Expert;Salle;Full body;terrain hardcore
hyrox_full_body_salle_expert_75;Hyrox Full body Salle 75 min;75 min;hyrox;Expert;Salle;Full body;terrain hardcore
hyrox_full_body_exterieur_expert_30;Hyrox Full body Extérieur 30 min;30 min;hyrox;Expert;Extérieur;Full body;terrain hardcore
hyrox_full_body_exterieur_expert_45;Hyrox Full body Extérieur 45 min;45 min;hyrox;Expert;Extérieur;Full body;terrain hardcore
hyrox_full_body_exterieur_expert_60;Hyrox Full body Extérieur 60 min;60 min;hyrox;Expert;Extérieur;Full body;terrain hardcore
hyrox_full_body_exterieur_expert_75;Hyrox Full body Extérieur 75 min;75 min;hyrox;Expert;Extérieur;Full body;terrain hardcore
hyrox_full_body_coach_expert_30;Hyrox Full body Coach 30 min;30 min;hyrox;Expert;Coach;Full body;terrain hardcore
hyrox_full_body_coach_expert_45;Hyrox Full body Coach 45 min;45 min;hyrox;Expert;Coach;Full body;terrain hardcore
hyrox_full_body_coach_expert_60;Hyrox Full body Coach 60 min;60 min;hyrox;Expert;Coach;Full body;terrain hardcore
hyrox_full_body_coach_expert_75;Hyrox Full body Coach 75 min;75 min;hyrox;Expert;Coach;Full body;terrain hardcore
hyrox_bas_du_corps_solo_debutant_30;Hyrox Bas du corps Solo 30 min;30 min;hyrox;Débutant;Solo;Bas du corps;terrain hardcore
hyrox_bas_du_corps_solo_debutant_45;Hyrox Bas du corps Solo 45 min;45 min;hyrox;Débutant;Solo;Bas du corps;terrain hardcore
hyrox_bas_du_corps_solo_debutant_60;Hyrox Bas du corps Solo 60 min;60 min;hyrox;Débutant;Solo;Bas du corps;terrain hardcore
hyrox_bas_du_corps_solo_debutant_75;Hyrox Bas du corps Solo 75 min;75 min;hyrox;Débutant;Solo;Bas du corps;terrain hardcore
hyrox_bas_du_corps_groupe_debutant_30;Hyrox Bas du corps Groupe 30 min;30 min;hyrox;Débutant;Groupe;Bas du corps;terrain hardcore
hyrox_bas_du_corps_groupe_debutant_45;Hyrox Bas du corps Groupe 45 min;45 min;hyrox;Débutant;Groupe;Bas du corps;terrain hardcore
hyrox_bas_du_corps_groupe_debutant_60;Hyrox Bas du corps Groupe 60 min;60 min;hyrox;Débutant;Groupe;Bas du corps;terrain hardcore
hyrox_bas_du_corps_groupe_debutant_75;Hyrox Bas du corps Groupe 75 min;75 min;hyrox;Débutant;Groupe;Bas du corps;terrain hardcore
hyrox_bas_du_corps_maison_debutant_30;Hyrox Bas du corps Maison 30 min;30 min;hyrox;Débutant;Maison;Bas du corps;terrain hardcore
hyrox_bas_du_corps_maison_debutant_45;Hyrox Bas du corps Maison 45 min;45 min;hyrox;Débutant;Maison;Bas du corps;terrain hardcore
hyrox_bas_du_corps_maison_debutant_60;Hyrox Bas du corps Maison 60 min;60 min;hyrox;Débutant;Maison;Bas du corps;terrain hardcore
hyrox_bas_du_corps_maison_debutant_75;Hyrox Bas du corps Maison 75 min;75 min;hyrox;Débutant;Maison;Bas du corps;terrain hardcore
hyrox_bas_du_corps_salle_debutant_30;Hyrox Bas du corps Salle 30 min;30 min;hyrox;Débutant;Salle;Bas du corps;terrain hardcore
hyrox_bas_du_corps_salle_debutant_45;Hyrox Bas du corps Salle 45 min;45 min;hyrox;Débutant;Salle;Bas du corps;terrain hardcore
hyrox_bas_du_corps_salle_debutant_60;Hyrox Bas du corps Salle 60 min;60 min;hyrox;Débutant;Salle;Bas du corps;terrain hardcore
hyrox_bas_du_corps_salle_debutant_75;Hyrox Bas du corps Salle 75 min;75 min;hyrox;Débutant;Salle;Bas du corps;terrain hardcore
hyrox_bas_du_corps_exterieur_debutant_30;Hyrox Bas du corps Extérieur 30 min;30 min;hyrox;Débutant;Extérieur;Bas du corps;terrain hardcore
hyrox_bas_du_corps_exterieur_debutant_45;Hyrox Bas du corps Extérieur 45 min;45 min;hyrox;Débutant;Extérieur;Bas du corps;terrain hardcore
hyrox_bas_du_corps_exterieur_debutant_60;Hyrox Bas du corps Extérieur 60 min;60 min;hyrox;Débutant;Extérieur;Bas du corps;terrain hardcore
hyrox_bas_du_corps_exterieur_debutant_75;Hyrox Bas du corps Extérieur 75 min;75 min;hyrox;Débutant;Extérieur;Bas du corps;terrain hardcore
hyrox_bas_du_corps_coach_debutant_30;Hyrox Bas du corps Coach 30 min;30 min;hyrox;Débutant;Coach;Bas du corps;terrain hardcore
hyrox_bas_du_corps_coach_debutant_45;Hyrox Bas du corps Coach 45 min;45 min;hyrox;Débutant;Coach;Bas du corps;terrain hardcore
hyrox_bas_du_corps_coach_debutant_60;Hyrox Bas du corps Coach 60 min;60 min;hyrox;Débutant;Coach;Bas du corps;terrain hardcore
hyrox_bas_du_corps_coach_debutant_75;Hyrox Bas du corps Coach 75 min;75 min;hyrox;Débutant;Coach;Bas du corps;terrain hardcore
cross_training_full_body_solo_debutant_25;Cross Training Full body Solo 25 min;25 min;cross_training;Débutant;Solo;Full body;terrain hardcore
cross_training_full_body_solo_debutant_30;Cross Training Full body Solo 30 min;30 min;cross_training;Débutant;Solo;Full body;terrain hardcore
cross_training_full_body_solo_debutant_45;Cross Training Full body Solo 45 min;45 min;cross_training;Débutant;Solo;Full body;terrain hardcore
cross_training_full_body_solo_debutant_60;Cross Training Full body Solo 60 min;60 min;cross_training;Débutant;Solo;Full body;terrain hardcore
cross_training_full_body_groupe_debutant_25;Cross Training Full body Groupe 25 min;25 min;cross_training;Débutant;Groupe;Full body;terrain hardcore
cross_training_full_body_groupe_debutant_30;Cross Training Full body Groupe 30 min;30 min;cross_training;Débutant;Groupe;Full body;terrain hardcore
cross_training_full_body_groupe_debutant_45;Cross Training Full body Groupe 45 min;45 min;cross_training;Débutant;Groupe;Full body;terrain hardcore
cross_training_full_body_groupe_debutant_60;Cross Training Full body Groupe 60 min;60 min;cross_training;Débutant;Groupe;Full body;terrain hardcore
cross_training_full_body_maison_debutant_25;Cross Training Full body Maison 25 min;25 min;cross_training;Débutant;Maison;Full body;terrain hardcore
cross_training_full_body_maison_debutant_30;Cross Training Full body Maison 30 min;30 min;cross_training;Débutant;Maison;Full body;terrain hardcore
cross_training_full_body_maison_debutant_45;Cross Training Full body Maison 45 min;45 min;cross_training;Débutant;Maison;Full body;terrain hardcore
cross_training_full_body_maison_debutant_60;Cross Training Full body Maison 60 min;60 min;cross_training;Débutant;Maison;Full body;terrain hardcore
cross_training_full_body_salle_debutant_25;Cross Training Full body Salle 25 min;25 min;cross_training;Débutant;Salle;Full body;terrain hardcore
cross_training_full_body_salle_debutant_30;Cross Training Full body Salle 30 min;30 min;cross_training;Débutant;Salle;Full body;terrain hardcore
cross_training_full_body_salle_debutant_45;Cross Training Full body Salle 45 min;45 min;cross_training;Débutant;Salle;Full body;terrain hardcore
cross_training_full_body_salle_debutant_60;Cross Training Full body Salle 60 min;60 min;cross_training;Débutant;Salle;Full body;terrain hardcore
cross_training_full_body_exterieur_debutant_25;Cross Training Full body Extérieur 25 min;25 min;cross_training;Débutant;Extérieur;Full body;terrain hardcore
cross_training_full_body_exterieur_debutant_30;Cross Training Full body Extérieur 30 min;30 min;cross_training;Débutant;Extérieur;Full body;terrain hardcore
cross_training_full_body_exterieur_debutant_45;Cross Training Full body Extérieur 45 min;45 min;cross_training;Débutant;Extérieur;Full body;terrain hardcore
cross_training_full_body_exterieur_debutant_60;Cross Training Full body Extérieur 60 min;60 min;cross_training;Débutant;Extérieur;Full body;terrain hardcore
cross_training_full_body_coach_debutant_25;Cross Training Full body Coach 25 min;25 min;cross_training;Débutant;Coach;Full body;terrain hardcore
cross_training_full_body_coach_debutant_30;Cross Training Full body Coach 30 min;30 min;cross_training;Débutant;Coach;Full body;terrain hardcore
cross_training_full_body_coach_debutant_45;Cross Training Full body Coach 45 min;45 min;cross_training;Débutant;Coach;Full body;terrain hardcore
cross_training_full_body_coach_debutant_60;Cross Training Full body Coach 60 min;60 min;cross_training;Débutant;Coach;Full body;terrain hardcore
cross_training_full_body_solo_intermediaire_25;Cross Training Full body Solo 25 min;25 min;cross_training;Intermédiaire;Solo;Full body;terrain hardcore
cross_training_full_body_solo_intermediaire_30;Cross Training Full body Solo 30 min;30 min;cross_training;Intermédiaire;Solo;Full body;terrain hardcore
cross_training_full_body_solo_intermediaire_45;Cross Training Full body Solo 45 min;45 min;cross_training;Intermédiaire;Solo;Full body;terrain hardcore
cross_training_full_body_solo_intermediaire_60;Cross Training Full body Solo 60 min;60 min;cross_training;Intermédiaire;Solo;Full body;terrain hardcore
cross_training_full_body_groupe_intermediaire_25;Cross Training Full body Groupe 25 min;25 min;cross_training;Intermédiaire;Groupe;Full body;terrain hardcore
cross_training_full_body_groupe_intermediaire_30;Cross Training Full body Groupe 30 min;30 min;cross_training;Intermédiaire;Groupe;Full body;terrain hardcore
cross_training_full_body_groupe_intermediaire_45;Cross Training Full body Groupe 45 min;45 min;cross_training;Intermédiaire;Groupe;Full body;terrain hardcore
cross_training_full_body_groupe_intermediaire_60;Cross Training Full body Groupe 60 min;60 min;cross_training;Intermédiaire;Groupe;Full body;terrain hardcore
cross_training_full_body_maison_intermediaire_25;Cross Training Full body Maison 25 min;25 min;cross_training;Intermédiaire;Maison;Full body;terrain hardcore
cross_training_full_body_maison_intermediaire_30;Cross Training Full body Maison 30 min;30 min;cross_training;Intermédiaire;Maison;Full body;terrain hardcore
cross_training_full_body_maison_intermediaire_45;Cross Training Full body Maison 45 min;45 min;cross_training;Intermédiaire;Maison;Full body;terrain hardcore
cross_training_full_body_maison_intermediaire_60;Cross Training Full body Maison 60 min;60 min;cross_training;Intermédiaire;Maison;Full body;terrain hardcore
cross_training_full_body_salle_intermediaire_25;Cross Training Full body Salle 25 min;25 min;cross_training;Intermédiaire;Salle;Full body;terrain hardcore
cross_training_full_body_salle_intermediaire_30;Cross Training Full body Salle 30 min;30 min;cross_training;Intermédiaire;Salle;Full body;terrain hardcore
cross_training_full_body_salle_intermediaire_45;Cross Training Full body Salle 45 min;45 min;cross_training;Intermédiaire;Salle;Full body;terrain hardcore
cross_training_full_body_salle_intermediaire_60;Cross Training Full body Salle 60 min;60 min;cross_training;Intermédiaire;Salle;Full body;terrain hardcore
cross_training_full_body_exterieur_intermediaire_25;Cross Training Full body Extérieur 25 min;25 min;cross_training;Intermédiaire;Extérieur;Full body;terrain hardcore
cross_training_full_body_exterieur_intermediaire_30;Cross Training Full body Extérieur 30 min;30 min;cross_training;Intermédiaire;Extérieur;Full body;terrain hardcore
cross_training_full_body_exterieur_intermediaire_45;Cross Training Full body Extérieur 45 min;45 min;cross_training;Intermédiaire;Extérieur;Full body;terrain hardcore
cross_training_full_body_exterieur_intermediaire_60;Cross Training Full body Extérieur 60 min;60 min;cross_training;Intermédiaire;Extérieur;Full body;terrain hardcore
cross_training_full_body_coach_intermediaire_25;Cross Training Full body Coach 25 min;25 min;cross_training;Intermédiaire;Coach;Full body;terrain hardcore
cross_training_full_body_coach_intermediaire_30;Cross Training Full body Coach 30 min;30 min;cross_training;Intermédiaire;Coach;Full body;terrain hardcore
cross_training_full_body_coach_intermediaire_45;Cross Training Full body Coach 45 min;45 min;cross_training;Intermédiaire;Coach;Full body;terrain hardcore
cross_training_full_body_coach_intermediaire_60;Cross Training Full body Coach 60 min;60 min;cross_training;Intermédiaire;Coach;Full body;terrain hardcore
cross_training_full_body_solo_avance_25;Cross Training Full body Solo 25 min;25 min;cross_training;Avancé;Solo;Full body;terrain hardcore
cross_training_full_body_solo_avance_30;Cross Training Full body Solo 30 min;30 min;cross_training;Avancé;Solo;Full body;terrain hardcore
cross_training_full_body_solo_avance_45;Cross Training Full body Solo 45 min;45 min;cross_training;Avancé;Solo;Full body;terrain hardcore
cross_training_full_body_solo_avance_60;Cross Training Full body Solo 60 min;60 min;cross_training;Avancé;Solo;Full body;terrain hardcore
cross_training_full_body_groupe_avance_25;Cross Training Full body Groupe 25 min;25 min;cross_training;Avancé;Groupe;Full body;terrain hardcore
cross_training_full_body_groupe_avance_30;Cross Training Full body Groupe 30 min;30 min;cross_training;Avancé;Groupe;Full body;terrain hardcore
cross_training_full_body_groupe_avance_45;Cross Training Full body Groupe 45 min;45 min;cross_training;Avancé;Groupe;Full body;terrain hardcore
cross_training_full_body_groupe_avance_60;Cross Training Full body Groupe 60 min;60 min;cross_training;Avancé;Groupe;Full body;terrain hardcore
cross_training_full_body_maison_avance_25;Cross Training Full body Maison 25 min;25 min;cross_training;Avancé;Maison;Full body;terrain hardcore
cross_training_full_body_maison_avance_30;Cross Training Full body Maison 30 min;30 min;cross_training;Avancé;Maison;Full body;terrain hardcore
cross_training_full_body_maison_avance_45;Cross Training Full body Maison 45 min;45 min;cross_training;Avancé;Maison;Full body;terrain hardcore
cross_training_full_body_maison_avance_60;Cross Training Full body Maison 60 min;60 min;cross_training;Avancé;Maison;Full body;terrain hardcore
cross_training_full_body_salle_avance_25;Cross Training Full body Salle 25 min;25 min;cross_training;Avancé;Salle;Full body;terrain hardcore
cross_training_full_body_salle_avance_30;Cross Training Full body Salle 30 min;30 min;cross_training;Avancé;Salle;Full body;terrain hardcore
cross_training_full_body_salle_avance_45;Cross Training Full body Salle 45 min;45 min;cross_training;Avancé;Salle;Full body;terrain hardcore
cross_training_full_body_salle_avance_60;Cross Training Full body Salle 60 min;60 min;cross_training;Avancé;Salle;Full body;terrain hardcore
cross_training_full_body_exterieur_avance_25;Cross Training Full body Extérieur 25 min;25 min;cross_training;Avancé;Extérieur;Full body;terrain hardcore
cross_training_full_body_exterieur_avance_30;Cross Training Full body Extérieur 30 min;30 min;cross_training;Avancé;Extérieur;Full body;terrain hardcore
cross_training_full_body_exterieur_avance_45;Cross Training Full body Extérieur 45 min;45 min;cross_training;Avancé;Extérieur;Full body;terrain hardcore
cross_training_full_body_exterieur_avance_60;Cross Training Full body Extérieur 60 min;60 min;cross_training;Avancé;Extérieur;Full body;terrain hardcore
cross_training_full_body_coach_avance_25;Cross Training Full body Coach 25 min;25 min;cross_training;Avancé;Coach;Full body;terrain hardcore
cross_training_full_body_coach_avance_30;Cross Training Full body Coach 30 min;30 min;cross_training;Avancé;Coach;Full body;terrain hardcore
cross_training_full_body_coach_avance_45;Cross Training Full body Coach 45 min;45 min;cross_training;Avancé;Coach;Full body;terrain hardcore
cross_training_full_body_coach_avance_60;Cross Training Full body Coach 60 min;60 min;cross_training;Avancé;Coach;Full body;terrain hardcore
cross_training_full_body_solo_expert_25;Cross Training Full body Solo 25 min;25 min;cross_training;Expert;Solo;Full body;terrain hardcore
cross_training_full_body_solo_expert_30;Cross Training Full body Solo 30 min;30 min;cross_training;Expert;Solo;Full body;terrain hardcore
cross_training_full_body_solo_expert_45;Cross Training Full body Solo 45 min;45 min;cross_training;Expert;Solo;Full body;terrain hardcore
cross_training_full_body_solo_expert_60;Cross Training Full body Solo 60 min;60 min;cross_training;Expert;Solo;Full body;terrain hardcore
cross_training_full_body_groupe_expert_25;Cross Training Full body Groupe 25 min;25 min;cross_training;Expert;Groupe;Full body;terrain hardcore
cross_training_full_body_groupe_expert_30;Cross Training Full body Groupe 30 min;30 min;cross_training;Expert;Groupe;Full body;terrain hardcore
cross_training_full_body_groupe_expert_45;Cross Training Full body Groupe 45 min;45 min;cross_training;Expert;Groupe;Full body;terrain hardcore
cross_training_full_body_groupe_expert_60;Cross Training Full body Groupe 60 min;60 min;cross_training;Expert;Groupe;Full body;terrain hardcore
cross_training_full_body_maison_expert_25;Cross Training Full body Maison 25 min;25 min;cross_training;Expert;Maison;Full body;terrain hardcore
cross_training_full_body_maison_expert_30;Cross Training Full body Maison 30 min;30 min;cross_training;Expert;Maison;Full body;terrain hardcore
cross_training_full_body_maison_expert_45;Cross Training Full body Maison 45 min;45 min;cross_training;Expert;Maison;Full body;terrain hardcore
cross_training_full_body_maison_expert_60;Cross Training Full body Maison 60 min;60 min;cross_training;Expert;Maison;Full body;terrain hardcore
cross_training_full_body_salle_expert_25;Cross Training Full body Salle 25 min;25 min;cross_training;Expert;Salle;Full body;terrain hardcore
cross_training_full_body_salle_expert_30;Cross Training Full body Salle 30 min;30 min;cross_training;Expert;Salle;Full body;terrain hardcore
cross_training_full_body_salle_expert_45;Cross Training Full body Salle 45 min;45 min;cross_training;Expert;Salle;Full body;terrain hardcore
cross_training_full_body_salle_expert_60;Cross Training Full body Salle 60 min;60 min;cross_training;Expert;Salle;Full body;terrain hardcore
cross_training_full_body_exterieur_expert_25;Cross Training Full body Extérieur 25 min;25 min;cross_training;Expert;Extérieur;Full body;terrain hardcore
cross_training_full_body_exterieur_expert_30;Cross Training Full body Extérieur 30 min;30 min;cross_training;Expert;Extérieur;Full body;terrain hardcore
cross_training_full_body_exterieur_expert_45;Cross Training Full body Extérieur 45 min;45 min;cross_training;Expert;Extérieur;Full body;terrain hardcore
cross_training_full_body_exterieur_expert_60;Cross Training Full body Extérieur 60 min;60 min;cross_training;Expert;Extérieur;Full body;terrain hardcore
cross_training_full_body_coach_expert_25;Cross Training Full body Coach 25 min;25 min;cross_training;Expert;Coach;Full body;terrain hardcore
cross_training_full_body_coach_expert_30;Cross Training Full body Coach 30 min;30 min;cross_training;Expert;Coach;Full body;terrain hardcore
cross_training_full_body_coach_expert_45;Cross Training Full body Coach 45 min;45 min;cross_training;Expert;Coach;Full body;terrain hardcore
cross_training_full_body_coach_expert_60;Cross Training Full body Coach 60 min;60 min;cross_training;Expert;Coach;Full body;terrain hardcore
cross_training_haut_du_corps_solo_debutant_25;Cross Training Haut du corps Solo 25 min;25 min;cross_training;Débutant;Solo;Haut du corps;terrain hardcore
cross_training_haut_du_corps_solo_debutant_30;Cross Training Haut du corps Solo 30 min;30 min;cross_training;Débutant;Solo;Haut du corps;terrain hardcore
cross_training_haut_du_corps_solo_debutant_45;Cross Training Haut du corps Solo 45 min;45 min;cross_training;Débutant;Solo;Haut du corps;terrain hardcore
cross_training_haut_du_corps_solo_debutant_60;Cross Training Haut du corps Solo 60 min;60 min;cross_training;Débutant;Solo;Haut du corps;terrain hardcore
cross_training_haut_du_corps_groupe_debutant_25;Cross Training Haut du corps Groupe 25 min;25 min;cross_training;Débutant;Groupe;Haut du corps;terrain hardcore
cross_training_haut_du_corps_groupe_debutant_30;Cross Training Haut du corps Groupe 30 min;30 min;cross_training;Débutant;Groupe;Haut du corps;terrain hardcore
cross_training_haut_du_corps_groupe_debutant_45;Cross Training Haut du corps Groupe 45 min;45 min;cross_training;Débutant;Groupe;Haut du corps;terrain hardcore
cross_training_haut_du_corps_groupe_debutant_60;Cross Training Haut du corps Groupe 60 min;60 min;cross_training;Débutant;Groupe;Haut du corps;terrain hardcore
cross_training_haut_du_corps_maison_debutant_25;Cross Training Haut du corps Maison 25 min;25 min;cross_training;Débutant;Maison;Haut du corps;terrain hardcore
cross_training_haut_du_corps_maison_debutant_30;Cross Training Haut du corps Maison 30 min;30 min;cross_training;Débutant;Maison;Haut du corps;terrain hardcore
cross_training_haut_du_corps_maison_debutant_45;Cross Training Haut du corps Maison 45 min;45 min;cross_training;Débutant;Maison;Haut du corps;terrain hardcore
cross_training_haut_du_corps_maison_debutant_60;Cross Training Haut du corps Maison 60 min;60 min;cross_training;Débutant;Maison;Haut du corps;terrain hardcore
cross_training_haut_du_corps_salle_debutant_25;Cross Training Haut du corps Salle 25 min;25 min;cross_training;Débutant;Salle;Haut du corps;terrain hardcore
cross_training_haut_du_corps_salle_debutant_30;Cross Training Haut du corps Salle 30 min;30 min;cross_training;Débutant;Salle;Haut du corps;terrain hardcore
cross_training_haut_du_corps_salle_debutant_45;Cross Training Haut du corps Salle 45 min;45 min;cross_training;Débutant;Salle;Haut du corps;terrain hardcore
cross_training_haut_du_corps_salle_debutant_60;Cross Training Haut du corps Salle 60 min;60 min;cross_training;Débutant;Salle;Haut du corps;terrain hardcore
cross_training_haut_du_corps_exterieur_debutant_25;Cross Training Haut du corps Extérieur 25 min;25 min;cross_training;Débutant;Extérieur;Haut du corps;terrain hardcore
cross_training_haut_du_corps_exterieur_debutant_30;Cross Training Haut du corps Extérieur 30 min;30 min;cross_training;Débutant;Extérieur;Haut du corps;terrain hardcore
cross_training_haut_du_corps_exterieur_debutant_45;Cross Training Haut du corps Extérieur 45 min;45 min;cross_training;Débutant;Extérieur;Haut du corps;terrain hardcore
cross_training_haut_du_corps_exterieur_debutant_60;Cross Training Haut du corps Extérieur 60 min;60 min;cross_training;Débutant;Extérieur;Haut du corps;terrain hardcore
cross_training_haut_du_corps_coach_debutant_25;Cross Training Haut du corps Coach 25 min;25 min;cross_training;Débutant;Coach;Haut du corps;terrain hardcore
cross_training_haut_du_corps_coach_debutant_30;Cross Training Haut du corps Coach 30 min;30 min;cross_training;Débutant;Coach;Haut du corps;terrain hardcore
cross_training_haut_du_corps_coach_debutant_45;Cross Training Haut du corps Coach 45 min;45 min;cross_training;Débutant;Coach;Haut du corps;terrain hardcore
cross_training_haut_du_corps_coach_debutant_60;Cross Training Haut du corps Coach 60 min;60 min;cross_training;Débutant;Coach;Haut du corps;terrain hardcore
boxe_full_body_solo_debutant_20;Boxe Cardio Full body Solo 20 min;20 min;boxe;Débutant;Solo;Full body;terrain hardcore
boxe_full_body_solo_debutant_30;Boxe Cardio Full body Solo 30 min;30 min;boxe;Débutant;Solo;Full body;terrain hardcore
boxe_full_body_solo_debutant_35;Boxe Cardio Full body Solo 35 min;35 min;boxe;Débutant;Solo;Full body;terrain hardcore
boxe_full_body_solo_debutant_45;Boxe Cardio Full body Solo 45 min;45 min;boxe;Débutant;Solo;Full body;terrain hardcore
boxe_full_body_solo_debutant_60;Boxe Cardio Full body Solo 60 min;60 min;boxe;Débutant;Solo;Full body;terrain hardcore
boxe_full_body_groupe_debutant_20;Boxe Cardio Full body Groupe 20 min;20 min;boxe;Débutant;Groupe;Full body;terrain hardcore
boxe_full_body_groupe_debutant_30;Boxe Cardio Full body Groupe 30 min;30 min;boxe;Débutant;Groupe;Full body;terrain hardcore
boxe_full_body_groupe_debutant_35;Boxe Cardio Full body Groupe 35 min;35 min;boxe;Débutant;Groupe;Full body;terrain hardcore
boxe_full_body_groupe_debutant_45;Boxe Cardio Full body Groupe 45 min;45 min;boxe;Débutant;Groupe;Full body;terrain hardcore
boxe_full_body_groupe_debutant_60;Boxe Cardio Full body Groupe 60 min;60 min;boxe;Débutant;Groupe;Full body;terrain hardcore
boxe_full_body_maison_debutant_20;Boxe Cardio Full body Maison 20 min;20 min;boxe;Débutant;Maison;Full body;terrain hardcore
boxe_full_body_maison_debutant_30;Boxe Cardio Full body Maison 30 min;30 min;boxe;Débutant;Maison;Full body;terrain hardcore
boxe_full_body_maison_debutant_35;Boxe Cardio Full body Maison 35 min;35 min;boxe;Débutant;Maison;Full body;terrain hardcore
boxe_full_body_maison_debutant_45;Boxe Cardio Full body Maison 45 min;45 min;boxe;Débutant;Maison;Full body;terrain hardcore
boxe_full_body_maison_debutant_60;Boxe Cardio Full body Maison 60 min;60 min;boxe;Débutant;Maison;Full body;terrain hardcore
boxe_full_body_salle_debutant_20;Boxe Cardio Full body Salle 20 min;20 min;boxe;Débutant;Salle;Full body;terrain hardcore
boxe_full_body_salle_debutant_30;Boxe Cardio Full body Salle 30 min;30 min;boxe;Débutant;Salle;Full body;terrain hardcore
boxe_full_body_salle_debutant_35;Boxe Cardio Full body Salle 35 min;35 min;boxe;Débutant;Salle;Full body;terrain hardcore
boxe_full_body_salle_debutant_45;Boxe Cardio Full body Salle 45 min;45 min;boxe;Débutant;Salle;Full body;terrain hardcore
boxe_full_body_salle_debutant_60;Boxe Cardio Full body Salle 60 min;60 min;boxe;Débutant;Salle;Full body;terrain hardcore
boxe_full_body_exterieur_debutant_20;Boxe Cardio Full body Extérieur 20 min;20 min;boxe;Débutant;Extérieur;Full body;terrain hardcore
boxe_full_body_exterieur_debutant_30;Boxe Cardio Full body Extérieur 30 min;30 min;boxe;Débutant;Extérieur;Full body;terrain hardcore
boxe_full_body_exterieur_debutant_35;Boxe Cardio Full body Extérieur 35 min;35 min;boxe;Débutant;Extérieur;Full body;terrain hardcore
boxe_full_body_exterieur_debutant_45;Boxe Cardio Full body Extérieur 45 min;45 min;boxe;Débutant;Extérieur;Full body;terrain hardcore
boxe_full_body_exterieur_debutant_60;Boxe Cardio Full body Extérieur 60 min;60 min;boxe;Débutant;Extérieur;Full body;terrain hardcore
boxe_full_body_coach_debutant_20;Boxe Cardio Full body Coach 20 min;20 min;boxe;Débutant;Coach;Full body;terrain hardcore
boxe_full_body_coach_debutant_30;Boxe Cardio Full body Coach 30 min;30 min;boxe;Débutant;Coach;Full body;terrain hardcore
boxe_full_body_coach_debutant_35;Boxe Cardio Full body Coach 35 min;35 min;boxe;Débutant;Coach;Full body;terrain hardcore
boxe_full_body_coach_debutant_45;Boxe Cardio Full body Coach 45 min;45 min;boxe;Débutant;Coach;Full body;terrain hardcore
boxe_full_body_coach_debutant_60;Boxe Cardio Full body Coach 60 min;60 min;boxe;Débutant;Coach;Full body;terrain hardcore
boxe_full_body_solo_intermediaire_20;Boxe Cardio Full body Solo 20 min;20 min;boxe;Intermédiaire;Solo;Full body;terrain hardcore
boxe_full_body_solo_intermediaire_30;Boxe Cardio Full body Solo 30 min;30 min;boxe;Intermédiaire;Solo;Full body;terrain hardcore
boxe_full_body_solo_intermediaire_35;Boxe Cardio Full body Solo 35 min;35 min;boxe;Intermédiaire;Solo;Full body;terrain hardcore
boxe_full_body_solo_intermediaire_45;Boxe Cardio Full body Solo 45 min;45 min;boxe;Intermédiaire;Solo;Full body;terrain hardcore
boxe_full_body_solo_intermediaire_60;Boxe Cardio Full body Solo 60 min;60 min;boxe;Intermédiaire;Solo;Full body;terrain hardcore
boxe_full_body_groupe_intermediaire_20;Boxe Cardio Full body Groupe 20 min;20 min;boxe;Intermédiaire;Groupe;Full body;terrain hardcore
boxe_full_body_groupe_intermediaire_30;Boxe Cardio Full body Groupe 30 min;30 min;boxe;Intermédiaire;Groupe;Full body;terrain hardcore
boxe_full_body_groupe_intermediaire_35;Boxe Cardio Full body Groupe 35 min;35 min;boxe;Intermédiaire;Groupe;Full body;terrain hardcore
boxe_full_body_groupe_intermediaire_45;Boxe Cardio Full body Groupe 45 min;45 min;boxe;Intermédiaire;Groupe;Full body;terrain hardcore
boxe_full_body_groupe_intermediaire_60;Boxe Cardio Full body Groupe 60 min;60 min;boxe;Intermédiaire;Groupe;Full body;terrain hardcore
boxe_full_body_maison_intermediaire_20;Boxe Cardio Full body Maison 20 min;20 min;boxe;Intermédiaire;Maison;Full body;terrain hardcore
boxe_full_body_maison_intermediaire_30;Boxe Cardio Full body Maison 30 min;30 min;boxe;Intermédiaire;Maison;Full body;terrain hardcore
boxe_full_body_maison_intermediaire_35;Boxe Cardio Full body Maison 35 min;35 min;boxe;Intermédiaire;Maison;Full body;terrain hardcore
boxe_full_body_maison_intermediaire_45;Boxe Cardio Full body Maison 45 min;45 min;boxe;Intermédiaire;Maison;Full body;terrain hardcore
boxe_full_body_maison_intermediaire_60;Boxe Cardio Full body Maison 60 min;60 min;boxe;Intermédiaire;Maison;Full body;terrain hardcore
boxe_full_body_salle_intermediaire_20;Boxe Cardio Full body Salle 20 min;20 min;boxe;Intermédiaire;Salle;Full body;terrain hardcore
boxe_full_body_salle_intermediaire_30;Boxe Cardio Full body Salle 30 min;30 min;boxe;Intermédiaire;Salle;Full body;terrain hardcore
boxe_full_body_salle_intermediaire_35;Boxe Cardio Full body Salle 35 min;35 min;boxe;Intermédiaire;Salle;Full body;terrain hardcore
boxe_full_body_salle_intermediaire_45;Boxe Cardio Full body Salle 45 min;45 min;boxe;Intermédiaire;Salle;Full body;terrain hardcore
boxe_full_body_salle_intermediaire_60;Boxe Cardio Full body Salle 60 min;60 min;boxe;Intermédiaire;Salle;Full body;terrain hardcore
boxe_full_body_exterieur_intermediaire_20;Boxe Cardio Full body Extérieur 20 min;20 min;boxe;Intermédiaire;Extérieur;Full body;terrain hardcore
boxe_full_body_exterieur_intermediaire_30;Boxe Cardio Full body Extérieur 30 min;30 min;boxe;Intermédiaire;Extérieur;Full body;terrain hardcore
boxe_full_body_exterieur_intermediaire_35;Boxe Cardio Full body Extérieur 35 min;35 min;boxe;Intermédiaire;Extérieur;Full body;terrain hardcore
boxe_full_body_exterieur_intermediaire_45;Boxe Cardio Full body Extérieur 45 min;45 min;boxe;Intermédiaire;Extérieur;Full body;terrain hardcore
boxe_full_body_exterieur_intermediaire_60;Boxe Cardio Full body Extérieur 60 min;60 min;boxe;Intermédiaire;Extérieur;Full body;terrain hardcore
boxe_full_body_coach_intermediaire_20;Boxe Cardio Full body Coach 20 min;20 min;boxe;Intermédiaire;Coach;Full body;terrain hardcore
boxe_full_body_coach_intermediaire_30;Boxe Cardio Full body Coach 30 min;30 min;boxe;Intermédiaire;Coach;Full body;terrain hardcore
boxe_full_body_coach_intermediaire_35;Boxe Cardio Full body Coach 35 min;35 min;boxe;Intermédiaire;Coach;Full body;terrain hardcore
boxe_full_body_coach_intermediaire_45;Boxe Cardio Full body Coach 45 min;45 min;boxe;Intermédiaire;Coach;Full body;terrain hardcore
boxe_full_body_coach_intermediaire_60;Boxe Cardio Full body Coach 60 min;60 min;boxe;Intermédiaire;Coach;Full body;terrain hardcore
boxe_full_body_solo_avance_20;Boxe Cardio Full body Solo 20 min;20 min;boxe;Avancé;Solo;Full body;terrain hardcore
boxe_full_body_solo_avance_30;Boxe Cardio Full body Solo 30 min;30 min;boxe;Avancé;Solo;Full body;terrain hardcore
boxe_full_body_solo_avance_35;Boxe Cardio Full body Solo 35 min;35 min;boxe;Avancé;Solo;Full body;terrain hardcore
boxe_full_body_solo_avance_45;Boxe Cardio Full body Solo 45 min;45 min;boxe;Avancé;Solo;Full body;terrain hardcore
boxe_full_body_solo_avance_60;Boxe Cardio Full body Solo 60 min;60 min;boxe;Avancé;Solo;Full body;terrain hardcore
boxe_full_body_groupe_avance_20;Boxe Cardio Full body Groupe 20 min;20 min;boxe;Avancé;Groupe;Full body;terrain hardcore
boxe_full_body_groupe_avance_30;Boxe Cardio Full body Groupe 30 min;30 min;boxe;Avancé;Groupe;Full body;terrain hardcore
boxe_full_body_groupe_avance_35;Boxe Cardio Full body Groupe 35 min;35 min;boxe;Avancé;Groupe;Full body;terrain hardcore
boxe_full_body_groupe_avance_45;Boxe Cardio Full body Groupe 45 min;45 min;boxe;Avancé;Groupe;Full body;terrain hardcore
boxe_full_body_groupe_avance_60;Boxe Cardio Full body Groupe 60 min;60 min;boxe;Avancé;Groupe;Full body;terrain hardcore
boxe_full_body_maison_avance_20;Boxe Cardio Full body Maison 20 min;20 min;boxe;Avancé;Maison;Full body;terrain hardcore
boxe_full_body_maison_avance_30;Boxe Cardio Full body Maison 30 min;30 min;boxe;Avancé;Maison;Full body;terrain hardcore
boxe_full_body_maison_avance_35;Boxe Cardio Full body Maison 35 min;35 min;boxe;Avancé;Maison;Full body;terrain hardcore
boxe_full_body_maison_avance_45;Boxe Cardio Full body Maison 45 min;45 min;boxe;Avancé;Maison;Full body;terrain hardcore
boxe_full_body_maison_avance_60;Boxe Cardio Full body Maison 60 min;60 min;boxe;Avancé;Maison;Full body;terrain hardcore
boxe_full_body_salle_avance_20;Boxe Cardio Full body Salle 20 min;20 min;boxe;Avancé;Salle;Full body;terrain hardcore
boxe_full_body_salle_avance_30;Boxe Cardio Full body Salle 30 min;30 min;boxe;Avancé;Salle;Full body;terrain hardcore
boxe_full_body_salle_avance_35;Boxe Cardio Full body Salle 35 min;35 min;boxe;Avancé;Salle;Full body;terrain hardcore
boxe_full_body_salle_avance_45;Boxe Cardio Full body Salle 45 min;45 min;boxe;Avancé;Salle;Full body;terrain hardcore
boxe_full_body_salle_avance_60;Boxe Cardio Full body Salle 60 min;60 min;boxe;Avancé;Salle;Full body;terrain hardcore
boxe_full_body_exterieur_avance_20;Boxe Cardio Full body Extérieur 20 min;20 min;boxe;Avancé;Extérieur;Full body;terrain hardcore
boxe_full_body_exterieur_avance_30;Boxe Cardio Full body Extérieur 30 min;30 min;boxe;Avancé;Extérieur;Full body;terrain hardcore
boxe_full_body_exterieur_avance_35;Boxe Cardio Full body Extérieur 35 min;35 min;boxe;Avancé;Extérieur;Full body;terrain hardcore
boxe_full_body_exterieur_avance_45;Boxe Cardio Full body Extérieur 45 min;45 min;boxe;Avancé;Extérieur;Full body;terrain hardcore
boxe_full_body_exterieur_avance_60;Boxe Cardio Full body Extérieur 60 min;60 min;boxe;Avancé;Extérieur;Full body;terrain hardcore
boxe_full_body_coach_avance_20;Boxe Cardio Full body Coach 20 min;20 min;boxe;Avancé;Coach;Full body;terrain hardcore
boxe_full_body_coach_avance_30;Boxe Cardio Full body Coach 30 min;30 min;boxe;Avancé;Coach;Full body;terrain hardcore
boxe_full_body_coach_avance_35;Boxe Cardio Full body Coach 35 min;35 min;boxe;Avancé;Coach;Full body;terrain hardcore
boxe_full_body_coach_avance_45;Boxe Cardio Full body Coach 45 min;45 min;boxe;Avancé;Coach;Full body;terrain hardcore
boxe_full_body_coach_avance_60;Boxe Cardio Full body Coach 60 min;60 min;boxe;Avancé;Coach;Full body;terrain hardcore
boxe_full_body_solo_expert_20;Boxe Cardio Full body Solo 20 min;20 min;boxe;Expert;Solo;Full body;terrain hardcore
boxe_full_body_solo_expert_30;Boxe Cardio Full body Solo 30 min;30 min;boxe;Expert;Solo;Full body;terrain hardcore
boxe_full_body_solo_expert_35;Boxe Cardio Full body Solo 35 min;35 min;boxe;Expert;Solo;Full body;terrain hardcore
boxe_full_body_solo_expert_45;Boxe Cardio Full body Solo 45 min;45 min;boxe;Expert;Solo;Full body;terrain hardcore
boxe_full_body_solo_expert_60;Boxe Cardio Full body Solo 60 min;60 min;boxe;Expert;Solo;Full body;terrain hardcore
boxe_full_body_groupe_expert_20;Boxe Cardio Full body Groupe 20 min;20 min;boxe;Expert;Groupe;Full body;terrain hardcore
boxe_full_body_groupe_expert_30;Boxe Cardio Full body Groupe 30 min;30 min;boxe;Expert;Groupe;Full body;terrain hardcore
boxe_full_body_groupe_expert_35;Boxe Cardio Full body Groupe 35 min;35 min;boxe;Expert;Groupe;Full body;terrain hardcore
boxe_full_body_groupe_expert_45;Boxe Cardio Full body Groupe 45 min;45 min;boxe;Expert;Groupe;Full body;terrain hardcore
boxe_full_body_groupe_expert_60;Boxe Cardio Full body Groupe 60 min;60 min;boxe;Expert;Groupe;Full body;terrain hardcore
boxe_full_body_maison_expert_20;Boxe Cardio Full body Maison 20 min;20 min;boxe;Expert;Maison;Full body;terrain hardcore
boxe_full_body_maison_expert_30;Boxe Cardio Full body Maison 30 min;30 min;boxe;Expert;Maison;Full body;terrain hardcore
boxe_full_body_maison_expert_35;Boxe Cardio Full body Maison 35 min;35 min;boxe;Expert;Maison;Full body;terrain hardcore
boxe_full_body_maison_expert_45;Boxe Cardio Full body Maison 45 min;45 min;boxe;Expert;Maison;Full body;terrain hardcore
boxe_full_body_maison_expert_60;Boxe Cardio Full body Maison 60 min;60 min;boxe;Expert;Maison;Full body;terrain hardcore
boxe_full_body_salle_expert_20;Boxe Cardio Full body Salle 20 min;20 min;boxe;Expert;Salle;Full body;terrain hardcore
boxe_full_body_salle_expert_30;Boxe Cardio Full body Salle 30 min;30 min;boxe;Expert;Salle;Full body;terrain hardcore
boxe_full_body_salle_expert_35;Boxe Cardio Full body Salle 35 min;35 min;boxe;Expert;Salle;Full body;terrain hardcore
boxe_full_body_salle_expert_45;Boxe Cardio Full body Salle 45 min;45 min;boxe;Expert;Salle;Full body;terrain hardcore
boxe_full_body_salle_expert_60;Boxe Cardio Full body Salle 60 min;60 min;boxe;Expert;Salle;Full body;terrain hardcore
boxe_full_body_exterieur_expert_20;Boxe Cardio Full body Extérieur 20 min;20 min;boxe;Expert;Extérieur;Full body;terrain hardcore
boxe_full_body_exterieur_expert_30;Boxe Cardio Full body Extérieur 30 min;30 min;boxe;Expert;Extérieur;Full body;terrain hardcore
boxe_full_body_exterieur_expert_35;Boxe Cardio Full body Extérieur 35 min;35 min;boxe;Expert;Extérieur;Full body;terrain hardcore
boxe_full_body_exterieur_expert_45;Boxe Cardio Full body Extérieur 45 min;45 min;boxe;Expert;Extérieur;Full body;terrain hardcore
boxe_full_body_exterieur_expert_60;Boxe Cardio Full body Extérieur 60 min;60 min;boxe;Expert;Extérieur;Full body;terrain hardcore
boxe_full_body_coach_expert_20;Boxe Cardio Full body Coach 20 min;20 min;boxe;Expert;Coach;Full body;terrain hardcore
boxe_full_body_coach_expert_30;Boxe Cardio Full body Coach 30 min;30 min;boxe;Expert;Coach;Full body;terrain hardcore
boxe_full_body_coach_expert_35;Boxe Cardio Full body Coach 35 min;35 min;boxe;Expert;Coach;Full body;terrain hardcore
boxe_full_body_coach_expert_45;Boxe Cardio Full body Coach 45 min;45 min;boxe;Expert;Coach;Full body;terrain hardcore
boxe_full_body_coach_expert_60;Boxe Cardio Full body Coach 60 min;60 min;boxe;Expert;Coach;Full body;terrain hardcore
musculation_full_body_solo_debutant_30;Musculation Full body Solo 30 min;30 min;musculation;Débutant;Solo;Full body;coach intelligent
musculation_full_body_solo_debutant_45;Musculation Full body Solo 45 min;45 min;musculation;Débutant;Solo;Full body;coach intelligent
musculation_full_body_solo_debutant_60;Musculation Full body Solo 60 min;60 min;musculation;Débutant;Solo;Full body;coach intelligent
musculation_full_body_solo_debutant_75;Musculation Full body Solo 75 min;75 min;musculation;Débutant;Solo;Full body;coach intelligent
musculation_full_body_groupe_debutant_30;Musculation Full body Groupe 30 min;30 min;musculation;Débutant;Groupe;Full body;coach intelligent
musculation_full_body_groupe_debutant_45;Musculation Full body Groupe 45 min;45 min;musculation;Débutant;Groupe;Full body;coach intelligent
musculation_full_body_groupe_debutant_60;Musculation Full body Groupe 60 min;60 min;musculation;Débutant;Groupe;Full body;coach intelligent
musculation_full_body_groupe_debutant_75;Musculation Full body Groupe 75 min;75 min;musculation;Débutant;Groupe;Full body;coach intelligent
musculation_full_body_maison_debutant_30;Musculation Full body Maison 30 min;30 min;musculation;Débutant;Maison;Full body;coach intelligent
musculation_full_body_maison_debutant_45;Musculation Full body Maison 45 min;45 min;musculation;Débutant;Maison;Full body;coach intelligent
musculation_full_body_maison_debutant_60;Musculation Full body Maison 60 min;60 min;musculation;Débutant;Maison;Full body;coach intelligent
musculation_full_body_maison_debutant_75;Musculation Full body Maison 75 min;75 min;musculation;Débutant;Maison;Full body;coach intelligent
musculation_full_body_salle_debutant_30;Musculation Full body Salle 30 min;30 min;musculation;Débutant;Salle;Full body;coach intelligent
musculation_full_body_salle_debutant_45;Musculation Full body Salle 45 min;45 min;musculation;Débutant;Salle;Full body;coach intelligent
musculation_full_body_salle_debutant_60;Musculation Full body Salle 60 min;60 min;musculation;Débutant;Salle;Full body;coach intelligent
musculation_full_body_salle_debutant_75;Musculation Full body Salle 75 min;75 min;musculation;Débutant;Salle;Full body;coach intelligent
musculation_full_body_exterieur_debutant_30;Musculation Full body Extérieur 30 min;30 min;musculation;Débutant;Extérieur;Full body;coach intelligent
musculation_full_body_exterieur_debutant_45;Musculation Full body Extérieur 45 min;45 min;musculation;Débutant;Extérieur;Full body;coach intelligent
musculation_full_body_exterieur_debutant_60;Musculation Full body Extérieur 60 min;60 min;musculation;Débutant;Extérieur;Full body;coach intelligent
musculation_full_body_exterieur_debutant_75;Musculation Full body Extérieur 75 min;75 min;musculation;Débutant;Extérieur;Full body;coach intelligent
musculation_full_body_coach_debutant_30;Musculation Full body Coach 30 min;30 min;musculation;Débutant;Coach;Full body;coach intelligent
musculation_full_body_coach_debutant_45;Musculation Full body Coach 45 min;45 min;musculation;Débutant;Coach;Full body;coach intelligent
musculation_full_body_coach_debutant_60;Musculation Full body Coach 60 min;60 min;musculation;Débutant;Coach;Full body;coach intelligent
musculation_full_body_coach_debutant_75;Musculation Full body Coach 75 min;75 min;musculation;Débutant;Coach;Full body;coach intelligent
musculation_full_body_solo_intermediaire_30;Musculation Full body Solo 30 min;30 min;musculation;Intermédiaire;Solo;Full body;coach intelligent
musculation_full_body_solo_intermediaire_45;Musculation Full body Solo 45 min;45 min;musculation;Intermédiaire;Solo;Full body;coach intelligent
musculation_full_body_solo_intermediaire_60;Musculation Full body Solo 60 min;60 min;musculation;Intermédiaire;Solo;Full body;coach intelligent
musculation_full_body_solo_intermediaire_75;Musculation Full body Solo 75 min;75 min;musculation;Intermédiaire;Solo;Full body;coach intelligent
musculation_full_body_groupe_intermediaire_30;Musculation Full body Groupe 30 min;30 min;musculation;Intermédiaire;Groupe;Full body;coach intelligent
musculation_full_body_groupe_intermediaire_45;Musculation Full body Groupe 45 min;45 min;musculation;Intermédiaire;Groupe;Full body;coach intelligent
musculation_full_body_groupe_intermediaire_60;Musculation Full body Groupe 60 min;60 min;musculation;Intermédiaire;Groupe;Full body;coach intelligent
musculation_full_body_groupe_intermediaire_75;Musculation Full body Groupe 75 min;75 min;musculation;Intermédiaire;Groupe;Full body;coach intelligent
musculation_full_body_maison_intermediaire_30;Musculation Full body Maison 30 min;30 min;musculation;Intermédiaire;Maison;Full body;coach intelligent
musculation_full_body_maison_intermediaire_45;Musculation Full body Maison 45 min;45 min;musculation;Intermédiaire;Maison;Full body;coach intelligent
musculation_full_body_maison_intermediaire_60;Musculation Full body Maison 60 min;60 min;musculation;Intermédiaire;Maison;Full body;coach intelligent
musculation_full_body_maison_intermediaire_75;Musculation Full body Maison 75 min;75 min;musculation;Intermédiaire;Maison;Full body;coach intelligent
musculation_full_body_salle_intermediaire_30;Musculation Full body Salle 30 min;30 min;musculation;Intermédiaire;Salle;Full body;coach intelligent
musculation_full_body_salle_intermediaire_45;Musculation Full body Salle 45 min;45 min;musculation;Intermédiaire;Salle;Full body;coach intelligent
musculation_full_body_salle_intermediaire_60;Musculation Full body Salle 60 min;60 min;musculation;Intermédiaire;Salle;Full body;coach intelligent
musculation_full_body_salle_intermediaire_75;Musculation Full body Salle 75 min;75 min;musculation;Intermédiaire;Salle;Full body;coach intelligent
musculation_full_body_exterieur_intermediaire_30;Musculation Full body Extérieur 30 min;30 min;musculation;Intermédiaire;Extérieur;Full body;coach intelligent
musculation_full_body_exterieur_intermediaire_45;Musculation Full body Extérieur 45 min;45 min;musculation;Intermédiaire;Extérieur;Full body;coach intelligent
musculation_full_body_exterieur_intermediaire_60;Musculation Full body Extérieur 60 min;60 min;musculation;Intermédiaire;Extérieur;Full body;coach intelligent
musculation_full_body_exterieur_intermediaire_75;Musculation Full body Extérieur 75 min;75 min;musculation;Intermédiaire;Extérieur;Full body;coach intelligent
musculation_full_body_coach_intermediaire_30;Musculation Full body Coach 30 min;30 min;musculation;Intermédiaire;Coach;Full body;coach intelligent
musculation_full_body_coach_intermediaire_45;Musculation Full body Coach 45 min;45 min;musculation;Intermédiaire;Coach;Full body;coach intelligent
musculation_full_body_coach_intermediaire_60;Musculation Full body Coach 60 min;60 min;musculation;Intermédiaire;Coach;Full body;coach intelligent
musculation_full_body_coach_intermediaire_75;Musculation Full body Coach 75 min;75 min;musculation;Intermédiaire;Coach;Full body;coach intelligent
musculation_full_body_solo_avance_30;Musculation Full body Solo 30 min;30 min;musculation;Avancé;Solo;Full body;coach intelligent
musculation_full_body_solo_avance_45;Musculation Full body Solo 45 min;45 min;musculation;Avancé;Solo;Full body;coach intelligent
musculation_full_body_solo_avance_60;Musculation Full body Solo 60 min;60 min;musculation;Avancé;Solo;Full body;coach intelligent
musculation_full_body_solo_avance_75;Musculation Full body Solo 75 min;75 min;musculation;Avancé;Solo;Full body;coach intelligent
musculation_full_body_groupe_avance_30;Musculation Full body Groupe 30 min;30 min;musculation;Avancé;Groupe;Full body;coach intelligent
musculation_full_body_groupe_avance_45;Musculation Full body Groupe 45 min;45 min;musculation;Avancé;Groupe;Full body;coach intelligent
musculation_full_body_groupe_avance_60;Musculation Full body Groupe 60 min;60 min;musculation;Avancé;Groupe;Full body;coach intelligent
musculation_full_body_groupe_avance_75;Musculation Full body Groupe 75 min;75 min;musculation;Avancé;Groupe;Full body;coach intelligent
musculation_full_body_maison_avance_30;Musculation Full body Maison 30 min;30 min;musculation;Avancé;Maison;Full body;coach intelligent
musculation_full_body_maison_avance_45;Musculation Full body Maison 45 min;45 min;musculation;Avancé;Maison;Full body;coach intelligent
musculation_full_body_maison_avance_60;Musculation Full body Maison 60 min;60 min;musculation;Avancé;Maison;Full body;coach intelligent
musculation_full_body_maison_avance_75;Musculation Full body Maison 75 min;75 min;musculation;Avancé;Maison;Full body;coach intelligent
musculation_full_body_salle_avance_30;Musculation Full body Salle 30 min;30 min;musculation;Avancé;Salle;Full body;coach intelligent
musculation_full_body_salle_avance_45;Musculation Full body Salle 45 min;45 min;musculation;Avancé;Salle;Full body;coach intelligent
musculation_full_body_salle_avance_60;Musculation Full body Salle 60 min;60 min;musculation;Avancé;Salle;Full body;coach intelligent
musculation_full_body_salle_avance_75;Musculation Full body Salle 75 min;75 min;musculation;Avancé;Salle;Full body;coach intelligent
musculation_full_body_exterieur_avance_30;Musculation Full body Extérieur 30 min;30 min;musculation;Avancé;Extérieur;Full body;coach intelligent
musculation_full_body_exterieur_avance_45;Musculation Full body Extérieur 45 min;45 min;musculation;Avancé;Extérieur;Full body;coach intelligent
musculation_full_body_exterieur_avance_60;Musculation Full body Extérieur 60 min;60 min;musculation;Avancé;Extérieur;Full body;coach intelligent
musculation_full_body_exterieur_avance_75;Musculation Full body Extérieur 75 min;75 min;musculation;Avancé;Extérieur;Full body;coach intelligent
musculation_full_body_coach_avance_30;Musculation Full body Coach 30 min;30 min;musculation;Avancé;Coach;Full body;coach intelligent
musculation_full_body_coach_avance_45;Musculation Full body Coach 45 min;45 min;musculation;Avancé;Coach;Full body;coach intelligent
musculation_full_body_coach_avance_60;Musculation Full body Coach 60 min;60 min;musculation;Avancé;Coach;Full body;coach intelligent
musculation_full_body_coach_avance_75;Musculation Full body Coach 75 min;75 min;musculation;Avancé;Coach;Full body;coach intelligent
musculation_full_body_solo_expert_30;Musculation Full body Solo 30 min;30 min;musculation;Expert;Solo;Full body;coach intelligent
musculation_full_body_solo_expert_45;Musculation Full body Solo 45 min;45 min;musculation;Expert;Solo;Full body;coach intelligent
musculation_full_body_solo_expert_60;Musculation Full body Solo 60 min;60 min;musculation;Expert;Solo;Full body;coach intelligent
musculation_full_body_solo_expert_75;Musculation Full body Solo 75 min;75 min;musculation;Expert;Solo;Full body;coach intelligent
musculation_full_body_groupe_expert_30;Musculation Full body Groupe 30 min;30 min;musculation;Expert;Groupe;Full body;coach intelligent
musculation_full_body_groupe_expert_45;Musculation Full body Groupe 45 min;45 min;musculation;Expert;Groupe;Full body;coach intelligent
musculation_full_body_groupe_expert_60;Musculation Full body Groupe 60 min;60 min;musculation;Expert;Groupe;Full body;coach intelligent
musculation_full_body_groupe_expert_75;Musculation Full body Groupe 75 min;75 min;musculation;Expert;Groupe;Full body;coach intelligent
musculation_full_body_maison_expert_30;Musculation Full body Maison 30 min;30 min;musculation;Expert;Maison;Full body;coach intelligent
musculation_full_body_maison_expert_45;Musculation Full body Maison 45 min;45 min;musculation;Expert;Maison;Full body;coach intelligent
musculation_full_body_maison_expert_60;Musculation Full body Maison 60 min;60 min;musculation;Expert;Maison;Full body;coach intelligent
musculation_full_body_maison_expert_75;Musculation Full body Maison 75 min;75 min;musculation;Expert;Maison;Full body;coach intelligent
musculation_full_body_salle_expert_30;Musculation Full body Salle 30 min;30 min;musculation;Expert;Salle;Full body;coach intelligent
musculation_full_body_salle_expert_45;Musculation Full body Salle 45 min;45 min;musculation;Expert;Salle;Full body;coach intelligent
musculation_full_body_salle_expert_60;Musculation Full body Salle 60 min;60 min;musculation;Expert;Salle;Full body;coach intelligent
musculation_full_body_salle_expert_75;Musculation Full body Salle 75 min;75 min;musculation;Expert;Salle;Full body;coach intelligent
musculation_full_body_exterieur_expert_30;Musculation Full body Extérieur 30 min;30 min;musculation;Expert;Extérieur;Full body;coach intelligent
musculation_full_body_exterieur_expert_45;Musculation Full body Extérieur 45 min;45 min;musculation;Expert;Extérieur;Full body;coach intelligent
musculation_full_body_exterieur_expert_60;Musculation Full body Extérieur 60 min;60 min;musculation;Expert;Extérieur;Full body;coach intelligent
musculation_full_body_exterieur_expert_75;Musculation Full body Extérieur 75 min;75 min;musculation;Expert;Extérieur;Full body;coach intelligent
musculation_full_body_coach_expert_30;Musculation Full body Coach 30 min;30 min;musculation;Expert;Coach;Full body;coach intelligent
musculation_full_body_coach_expert_45;Musculation Full body Coach 45 min;45 min;musculation;Expert;Coach;Full body;coach intelligent
musculation_full_body_coach_expert_60;Musculation Full body Coach 60 min;60 min;musculation;Expert;Coach;Full body;coach intelligent
musculation_full_body_coach_expert_75;Musculation Full body Coach 75 min;75 min;musculation;Expert;Coach;Full body;coach intelligent
musculation_haut_du_corps_solo_debutant_30;Musculation Haut du corps Solo 30 min;30 min;musculation;Débutant;Solo;Haut du corps;coach intelligent
musculation_haut_du_corps_solo_debutant_45;Musculation Haut du corps Solo 45 min;45 min;musculation;Débutant;Solo;Haut du corps;coach intelligent
musculation_haut_du_corps_solo_debutant_60;Musculation Haut du corps Solo 60 min;60 min;musculation;Débutant;Solo;Haut du corps;coach intelligent
musculation_haut_du_corps_solo_debutant_75;Musculation Haut du corps Solo 75 min;75 min;musculation;Débutant;Solo;Haut du corps;coach intelligent
musculation_haut_du_corps_groupe_debutant_30;Musculation Haut du corps Groupe 30 min;30 min;musculation;Débutant;Groupe;Haut du corps;coach intelligent
musculation_haut_du_corps_groupe_debutant_45;Musculation Haut du corps Groupe 45 min;45 min;musculation;Débutant;Groupe;Haut du corps;coach intelligent
musculation_haut_du_corps_groupe_debutant_60;Musculation Haut du corps Groupe 60 min;60 min;musculation;Débutant;Groupe;Haut du corps;coach intelligent
musculation_haut_du_corps_groupe_debutant_75;Musculation Haut du corps Groupe 75 min;75 min;musculation;Débutant;Groupe;Haut du corps;coach intelligent
musculation_haut_du_corps_maison_debutant_30;Musculation Haut du corps Maison 30 min;30 min;musculation;Débutant;Maison;Haut du corps;coach intelligent
musculation_haut_du_corps_maison_debutant_45;Musculation Haut du corps Maison 45 min;45 min;musculation;Débutant;Maison;Haut du corps;coach intelligent
musculation_haut_du_corps_maison_debutant_60;Musculation Haut du corps Maison 60 min;60 min;musculation;Débutant;Maison;Haut du corps;coach intelligent
musculation_haut_du_corps_maison_debutant_75;Musculation Haut du corps Maison 75 min;75 min;musculation;Débutant;Maison;Haut du corps;coach intelligent
musculation_haut_du_corps_salle_debutant_30;Musculation Haut du corps Salle 30 min;30 min;musculation;Débutant;Salle;Haut du corps;coach intelligent
musculation_haut_du_corps_salle_debutant_45;Musculation Haut du corps Salle 45 min;45 min;musculation;Débutant;Salle;Haut du corps;coach intelligent
musculation_haut_du_corps_salle_debutant_60;Musculation Haut du corps Salle 60 min;60 min;musculation;Débutant;Salle;Haut du corps;coach intelligent
musculation_haut_du_corps_salle_debutant_75;Musculation Haut du corps Salle 75 min;75 min;musculation;Débutant;Salle;Haut du corps;coach intelligent
musculation_haut_du_corps_exterieur_debutant_30;Musculation Haut du corps Extérieur 30 min;30 min;musculation;Débutant;Extérieur;Haut du corps;coach intelligent
musculation_haut_du_corps_exterieur_debutant_45;Musculation Haut du corps Extérieur 45 min;45 min;musculation;Débutant;Extérieur;Haut du corps;coach intelligent
musculation_haut_du_corps_exterieur_debutant_60;Musculation Haut du corps Extérieur 60 min;60 min;musculation;Débutant;Extérieur;Haut du corps;coach intelligent
musculation_haut_du_corps_exterieur_debutant_75;Musculation Haut du corps Extérieur 75 min;75 min;musculation;Débutant;Extérieur;Haut du corps;coach intelligent
musculation_haut_du_corps_coach_debutant_30;Musculation Haut du corps Coach 30 min;30 min;musculation;Débutant;Coach;Haut du corps;coach intelligent
musculation_haut_du_corps_coach_debutant_45;Musculation Haut du corps Coach 45 min;45 min;musculation;Débutant;Coach;Haut du corps;coach intelligent
musculation_haut_du_corps_coach_debutant_60;Musculation Haut du corps Coach 60 min;60 min;musculation;Débutant;Coach;Haut du corps;coach intelligent
musculation_haut_du_corps_coach_debutant_75;Musculation Haut du corps Coach 75 min;75 min;musculation;Débutant;Coach;Haut du corps;coach intelligent
renforcement_full_body_solo_debutant_20;Renforcement Full body Solo 20 min;20 min;renforcement;Débutant;Solo;Full body;coach intelligent
renforcement_full_body_solo_debutant_30;Renforcement Full body Solo 30 min;30 min;renforcement;Débutant;Solo;Full body;coach intelligent
renforcement_full_body_solo_debutant_35;Renforcement Full body Solo 35 min;35 min;renforcement;Débutant;Solo;Full body;coach intelligent
renforcement_full_body_solo_debutant_45;Renforcement Full body Solo 45 min;45 min;renforcement;Débutant;Solo;Full body;coach intelligent
renforcement_full_body_solo_debutant_60;Renforcement Full body Solo 60 min;60 min;renforcement;Débutant;Solo;Full body;coach intelligent
renforcement_full_body_groupe_debutant_20;Renforcement Full body Groupe 20 min;20 min;renforcement;Débutant;Groupe;Full body;coach intelligent
renforcement_full_body_groupe_debutant_30;Renforcement Full body Groupe 30 min;30 min;renforcement;Débutant;Groupe;Full body;coach intelligent
renforcement_full_body_groupe_debutant_35;Renforcement Full body Groupe 35 min;35 min;renforcement;Débutant;Groupe;Full body;coach intelligent
renforcement_full_body_groupe_debutant_45;Renforcement Full body Groupe 45 min;45 min;renforcement;Débutant;Groupe;Full body;coach intelligent
renforcement_full_body_groupe_debutant_60;Renforcement Full body Groupe 60 min;60 min;renforcement;Débutant;Groupe;Full body;coach intelligent
renforcement_full_body_maison_debutant_20;Renforcement Full body Maison 20 min;20 min;renforcement;Débutant;Maison;Full body;coach intelligent
renforcement_full_body_maison_debutant_30;Renforcement Full body Maison 30 min;30 min;renforcement;Débutant;Maison;Full body;coach intelligent
renforcement_full_body_maison_debutant_35;Renforcement Full body Maison 35 min;35 min;renforcement;Débutant;Maison;Full body;coach intelligent
renforcement_full_body_maison_debutant_45;Renforcement Full body Maison 45 min;45 min;renforcement;Débutant;Maison;Full body;coach intelligent
renforcement_full_body_maison_debutant_60;Renforcement Full body Maison 60 min;60 min;renforcement;Débutant;Maison;Full body;coach intelligent
renforcement_full_body_salle_debutant_20;Renforcement Full body Salle 20 min;20 min;renforcement;Débutant;Salle;Full body;coach intelligent
renforcement_full_body_salle_debutant_30;Renforcement Full body Salle 30 min;30 min;renforcement;Débutant;Salle;Full body;coach intelligent
renforcement_full_body_salle_debutant_35;Renforcement Full body Salle 35 min;35 min;renforcement;Débutant;Salle;Full body;coach intelligent
renforcement_full_body_salle_debutant_45;Renforcement Full body Salle 45 min;45 min;renforcement;Débutant;Salle;Full body;coach intelligent
renforcement_full_body_salle_debutant_60;Renforcement Full body Salle 60 min;60 min;renforcement;Débutant;Salle;Full body;coach intelligent
renforcement_full_body_exterieur_debutant_20;Renforcement Full body Extérieur 20 min;20 min;renforcement;Débutant;Extérieur;Full body;coach intelligent
renforcement_full_body_exterieur_debutant_30;Renforcement Full body Extérieur 30 min;30 min;renforcement;Débutant;Extérieur;Full body;coach intelligent
renforcement_full_body_exterieur_debutant_35;Renforcement Full body Extérieur 35 min;35 min;renforcement;Débutant;Extérieur;Full body;coach intelligent
renforcement_full_body_exterieur_debutant_45;Renforcement Full body Extérieur 45 min;45 min;renforcement;Débutant;Extérieur;Full body;coach intelligent
renforcement_full_body_exterieur_debutant_60;Renforcement Full body Extérieur 60 min;60 min;renforcement;Débutant;Extérieur;Full body;coach intelligent
renforcement_full_body_coach_debutant_20;Renforcement Full body Coach 20 min;20 min;renforcement;Débutant;Coach;Full body;coach intelligent
renforcement_full_body_coach_debutant_30;Renforcement Full body Coach 30 min;30 min;renforcement;Débutant;Coach;Full body;coach intelligent
renforcement_full_body_coach_debutant_35;Renforcement Full body Coach 35 min;35 min;renforcement;Débutant;Coach;Full body;coach intelligent
renforcement_full_body_coach_debutant_45;Renforcement Full body Coach 45 min;45 min;renforcement;Débutant;Coach;Full body;coach intelligent
renforcement_full_body_coach_debutant_60;Renforcement Full body Coach 60 min;60 min;renforcement;Débutant;Coach;Full body;coach intelligent
renforcement_full_body_solo_intermediaire_20;Renforcement Full body Solo 20 min;20 min;renforcement;Intermédiaire;Solo;Full body;coach intelligent
renforcement_full_body_solo_intermediaire_30;Renforcement Full body Solo 30 min;30 min;renforcement;Intermédiaire;Solo;Full body;coach intelligent
renforcement_full_body_solo_intermediaire_35;Renforcement Full body Solo 35 min;35 min;renforcement;Intermédiaire;Solo;Full body;coach intelligent
renforcement_full_body_solo_intermediaire_45;Renforcement Full body Solo 45 min;45 min;renforcement;Intermédiaire;Solo;Full body;coach intelligent
renforcement_full_body_solo_intermediaire_60;Renforcement Full body Solo 60 min;60 min;renforcement;Intermédiaire;Solo;Full body;coach intelligent
renforcement_full_body_groupe_intermediaire_20;Renforcement Full body Groupe 20 min;20 min;renforcement;Intermédiaire;Groupe;Full body;coach intelligent
renforcement_full_body_groupe_intermediaire_30;Renforcement Full body Groupe 30 min;30 min;renforcement;Intermédiaire;Groupe;Full body;coach intelligent
renforcement_full_body_groupe_intermediaire_35;Renforcement Full body Groupe 35 min;35 min;renforcement;Intermédiaire;Groupe;Full body;coach intelligent
renforcement_full_body_groupe_intermediaire_45;Renforcement Full body Groupe 45 min;45 min;renforcement;Intermédiaire;Groupe;Full body;coach intelligent
renforcement_full_body_groupe_intermediaire_60;Renforcement Full body Groupe 60 min;60 min;renforcement;Intermédiaire;Groupe;Full body;coach intelligent
renforcement_full_body_maison_intermediaire_20;Renforcement Full body Maison 20 min;20 min;renforcement;Intermédiaire;Maison;Full body;coach intelligent
renforcement_full_body_maison_intermediaire_30;Renforcement Full body Maison 30 min;30 min;renforcement;Intermédiaire;Maison;Full body;coach intelligent
renforcement_full_body_maison_intermediaire_35;Renforcement Full body Maison 35 min;35 min;renforcement;Intermédiaire;Maison;Full body;coach intelligent
renforcement_full_body_maison_intermediaire_45;Renforcement Full body Maison 45 min;45 min;renforcement;Intermédiaire;Maison;Full body;coach intelligent
renforcement_full_body_maison_intermediaire_60;Renforcement Full body Maison 60 min;60 min;renforcement;Intermédiaire;Maison;Full body;coach intelligent
renforcement_full_body_salle_intermediaire_20;Renforcement Full body Salle 20 min;20 min;renforcement;Intermédiaire;Salle;Full body;coach intelligent
renforcement_full_body_salle_intermediaire_30;Renforcement Full body Salle 30 min;30 min;renforcement;Intermédiaire;Salle;Full body;coach intelligent
renforcement_full_body_salle_intermediaire_35;Renforcement Full body Salle 35 min;35 min;renforcement;Intermédiaire;Salle;Full body;coach intelligent
renforcement_full_body_salle_intermediaire_45;Renforcement Full body Salle 45 min;45 min;renforcement;Intermédiaire;Salle;Full body;coach intelligent
renforcement_full_body_salle_intermediaire_60;Renforcement Full body Salle 60 min;60 min;renforcement;Intermédiaire;Salle;Full body;coach intelligent
renforcement_full_body_exterieur_intermediaire_20;Renforcement Full body Extérieur 20 min;20 min;renforcement;Intermédiaire;Extérieur;Full body;coach intelligent
renforcement_full_body_exterieur_intermediaire_30;Renforcement Full body Extérieur 30 min;30 min;renforcement;Intermédiaire;Extérieur;Full body;coach intelligent
renforcement_full_body_exterieur_intermediaire_35;Renforcement Full body Extérieur 35 min;35 min;renforcement;Intermédiaire;Extérieur;Full body;coach intelligent
renforcement_full_body_exterieur_intermediaire_45;Renforcement Full body Extérieur 45 min;45 min;renforcement;Intermédiaire;Extérieur;Full body;coach intelligent
renforcement_full_body_exterieur_intermediaire_60;Renforcement Full body Extérieur 60 min;60 min;renforcement;Intermédiaire;Extérieur;Full body;coach intelligent
renforcement_full_body_coach_intermediaire_20;Renforcement Full body Coach 20 min;20 min;renforcement;Intermédiaire;Coach;Full body;coach intelligent
renforcement_full_body_coach_intermediaire_30;Renforcement Full body Coach 30 min;30 min;renforcement;Intermédiaire;Coach;Full body;coach intelligent
renforcement_full_body_coach_intermediaire_35;Renforcement Full body Coach 35 min;35 min;renforcement;Intermédiaire;Coach;Full body;coach intelligent
renforcement_full_body_coach_intermediaire_45;Renforcement Full body Coach 45 min;45 min;renforcement;Intermédiaire;Coach;Full body;coach intelligent
renforcement_full_body_coach_intermediaire_60;Renforcement Full body Coach 60 min;60 min;renforcement;Intermédiaire;Coach;Full body;coach intelligent
renforcement_full_body_solo_avance_20;Renforcement Full body Solo 20 min;20 min;renforcement;Avancé;Solo;Full body;coach intelligent
renforcement_full_body_solo_avance_30;Renforcement Full body Solo 30 min;30 min;renforcement;Avancé;Solo;Full body;coach intelligent
renforcement_full_body_solo_avance_35;Renforcement Full body Solo 35 min;35 min;renforcement;Avancé;Solo;Full body;coach intelligent
renforcement_full_body_solo_avance_45;Renforcement Full body Solo 45 min;45 min;renforcement;Avancé;Solo;Full body;coach intelligent
renforcement_full_body_solo_avance_60;Renforcement Full body Solo 60 min;60 min;renforcement;Avancé;Solo;Full body;coach intelligent
renforcement_full_body_groupe_avance_20;Renforcement Full body Groupe 20 min;20 min;renforcement;Avancé;Groupe;Full body;coach intelligent
renforcement_full_body_groupe_avance_30;Renforcement Full body Groupe 30 min;30 min;renforcement;Avancé;Groupe;Full body;coach intelligent
renforcement_full_body_groupe_avance_35;Renforcement Full body Groupe 35 min;35 min;renforcement;Avancé;Groupe;Full body;coach intelligent
renforcement_full_body_groupe_avance_45;Renforcement Full body Groupe 45 min;45 min;renforcement;Avancé;Groupe;Full body;coach intelligent
renforcement_full_body_groupe_avance_60;Renforcement Full body Groupe 60 min;60 min;renforcement;Avancé;Groupe;Full body;coach intelligent
renforcement_full_body_maison_avance_20;Renforcement Full body Maison 20 min;20 min;renforcement;Avancé;Maison;Full body;coach intelligent
renforcement_full_body_maison_avance_30;Renforcement Full body Maison 30 min;30 min;renforcement;Avancé;Maison;Full body;coach intelligent
renforcement_full_body_maison_avance_35;Renforcement Full body Maison 35 min;35 min;renforcement;Avancé;Maison;Full body;coach intelligent
renforcement_full_body_maison_avance_45;Renforcement Full body Maison 45 min;45 min;renforcement;Avancé;Maison;Full body;coach intelligent
renforcement_full_body_maison_avance_60;Renforcement Full body Maison 60 min;60 min;renforcement;Avancé;Maison;Full body;coach intelligent
renforcement_full_body_salle_avance_20;Renforcement Full body Salle 20 min;20 min;renforcement;Avancé;Salle;Full body;coach intelligent
renforcement_full_body_salle_avance_30;Renforcement Full body Salle 30 min;30 min;renforcement;Avancé;Salle;Full body;coach intelligent
renforcement_full_body_salle_avance_35;Renforcement Full body Salle 35 min;35 min;renforcement;Avancé;Salle;Full body;coach intelligent
renforcement_full_body_salle_avance_45;Renforcement Full body Salle 45 min;45 min;renforcement;Avancé;Salle;Full body;coach intelligent
renforcement_full_body_salle_avance_60;Renforcement Full body Salle 60 min;60 min;renforcement;Avancé;Salle;Full body;coach intelligent
renforcement_full_body_exterieur_avance_20;Renforcement Full body Extérieur 20 min;20 min;renforcement;Avancé;Extérieur;Full body;coach intelligent
renforcement_full_body_exterieur_avance_30;Renforcement Full body Extérieur 30 min;30 min;renforcement;Avancé;Extérieur;Full body;coach intelligent
renforcement_full_body_exterieur_avance_35;Renforcement Full body Extérieur 35 min;35 min;renforcement;Avancé;Extérieur;Full body;coach intelligent
renforcement_full_body_exterieur_avance_45;Renforcement Full body Extérieur 45 min;45 min;renforcement;Avancé;Extérieur;Full body;coach intelligent
renforcement_full_body_exterieur_avance_60;Renforcement Full body Extérieur 60 min;60 min;renforcement;Avancé;Extérieur;Full body;coach intelligent
renforcement_full_body_coach_avance_20;Renforcement Full body Coach 20 min;20 min;renforcement;Avancé;Coach;Full body;coach intelligent
renforcement_full_body_coach_avance_30;Renforcement Full body Coach 30 min;30 min;renforcement;Avancé;Coach;Full body;coach intelligent
renforcement_full_body_coach_avance_35;Renforcement Full body Coach 35 min;35 min;renforcement;Avancé;Coach;Full body;coach intelligent
renforcement_full_body_coach_avance_45;Renforcement Full body Coach 45 min;45 min;renforcement;Avancé;Coach;Full body;coach intelligent
renforcement_full_body_coach_avance_60;Renforcement Full body Coach 60 min;60 min;renforcement;Avancé;Coach;Full body;coach intelligent
renforcement_full_body_solo_expert_20;Renforcement Full body Solo 20 min;20 min;renforcement;Expert;Solo;Full body;coach intelligent
renforcement_full_body_solo_expert_30;Renforcement Full body Solo 30 min;30 min;renforcement;Expert;Solo;Full body;coach intelligent
renforcement_full_body_solo_expert_35;Renforcement Full body Solo 35 min;35 min;renforcement;Expert;Solo;Full body;coach intelligent
renforcement_full_body_solo_expert_45;Renforcement Full body Solo 45 min;45 min;renforcement;Expert;Solo;Full body;coach intelligent
renforcement_full_body_solo_expert_60;Renforcement Full body Solo 60 min;60 min;renforcement;Expert;Solo;Full body;coach intelligent
renforcement_full_body_groupe_expert_20;Renforcement Full body Groupe 20 min;20 min;renforcement;Expert;Groupe;Full body;coach intelligent
renforcement_full_body_groupe_expert_30;Renforcement Full body Groupe 30 min;30 min;renforcement;Expert;Groupe;Full body;coach intelligent
renforcement_full_body_groupe_expert_35;Renforcement Full body Groupe 35 min;35 min;renforcement;Expert;Groupe;Full body;coach intelligent
renforcement_full_body_groupe_expert_45;Renforcement Full body Groupe 45 min;45 min;renforcement;Expert;Groupe;Full body;coach intelligent
renforcement_full_body_groupe_expert_60;Renforcement Full body Groupe 60 min;60 min;renforcement;Expert;Groupe;Full body;coach intelligent
renforcement_full_body_maison_expert_20;Renforcement Full body Maison 20 min;20 min;renforcement;Expert;Maison;Full body;coach intelligent
renforcement_full_body_maison_expert_30;Renforcement Full body Maison 30 min;30 min;renforcement;Expert;Maison;Full body;coach intelligent
renforcement_full_body_maison_expert_35;Renforcement Full body Maison 35 min;35 min;renforcement;Expert;Maison;Full body;coach intelligent
renforcement_full_body_maison_expert_45;Renforcement Full body Maison 45 min;45 min;renforcement;Expert;Maison;Full body;coach intelligent
renforcement_full_body_maison_expert_60;Renforcement Full body Maison 60 min;60 min;renforcement;Expert;Maison;Full body;coach intelligent
renforcement_full_body_salle_expert_20;Renforcement Full body Salle 20 min;20 min;renforcement;Expert;Salle;Full body;coach intelligent
renforcement_full_body_salle_expert_30;Renforcement Full body Salle 30 min;30 min;renforcement;Expert;Salle;Full body;coach intelligent
renforcement_full_body_salle_expert_35;Renforcement Full body Salle 35 min;35 min;renforcement;Expert;Salle;Full body;coach intelligent
renforcement_full_body_salle_expert_45;Renforcement Full body Salle 45 min;45 min;renforcement;Expert;Salle;Full body;coach intelligent
renforcement_full_body_salle_expert_60;Renforcement Full body Salle 60 min;60 min;renforcement;Expert;Salle;Full body;coach intelligent
renforcement_full_body_exterieur_expert_20;Renforcement Full body Extérieur 20 min;20 min;renforcement;Expert;Extérieur;Full body;coach intelligent
renforcement_full_body_exterieur_expert_30;Renforcement Full body Extérieur 30 min;30 min;renforcement;Expert;Extérieur;Full body;coach intelligent
renforcement_full_body_exterieur_expert_35;Renforcement Full body Extérieur 35 min;35 min;renforcement;Expert;Extérieur;Full body;coach intelligent
renforcement_full_body_exterieur_expert_45;Renforcement Full body Extérieur 45 min;45 min;renforcement;Expert;Extérieur;Full body;coach intelligent
renforcement_full_body_exterieur_expert_60;Renforcement Full body Extérieur 60 min;60 min;renforcement;Expert;Extérieur;Full body;coach intelligent
renforcement_full_body_coach_expert_20;Renforcement Full body Coach 20 min;20 min;renforcement;Expert;Coach;Full body;coach intelligent
renforcement_full_body_coach_expert_30;Renforcement Full body Coach 30 min;30 min;renforcement;Expert;Coach;Full body;coach intelligent
renforcement_full_body_coach_expert_35;Renforcement Full body Coach 35 min;35 min;renforcement;Expert;Coach;Full body;coach intelligent
renforcement_full_body_coach_expert_45;Renforcement Full body Coach 45 min;45 min;renforcement;Expert;Coach;Full body;coach intelligent
renforcement_full_body_coach_expert_60;Renforcement Full body Coach 60 min;60 min;renforcement;Expert;Coach;Full body;coach intelligent
mobilite_full_body_solo_debutant_10;Mobilité Full body Solo 10 min;10 min;mobilite;Débutant;Solo;Full body;coach intelligent
mobilite_full_body_solo_debutant_15;Mobilité Full body Solo 15 min;15 min;mobilite;Débutant;Solo;Full body;coach intelligent
mobilite_full_body_solo_debutant_20;Mobilité Full body Solo 20 min;20 min;mobilite;Débutant;Solo;Full body;coach intelligent
mobilite_full_body_solo_debutant_25;Mobilité Full body Solo 25 min;25 min;mobilite;Débutant;Solo;Full body;coach intelligent
mobilite_full_body_solo_debutant_30;Mobilité Full body Solo 30 min;30 min;mobilite;Débutant;Solo;Full body;coach intelligent
mobilite_full_body_solo_debutant_45;Mobilité Full body Solo 45 min;45 min;mobilite;Débutant;Solo;Full body;coach intelligent
mobilite_full_body_groupe_debutant_10;Mobilité Full body Groupe 10 min;10 min;mobilite;Débutant;Groupe;Full body;coach intelligent
mobilite_full_body_groupe_debutant_15;Mobilité Full body Groupe 15 min;15 min;mobilite;Débutant;Groupe;Full body;coach intelligent
mobilite_full_body_groupe_debutant_20;Mobilité Full body Groupe 20 min;20 min;mobilite;Débutant;Groupe;Full body;coach intelligent
mobilite_full_body_groupe_debutant_25;Mobilité Full body Groupe 25 min;25 min;mobilite;Débutant;Groupe;Full body;coach intelligent
mobilite_full_body_groupe_debutant_30;Mobilité Full body Groupe 30 min;30 min;mobilite;Débutant;Groupe;Full body;coach intelligent
mobilite_full_body_groupe_debutant_45;Mobilité Full body Groupe 45 min;45 min;mobilite;Débutant;Groupe;Full body;coach intelligent
mobilite_full_body_maison_debutant_10;Mobilité Full body Maison 10 min;10 min;mobilite;Débutant;Maison;Full body;coach intelligent
mobilite_full_body_maison_debutant_15;Mobilité Full body Maison 15 min;15 min;mobilite;Débutant;Maison;Full body;coach intelligent
mobilite_full_body_maison_debutant_20;Mobilité Full body Maison 20 min;20 min;mobilite;Débutant;Maison;Full body;coach intelligent
mobilite_full_body_maison_debutant_25;Mobilité Full body Maison 25 min;25 min;mobilite;Débutant;Maison;Full body;coach intelligent
mobilite_full_body_maison_debutant_30;Mobilité Full body Maison 30 min;30 min;mobilite;Débutant;Maison;Full body;coach intelligent
mobilite_full_body_maison_debutant_45;Mobilité Full body Maison 45 min;45 min;mobilite;Débutant;Maison;Full body;coach intelligent
mobilite_full_body_salle_debutant_10;Mobilité Full body Salle 10 min;10 min;mobilite;Débutant;Salle;Full body;coach intelligent
mobilite_full_body_salle_debutant_15;Mobilité Full body Salle 15 min;15 min;mobilite;Débutant;Salle;Full body;coach intelligent
mobilite_full_body_salle_debutant_20;Mobilité Full body Salle 20 min;20 min;mobilite;Débutant;Salle;Full body;coach intelligent
mobilite_full_body_salle_debutant_25;Mobilité Full body Salle 25 min;25 min;mobilite;Débutant;Salle;Full body;coach intelligent
mobilite_full_body_salle_debutant_30;Mobilité Full body Salle 30 min;30 min;mobilite;Débutant;Salle;Full body;coach intelligent
mobilite_full_body_salle_debutant_45;Mobilité Full body Salle 45 min;45 min;mobilite;Débutant;Salle;Full body;coach intelligent
mobilite_full_body_exterieur_debutant_10;Mobilité Full body Extérieur 10 min;10 min;mobilite;Débutant;Extérieur;Full body;coach intelligent
mobilite_full_body_exterieur_debutant_15;Mobilité Full body Extérieur 15 min;15 min;mobilite;Débutant;Extérieur;Full body;coach intelligent
mobilite_full_body_exterieur_debutant_20;Mobilité Full body Extérieur 20 min;20 min;mobilite;Débutant;Extérieur;Full body;coach intelligent
mobilite_full_body_exterieur_debutant_25;Mobilité Full body Extérieur 25 min;25 min;mobilite;Débutant;Extérieur;Full body;coach intelligent
mobilite_full_body_exterieur_debutant_30;Mobilité Full body Extérieur 30 min;30 min;mobilite;Débutant;Extérieur;Full body;coach intelligent
mobilite_full_body_exterieur_debutant_45;Mobilité Full body Extérieur 45 min;45 min;mobilite;Débutant;Extérieur;Full body;coach intelligent
mobilite_full_body_coach_debutant_10;Mobilité Full body Coach 10 min;10 min;mobilite;Débutant;Coach;Full body;coach intelligent
mobilite_full_body_coach_debutant_15;Mobilité Full body Coach 15 min;15 min;mobilite;Débutant;Coach;Full body;coach intelligent
mobilite_full_body_coach_debutant_20;Mobilité Full body Coach 20 min;20 min;mobilite;Débutant;Coach;Full body;coach intelligent
mobilite_full_body_coach_debutant_25;Mobilité Full body Coach 25 min;25 min;mobilite;Débutant;Coach;Full body;coach intelligent
mobilite_full_body_coach_debutant_30;Mobilité Full body Coach 30 min;30 min;mobilite;Débutant;Coach;Full body;coach intelligent
mobilite_full_body_coach_debutant_45;Mobilité Full body Coach 45 min;45 min;mobilite;Débutant;Coach;Full body;coach intelligent
mobilite_full_body_solo_intermediaire_10;Mobilité Full body Solo 10 min;10 min;mobilite;Intermédiaire;Solo;Full body;coach intelligent
mobilite_full_body_solo_intermediaire_15;Mobilité Full body Solo 15 min;15 min;mobilite;Intermédiaire;Solo;Full body;coach intelligent
mobilite_full_body_solo_intermediaire_20;Mobilité Full body Solo 20 min;20 min;mobilite;Intermédiaire;Solo;Full body;coach intelligent
mobilite_full_body_solo_intermediaire_25;Mobilité Full body Solo 25 min;25 min;mobilite;Intermédiaire;Solo;Full body;coach intelligent
mobilite_full_body_solo_intermediaire_30;Mobilité Full body Solo 30 min;30 min;mobilite;Intermédiaire;Solo;Full body;coach intelligent
mobilite_full_body_solo_intermediaire_45;Mobilité Full body Solo 45 min;45 min;mobilite;Intermédiaire;Solo;Full body;coach intelligent
mobilite_full_body_groupe_intermediaire_10;Mobilité Full body Groupe 10 min;10 min;mobilite;Intermédiaire;Groupe;Full body;coach intelligent
mobilite_full_body_groupe_intermediaire_15;Mobilité Full body Groupe 15 min;15 min;mobilite;Intermédiaire;Groupe;Full body;coach intelligent
mobilite_full_body_groupe_intermediaire_20;Mobilité Full body Groupe 20 min;20 min;mobilite;Intermédiaire;Groupe;Full body;coach intelligent
mobilite_full_body_groupe_intermediaire_25;Mobilité Full body Groupe 25 min;25 min;mobilite;Intermédiaire;Groupe;Full body;coach intelligent
mobilite_full_body_groupe_intermediaire_30;Mobilité Full body Groupe 30 min;30 min;mobilite;Intermédiaire;Groupe;Full body;coach intelligent
mobilite_full_body_groupe_intermediaire_45;Mobilité Full body Groupe 45 min;45 min;mobilite;Intermédiaire;Groupe;Full body;coach intelligent
mobilite_full_body_maison_intermediaire_10;Mobilité Full body Maison 10 min;10 min;mobilite;Intermédiaire;Maison;Full body;coach intelligent
mobilite_full_body_maison_intermediaire_15;Mobilité Full body Maison 15 min;15 min;mobilite;Intermédiaire;Maison;Full body;coach intelligent
mobilite_full_body_maison_intermediaire_20;Mobilité Full body Maison 20 min;20 min;mobilite;Intermédiaire;Maison;Full body;coach intelligent
mobilite_full_body_maison_intermediaire_25;Mobilité Full body Maison 25 min;25 min;mobilite;Intermédiaire;Maison;Full body;coach intelligent
mobilite_full_body_maison_intermediaire_30;Mobilité Full body Maison 30 min;30 min;mobilite;Intermédiaire;Maison;Full body;coach intelligent
mobilite_full_body_maison_intermediaire_45;Mobilité Full body Maison 45 min;45 min;mobilite;Intermédiaire;Maison;Full body;coach intelligent
mobilite_full_body_salle_intermediaire_10;Mobilité Full body Salle 10 min;10 min;mobilite;Intermédiaire;Salle;Full body;coach intelligent
mobilite_full_body_salle_intermediaire_15;Mobilité Full body Salle 15 min;15 min;mobilite;Intermédiaire;Salle;Full body;coach intelligent
mobilite_full_body_salle_intermediaire_20;Mobilité Full body Salle 20 min;20 min;mobilite;Intermédiaire;Salle;Full body;coach intelligent
mobilite_full_body_salle_intermediaire_25;Mobilité Full body Salle 25 min;25 min;mobilite;Intermédiaire;Salle;Full body;coach intelligent
mobilite_full_body_salle_intermediaire_30;Mobilité Full body Salle 30 min;30 min;mobilite;Intermédiaire;Salle;Full body;coach intelligent
mobilite_full_body_salle_intermediaire_45;Mobilité Full body Salle 45 min;45 min;mobilite;Intermédiaire;Salle;Full body;coach intelligent
mobilite_full_body_exterieur_intermediaire_10;Mobilité Full body Extérieur 10 min;10 min;mobilite;Intermédiaire;Extérieur;Full body;coach intelligent
mobilite_full_body_exterieur_intermediaire_15;Mobilité Full body Extérieur 15 min;15 min;mobilite;Intermédiaire;Extérieur;Full body;coach intelligent
mobilite_full_body_exterieur_intermediaire_20;Mobilité Full body Extérieur 20 min;20 min;mobilite;Intermédiaire;Extérieur;Full body;coach intelligent
mobilite_full_body_exterieur_intermediaire_25;Mobilité Full body Extérieur 25 min;25 min;mobilite;Intermédiaire;Extérieur;Full body;coach intelligent
mobilite_full_body_exterieur_intermediaire_30;Mobilité Full body Extérieur 30 min;30 min;mobilite;Intermédiaire;Extérieur;Full body;coach intelligent
mobilite_full_body_exterieur_intermediaire_45;Mobilité Full body Extérieur 45 min;45 min;mobilite;Intermédiaire;Extérieur;Full body;coach intelligent
mobilite_full_body_coach_intermediaire_10;Mobilité Full body Coach 10 min;10 min;mobilite;Intermédiaire;Coach;Full body;coach intelligent
mobilite_full_body_coach_intermediaire_15;Mobilité Full body Coach 15 min;15 min;mobilite;Intermédiaire;Coach;Full body;coach intelligent
mobilite_full_body_coach_intermediaire_20;Mobilité Full body Coach 20 min;20 min;mobilite;Intermédiaire;Coach;Full body;coach intelligent
mobilite_full_body_coach_intermediaire_25;Mobilité Full body Coach 25 min;25 min;mobilite;Intermédiaire;Coach;Full body;coach intelligent
mobilite_full_body_coach_intermediaire_30;Mobilité Full body Coach 30 min;30 min;mobilite;Intermédiaire;Coach;Full body;coach intelligent
mobilite_full_body_coach_intermediaire_45;Mobilité Full body Coach 45 min;45 min;mobilite;Intermédiaire;Coach;Full body;coach intelligent
mobilite_full_body_solo_avance_10;Mobilité Full body Solo 10 min;10 min;mobilite;Avancé;Solo;Full body;coach intelligent
mobilite_full_body_solo_avance_15;Mobilité Full body Solo 15 min;15 min;mobilite;Avancé;Solo;Full body;coach intelligent
mobilite_full_body_solo_avance_20;Mobilité Full body Solo 20 min;20 min;mobilite;Avancé;Solo;Full body;coach intelligent
mobilite_full_body_solo_avance_25;Mobilité Full body Solo 25 min;25 min;mobilite;Avancé;Solo;Full body;coach intelligent
mobilite_full_body_solo_avance_30;Mobilité Full body Solo 30 min;30 min;mobilite;Avancé;Solo;Full body;coach intelligent
mobilite_full_body_solo_avance_45;Mobilité Full body Solo 45 min;45 min;mobilite;Avancé;Solo;Full body;coach intelligent
mobilite_full_body_groupe_avance_10;Mobilité Full body Groupe 10 min;10 min;mobilite;Avancé;Groupe;Full body;coach intelligent
mobilite_full_body_groupe_avance_15;Mobilité Full body Groupe 15 min;15 min;mobilite;Avancé;Groupe;Full body;coach intelligent
mobilite_full_body_groupe_avance_20;Mobilité Full body Groupe 20 min;20 min;mobilite;Avancé;Groupe;Full body;coach intelligent
mobilite_full_body_groupe_avance_25;Mobilité Full body Groupe 25 min;25 min;mobilite;Avancé;Groupe;Full body;coach intelligent
mobilite_full_body_groupe_avance_30;Mobilité Full body Groupe 30 min;30 min;mobilite;Avancé;Groupe;Full body;coach intelligent
mobilite_full_body_groupe_avance_45;Mobilité Full body Groupe 45 min;45 min;mobilite;Avancé;Groupe;Full body;coach intelligent
mobilite_full_body_maison_avance_10;Mobilité Full body Maison 10 min;10 min;mobilite;Avancé;Maison;Full body;coach intelligent
mobilite_full_body_maison_avance_15;Mobilité Full body Maison 15 min;15 min;mobilite;Avancé;Maison;Full body;coach intelligent
mobilite_full_body_maison_avance_20;Mobilité Full body Maison 20 min;20 min;mobilite;Avancé;Maison;Full body;coach intelligent
mobilite_full_body_maison_avance_25;Mobilité Full body Maison 25 min;25 min;mobilite;Avancé;Maison;Full body;coach intelligent
mobilite_full_body_maison_avance_30;Mobilité Full body Maison 30 min;30 min;mobilite;Avancé;Maison;Full body;coach intelligent
mobilite_full_body_maison_avance_45;Mobilité Full body Maison 45 min;45 min;mobilite;Avancé;Maison;Full body;coach intelligent
mobilite_full_body_salle_avance_10;Mobilité Full body Salle 10 min;10 min;mobilite;Avancé;Salle;Full body;coach intelligent
mobilite_full_body_salle_avance_15;Mobilité Full body Salle 15 min;15 min;mobilite;Avancé;Salle;Full body;coach intelligent
mobilite_full_body_salle_avance_20;Mobilité Full body Salle 20 min;20 min;mobilite;Avancé;Salle;Full body;coach intelligent
mobilite_full_body_salle_avance_25;Mobilité Full body Salle 25 min;25 min;mobilite;Avancé;Salle;Full body;coach intelligent
mobilite_full_body_salle_avance_30;Mobilité Full body Salle 30 min;30 min;mobilite;Avancé;Salle;Full body;coach intelligent
mobilite_full_body_salle_avance_45;Mobilité Full body Salle 45 min;45 min;mobilite;Avancé;Salle;Full body;coach intelligent
mobilite_full_body_exterieur_avance_10;Mobilité Full body Extérieur 10 min;10 min;mobilite;Avancé;Extérieur;Full body;coach intelligent
mobilite_full_body_exterieur_avance_15;Mobilité Full body Extérieur 15 min;15 min;mobilite;Avancé;Extérieur;Full body;coach intelligent
mobilite_full_body_exterieur_avance_20;Mobilité Full body Extérieur 20 min;20 min;mobilite;Avancé;Extérieur;Full body;coach intelligent
mobilite_full_body_exterieur_avance_25;Mobilité Full body Extérieur 25 min;25 min;mobilite;Avancé;Extérieur;Full body;coach intelligent
mobilite_full_body_exterieur_avance_30;Mobilité Full body Extérieur 30 min;30 min;mobilite;Avancé;Extérieur;Full body;coach intelligent
mobilite_full_body_exterieur_avance_45;Mobilité Full body Extérieur 45 min;45 min;mobilite;Avancé;Extérieur;Full body;coach intelligent
mobilite_full_body_coach_avance_10;Mobilité Full body Coach 10 min;10 min;mobilite;Avancé;Coach;Full body;coach intelligent
mobilite_full_body_coach_avance_15;Mobilité Full body Coach 15 min;15 min;mobilite;Avancé;Coach;Full body;coach intelligent
mobilite_full_body_coach_avance_20;Mobilité Full body Coach 20 min;20 min;mobilite;Avancé;Coach;Full body;coach intelligent
mobilite_full_body_coach_avance_25;Mobilité Full body Coach 25 min;25 min;mobilite;Avancé;Coach;Full body;coach intelligent
mobilite_full_body_coach_avance_30;Mobilité Full body Coach 30 min;30 min;mobilite;Avancé;Coach;Full body;coach intelligent
mobilite_full_body_coach_avance_45;Mobilité Full body Coach 45 min;45 min;mobilite;Avancé;Coach;Full body;coach intelligent
mobilite_full_body_solo_expert_10;Mobilité Full body Solo 10 min;10 min;mobilite;Expert;Solo;Full body;coach intelligent
mobilite_full_body_solo_expert_15;Mobilité Full body Solo 15 min;15 min;mobilite;Expert;Solo;Full body;coach intelligent
mobilite_full_body_solo_expert_20;Mobilité Full body Solo 20 min;20 min;mobilite;Expert;Solo;Full body;coach intelligent
mobilite_full_body_solo_expert_25;Mobilité Full body Solo 25 min;25 min;mobilite;Expert;Solo;Full body;coach intelligent
mobilite_full_body_solo_expert_30;Mobilité Full body Solo 30 min;30 min;mobilite;Expert;Solo;Full body;coach intelligent
mobilite_full_body_solo_expert_45;Mobilité Full body Solo 45 min;45 min;mobilite;Expert;Solo;Full body;coach intelligent
mobilite_full_body_groupe_expert_10;Mobilité Full body Groupe 10 min;10 min;mobilite;Expert;Groupe;Full body;coach intelligent
mobilite_full_body_groupe_expert_15;Mobilité Full body Groupe 15 min;15 min;mobilite;Expert;Groupe;Full body;coach intelligent
mobilite_full_body_groupe_expert_20;Mobilité Full body Groupe 20 min;20 min;mobilite;Expert;Groupe;Full body;coach intelligent
mobilite_full_body_groupe_expert_25;Mobilité Full body Groupe 25 min;25 min;mobilite;Expert;Groupe;Full body;coach intelligent
mobilite_full_body_groupe_expert_30;Mobilité Full body Groupe 30 min;30 min;mobilite;Expert;Groupe;Full body;coach intelligent
mobilite_full_body_groupe_expert_45;Mobilité Full body Groupe 45 min;45 min;mobilite;Expert;Groupe;Full body;coach intelligent
recovery_full_body_solo_debutant_10;Recovery Full body Solo 10 min;10 min;recovery;Débutant;Solo;Full body;coach intelligent
recovery_full_body_solo_debutant_15;Recovery Full body Solo 15 min;15 min;recovery;Débutant;Solo;Full body;coach intelligent
recovery_full_body_solo_debutant_20;Recovery Full body Solo 20 min;20 min;recovery;Débutant;Solo;Full body;coach intelligent
recovery_full_body_solo_debutant_25;Recovery Full body Solo 25 min;25 min;recovery;Débutant;Solo;Full body;coach intelligent
recovery_full_body_solo_debutant_30;Recovery Full body Solo 30 min;30 min;recovery;Débutant;Solo;Full body;coach intelligent
recovery_full_body_groupe_debutant_10;Recovery Full body Groupe 10 min;10 min;recovery;Débutant;Groupe;Full body;coach intelligent
recovery_full_body_groupe_debutant_15;Recovery Full body Groupe 15 min;15 min;recovery;Débutant;Groupe;Full body;coach intelligent
recovery_full_body_groupe_debutant_20;Recovery Full body Groupe 20 min;20 min;recovery;Débutant;Groupe;Full body;coach intelligent
recovery_full_body_groupe_debutant_25;Recovery Full body Groupe 25 min;25 min;recovery;Débutant;Groupe;Full body;coach intelligent
recovery_full_body_groupe_debutant_30;Recovery Full body Groupe 30 min;30 min;recovery;Débutant;Groupe;Full body;coach intelligent
recovery_full_body_maison_debutant_10;Recovery Full body Maison 10 min;10 min;recovery;Débutant;Maison;Full body;coach intelligent
recovery_full_body_maison_debutant_15;Recovery Full body Maison 15 min;15 min;recovery;Débutant;Maison;Full body;coach intelligent
recovery_full_body_maison_debutant_20;Recovery Full body Maison 20 min;20 min;recovery;Débutant;Maison;Full body;coach intelligent
recovery_full_body_maison_debutant_25;Recovery Full body Maison 25 min;25 min;recovery;Débutant;Maison;Full body;coach intelligent
recovery_full_body_maison_debutant_30;Recovery Full body Maison 30 min;30 min;recovery;Débutant;Maison;Full body;coach intelligent
recovery_full_body_salle_debutant_10;Recovery Full body Salle 10 min;10 min;recovery;Débutant;Salle;Full body;coach intelligent
recovery_full_body_salle_debutant_15;Recovery Full body Salle 15 min;15 min;recovery;Débutant;Salle;Full body;coach intelligent
recovery_full_body_salle_debutant_20;Recovery Full body Salle 20 min;20 min;recovery;Débutant;Salle;Full body;coach intelligent
recovery_full_body_salle_debutant_25;Recovery Full body Salle 25 min;25 min;recovery;Débutant;Salle;Full body;coach intelligent
recovery_full_body_salle_debutant_30;Recovery Full body Salle 30 min;30 min;recovery;Débutant;Salle;Full body;coach intelligent
recovery_full_body_exterieur_debutant_10;Recovery Full body Extérieur 10 min;10 min;recovery;Débutant;Extérieur;Full body;coach intelligent
recovery_full_body_exterieur_debutant_15;Recovery Full body Extérieur 15 min;15 min;recovery;Débutant;Extérieur;Full body;coach intelligent
recovery_full_body_exterieur_debutant_20;Recovery Full body Extérieur 20 min;20 min;recovery;Débutant;Extérieur;Full body;coach intelligent
recovery_full_body_exterieur_debutant_25;Recovery Full body Extérieur 25 min;25 min;recovery;Débutant;Extérieur;Full body;coach intelligent
recovery_full_body_exterieur_debutant_30;Recovery Full body Extérieur 30 min;30 min;recovery;Débutant;Extérieur;Full body;coach intelligent
recovery_full_body_coach_debutant_10;Recovery Full body Coach 10 min;10 min;recovery;Débutant;Coach;Full body;coach intelligent
recovery_full_body_coach_debutant_15;Recovery Full body Coach 15 min;15 min;recovery;Débutant;Coach;Full body;coach intelligent
recovery_full_body_coach_debutant_20;Recovery Full body Coach 20 min;20 min;recovery;Débutant;Coach;Full body;coach intelligent
recovery_full_body_coach_debutant_25;Recovery Full body Coach 25 min;25 min;recovery;Débutant;Coach;Full body;coach intelligent
recovery_full_body_coach_debutant_30;Recovery Full body Coach 30 min;30 min;recovery;Débutant;Coach;Full body;coach intelligent
recovery_full_body_solo_intermediaire_10;Recovery Full body Solo 10 min;10 min;recovery;Intermédiaire;Solo;Full body;coach intelligent
recovery_full_body_solo_intermediaire_15;Recovery Full body Solo 15 min;15 min;recovery;Intermédiaire;Solo;Full body;coach intelligent
recovery_full_body_solo_intermediaire_20;Recovery Full body Solo 20 min;20 min;recovery;Intermédiaire;Solo;Full body;coach intelligent
recovery_full_body_solo_intermediaire_25;Recovery Full body Solo 25 min;25 min;recovery;Intermédiaire;Solo;Full body;coach intelligent
recovery_full_body_solo_intermediaire_30;Recovery Full body Solo 30 min;30 min;recovery;Intermédiaire;Solo;Full body;coach intelligent
recovery_full_body_groupe_intermediaire_10;Recovery Full body Groupe 10 min;10 min;recovery;Intermédiaire;Groupe;Full body;coach intelligent
recovery_full_body_groupe_intermediaire_15;Recovery Full body Groupe 15 min;15 min;recovery;Intermédiaire;Groupe;Full body;coach intelligent
recovery_full_body_groupe_intermediaire_20;Recovery Full body Groupe 20 min;20 min;recovery;Intermédiaire;Groupe;Full body;coach intelligent
recovery_full_body_groupe_intermediaire_25;Recovery Full body Groupe 25 min;25 min;recovery;Intermédiaire;Groupe;Full body;coach intelligent
recovery_full_body_groupe_intermediaire_30;Recovery Full body Groupe 30 min;30 min;recovery;Intermédiaire;Groupe;Full body;coach intelligent
recovery_full_body_maison_intermediaire_10;Recovery Full body Maison 10 min;10 min;recovery;Intermédiaire;Maison;Full body;coach intelligent
recovery_full_body_maison_intermediaire_15;Recovery Full body Maison 15 min;15 min;recovery;Intermédiaire;Maison;Full body;coach intelligent
recovery_full_body_maison_intermediaire_20;Recovery Full body Maison 20 min;20 min;recovery;Intermédiaire;Maison;Full body;coach intelligent
recovery_full_body_maison_intermediaire_25;Recovery Full body Maison 25 min;25 min;recovery;Intermédiaire;Maison;Full body;coach intelligent
recovery_full_body_maison_intermediaire_30;Recovery Full body Maison 30 min;30 min;recovery;Intermédiaire;Maison;Full body;coach intelligent
recovery_full_body_salle_intermediaire_10;Recovery Full body Salle 10 min;10 min;recovery;Intermédiaire;Salle;Full body;coach intelligent
recovery_full_body_salle_intermediaire_15;Recovery Full body Salle 15 min;15 min;recovery;Intermédiaire;Salle;Full body;coach intelligent
recovery_full_body_salle_intermediaire_20;Recovery Full body Salle 20 min;20 min;recovery;Intermédiaire;Salle;Full body;coach intelligent
recovery_full_body_salle_intermediaire_25;Recovery Full body Salle 25 min;25 min;recovery;Intermédiaire;Salle;Full body;coach intelligent
recovery_full_body_salle_intermediaire_30;Recovery Full body Salle 30 min;30 min;recovery;Intermédiaire;Salle;Full body;coach intelligent
recovery_full_body_exterieur_intermediaire_10;Recovery Full body Extérieur 10 min;10 min;recovery;Intermédiaire;Extérieur;Full body;coach intelligent
recovery_full_body_exterieur_intermediaire_15;Recovery Full body Extérieur 15 min;15 min;recovery;Intermédiaire;Extérieur;Full body;coach intelligent
recovery_full_body_exterieur_intermediaire_20;Recovery Full body Extérieur 20 min;20 min;recovery;Intermédiaire;Extérieur;Full body;coach intelligent
recovery_full_body_exterieur_intermediaire_25;Recovery Full body Extérieur 25 min;25 min;recovery;Intermédiaire;Extérieur;Full body;coach intelligent
recovery_full_body_exterieur_intermediaire_30;Recovery Full body Extérieur 30 min;30 min;recovery;Intermédiaire;Extérieur;Full body;coach intelligent
recovery_full_body_coach_intermediaire_10;Recovery Full body Coach 10 min;10 min;recovery;Intermédiaire;Coach;Full body;coach intelligent
recovery_full_body_coach_intermediaire_15;Recovery Full body Coach 15 min;15 min;recovery;Intermédiaire;Coach;Full body;coach intelligent
recovery_full_body_coach_intermediaire_20;Recovery Full body Coach 20 min;20 min;recovery;Intermédiaire;Coach;Full body;coach intelligent
recovery_full_body_coach_intermediaire_25;Recovery Full body Coach 25 min;25 min;recovery;Intermédiaire;Coach;Full body;coach intelligent
recovery_full_body_coach_intermediaire_30;Recovery Full body Coach 30 min;30 min;recovery;Intermédiaire;Coach;Full body;coach intelligent
recovery_full_body_solo_avance_10;Recovery Full body Solo 10 min;10 min;recovery;Avancé;Solo;Full body;coach intelligent
recovery_full_body_solo_avance_15;Recovery Full body Solo 15 min;15 min;recovery;Avancé;Solo;Full body;coach intelligent
recovery_full_body_solo_avance_20;Recovery Full body Solo 20 min;20 min;recovery;Avancé;Solo;Full body;coach intelligent
recovery_full_body_solo_avance_25;Recovery Full body Solo 25 min;25 min;recovery;Avancé;Solo;Full body;coach intelligent
recovery_full_body_solo_avance_30;Recovery Full body Solo 30 min;30 min;recovery;Avancé;Solo;Full body;coach intelligent
recovery_full_body_groupe_avance_10;Recovery Full body Groupe 10 min;10 min;recovery;Avancé;Groupe;Full body;coach intelligent
recovery_full_body_groupe_avance_15;Recovery Full body Groupe 15 min;15 min;recovery;Avancé;Groupe;Full body;coach intelligent
recovery_full_body_groupe_avance_20;Recovery Full body Groupe 20 min;20 min;recovery;Avancé;Groupe;Full body;coach intelligent
recovery_full_body_groupe_avance_25;Recovery Full body Groupe 25 min;25 min;recovery;Avancé;Groupe;Full body;coach intelligent
recovery_full_body_groupe_avance_30;Recovery Full body Groupe 30 min;30 min;recovery;Avancé;Groupe;Full body;coach intelligent
recovery_full_body_maison_avance_10;Recovery Full body Maison 10 min;10 min;recovery;Avancé;Maison;Full body;coach intelligent
recovery_full_body_maison_avance_15;Recovery Full body Maison 15 min;15 min;recovery;Avancé;Maison;Full body;coach intelligent
recovery_full_body_maison_avance_20;Recovery Full body Maison 20 min;20 min;recovery;Avancé;Maison;Full body;coach intelligent
recovery_full_body_maison_avance_25;Recovery Full body Maison 25 min;25 min;recovery;Avancé;Maison;Full body;coach intelligent
recovery_full_body_maison_avance_30;Recovery Full body Maison 30 min;30 min;recovery;Avancé;Maison;Full body;coach intelligent
recovery_full_body_salle_avance_10;Recovery Full body Salle 10 min;10 min;recovery;Avancé;Salle;Full body;coach intelligent
recovery_full_body_salle_avance_15;Recovery Full body Salle 15 min;15 min;recovery;Avancé;Salle;Full body;coach intelligent
recovery_full_body_salle_avance_20;Recovery Full body Salle 20 min;20 min;recovery;Avancé;Salle;Full body;coach intelligent
recovery_full_body_salle_avance_25;Recovery Full body Salle 25 min;25 min;recovery;Avancé;Salle;Full body;coach intelligent
recovery_full_body_salle_avance_30;Recovery Full body Salle 30 min;30 min;recovery;Avancé;Salle;Full body;coach intelligent
recovery_full_body_exterieur_avance_10;Recovery Full body Extérieur 10 min;10 min;recovery;Avancé;Extérieur;Full body;coach intelligent
recovery_full_body_exterieur_avance_15;Recovery Full body Extérieur 15 min;15 min;recovery;Avancé;Extérieur;Full body;coach intelligent
recovery_full_body_exterieur_avance_20;Recovery Full body Extérieur 20 min;20 min;recovery;Avancé;Extérieur;Full body;coach intelligent
recovery_full_body_exterieur_avance_25;Recovery Full body Extérieur 25 min;25 min;recovery;Avancé;Extérieur;Full body;coach intelligent
recovery_full_body_exterieur_avance_30;Recovery Full body Extérieur 30 min;30 min;recovery;Avancé;Extérieur;Full body;coach intelligent
recovery_full_body_coach_avance_10;Recovery Full body Coach 10 min;10 min;recovery;Avancé;Coach;Full body;coach intelligent
recovery_full_body_coach_avance_15;Recovery Full body Coach 15 min;15 min;recovery;Avancé;Coach;Full body;coach intelligent
recovery_full_body_coach_avance_20;Recovery Full body Coach 20 min;20 min;recovery;Avancé;Coach;Full body;coach intelligent
recovery_full_body_coach_avance_25;Recovery Full body Coach 25 min;25 min;recovery;Avancé;Coach;Full body;coach intelligent
recovery_full_body_coach_avance_30;Recovery Full body Coach 30 min;30 min;recovery;Avancé;Coach;Full body;coach intelligent
recovery_full_body_solo_expert_10;Recovery Full body Solo 10 min;10 min;recovery;Expert;Solo;Full body;coach intelligent
recovery_full_body_solo_expert_15;Recovery Full body Solo 15 min;15 min;recovery;Expert;Solo;Full body;coach intelligent
recovery_full_body_solo_expert_20;Recovery Full body Solo 20 min;20 min;recovery;Expert;Solo;Full body;coach intelligent
recovery_full_body_solo_expert_25;Recovery Full body Solo 25 min;25 min;recovery;Expert;Solo;Full body;coach intelligent
recovery_full_body_solo_expert_30;Recovery Full body Solo 30 min;30 min;recovery;Expert;Solo;Full body;coach intelligent
recovery_full_body_groupe_expert_10;Recovery Full body Groupe 10 min;10 min;recovery;Expert;Groupe;Full body;coach intelligent
recovery_full_body_groupe_expert_15;Recovery Full body Groupe 15 min;15 min;recovery;Expert;Groupe;Full body;coach intelligent
recovery_full_body_groupe_expert_20;Recovery Full body Groupe 20 min;20 min;recovery;Expert;Groupe;Full body;coach intelligent
recovery_full_body_groupe_expert_25;Recovery Full body Groupe 25 min;25 min;recovery;Expert;Groupe;Full body;coach intelligent
recovery_full_body_groupe_expert_30;Recovery Full body Groupe 30 min;30 min;recovery;Expert;Groupe;Full body;coach intelligent
recovery_full_body_maison_expert_10;Recovery Full body Maison 10 min;10 min;recovery;Expert;Maison;Full body;coach intelligent
recovery_full_body_maison_expert_15;Recovery Full body Maison 15 min;15 min;recovery;Expert;Maison;Full body;coach intelligent
recovery_full_body_maison_expert_20;Recovery Full body Maison 20 min;20 min;recovery;Expert;Maison;Full body;coach intelligent
recovery_full_body_maison_expert_25;Recovery Full body Maison 25 min;25 min;recovery;Expert;Maison;Full body;coach intelligent
recovery_full_body_maison_expert_30;Recovery Full body Maison 30 min;30 min;recovery;Expert;Maison;Full body;coach intelligent
recovery_full_body_salle_expert_10;Recovery Full body Salle 10 min;10 min;recovery;Expert;Salle;Full body;coach intelligent
recovery_full_body_salle_expert_15;Recovery Full body Salle 15 min;15 min;recovery;Expert;Salle;Full body;coach intelligent
recovery_full_body_salle_expert_20;Recovery Full body Salle 20 min;20 min;recovery;Expert;Salle;Full body;coach intelligent
recovery_full_body_salle_expert_25;Recovery Full body Salle 25 min;25 min;recovery;Expert;Salle;Full body;coach intelligent
recovery_full_body_salle_expert_30;Recovery Full body Salle 30 min;30 min;recovery;Expert;Salle;Full body;coach intelligent
recovery_full_body_exterieur_expert_10;Recovery Full body Extérieur 10 min;10 min;recovery;Expert;Extérieur;Full body;coach intelligent
recovery_full_body_exterieur_expert_15;Recovery Full body Extérieur 15 min;15 min;recovery;Expert;Extérieur;Full body;coach intelligent
recovery_full_body_exterieur_expert_20;Recovery Full body Extérieur 20 min;20 min;recovery;Expert;Extérieur;Full body;coach intelligent
recovery_full_body_exterieur_expert_25;Recovery Full body Extérieur 25 min;25 min;recovery;Expert;Extérieur;Full body;coach intelligent
recovery_full_body_exterieur_expert_30;Recovery Full body Extérieur 30 min;30 min;recovery;Expert;Extérieur;Full body;coach intelligent
recovery_full_body_coach_expert_10;Recovery Full body Coach 10 min;10 min;recovery;Expert;Coach;Full body;coach intelligent
recovery_full_body_coach_expert_15;Recovery Full body Coach 15 min;15 min;recovery;Expert;Coach;Full body;coach intelligent
recovery_full_body_coach_expert_20;Recovery Full body Coach 20 min;20 min;recovery;Expert;Coach;Full body;coach intelligent
recovery_full_body_coach_expert_25;Recovery Full body Coach 25 min;25 min;recovery;Expert;Coach;Full body;coach intelligent
recovery_full_body_coach_expert_30;Recovery Full body Coach 30 min;30 min;recovery;Expert;Coach;Full body;coach intelligent
prepa_physique_full_body_solo_debutant_20;Prépa Physique Full body Solo 20 min;20 min;prepa_physique;Débutant;Solo;Full body;terrain hardcore
prepa_physique_full_body_solo_debutant_30;Prépa Physique Full body Solo 30 min;30 min;prepa_physique;Débutant;Solo;Full body;terrain hardcore
prepa_physique_full_body_solo_debutant_45;Prépa Physique Full body Solo 45 min;45 min;prepa_physique;Débutant;Solo;Full body;terrain hardcore
prepa_physique_full_body_solo_debutant_60;Prépa Physique Full body Solo 60 min;60 min;prepa_physique;Débutant;Solo;Full body;terrain hardcore
prepa_physique_full_body_groupe_debutant_20;Prépa Physique Full body Groupe 20 min;20 min;prepa_physique;Débutant;Groupe;Full body;terrain hardcore
prepa_physique_full_body_groupe_debutant_30;Prépa Physique Full body Groupe 30 min;30 min;prepa_physique;Débutant;Groupe;Full body;terrain hardcore
prepa_physique_full_body_groupe_debutant_45;Prépa Physique Full body Groupe 45 min;45 min;prepa_physique;Débutant;Groupe;Full body;terrain hardcore
prepa_physique_full_body_groupe_debutant_60;Prépa Physique Full body Groupe 60 min;60 min;prepa_physique;Débutant;Groupe;Full body;terrain hardcore
prepa_physique_full_body_maison_debutant_20;Prépa Physique Full body Maison 20 min;20 min;prepa_physique;Débutant;Maison;Full body;terrain hardcore
prepa_physique_full_body_maison_debutant_30;Prépa Physique Full body Maison 30 min;30 min;prepa_physique;Débutant;Maison;Full body;terrain hardcore
prepa_physique_full_body_maison_debutant_45;Prépa Physique Full body Maison 45 min;45 min;prepa_physique;Débutant;Maison;Full body;terrain hardcore
prepa_physique_full_body_maison_debutant_60;Prépa Physique Full body Maison 60 min;60 min;prepa_physique;Débutant;Maison;Full body;terrain hardcore
prepa_physique_full_body_salle_debutant_20;Prépa Physique Full body Salle 20 min;20 min;prepa_physique;Débutant;Salle;Full body;terrain hardcore
prepa_physique_full_body_salle_debutant_30;Prépa Physique Full body Salle 30 min;30 min;prepa_physique;Débutant;Salle;Full body;terrain hardcore
prepa_physique_full_body_salle_debutant_45;Prépa Physique Full body Salle 45 min;45 min;prepa_physique;Débutant;Salle;Full body;terrain hardcore
prepa_physique_full_body_salle_debutant_60;Prépa Physique Full body Salle 60 min;60 min;prepa_physique;Débutant;Salle;Full body;terrain hardcore
prepa_physique_full_body_exterieur_debutant_20;Prépa Physique Full body Extérieur 20 min;20 min;prepa_physique;Débutant;Extérieur;Full body;terrain hardcore
prepa_physique_full_body_exterieur_debutant_30;Prépa Physique Full body Extérieur 30 min;30 min;prepa_physique;Débutant;Extérieur;Full body;terrain hardcore
prepa_physique_full_body_exterieur_debutant_45;Prépa Physique Full body Extérieur 45 min;45 min;prepa_physique;Débutant;Extérieur;Full body;terrain hardcore
prepa_physique_full_body_exterieur_debutant_60;Prépa Physique Full body Extérieur 60 min;60 min;prepa_physique;Débutant;Extérieur;Full body;terrain hardcore
prepa_physique_full_body_coach_debutant_20;Prépa Physique Full body Coach 20 min;20 min;prepa_physique;Débutant;Coach;Full body;terrain hardcore
prepa_physique_full_body_coach_debutant_30;Prépa Physique Full body Coach 30 min;30 min;prepa_physique;Débutant;Coach;Full body;terrain hardcore
prepa_physique_full_body_coach_debutant_45;Prépa Physique Full body Coach 45 min;45 min;prepa_physique;Débutant;Coach;Full body;terrain hardcore
prepa_physique_full_body_coach_debutant_60;Prépa Physique Full body Coach 60 min;60 min;prepa_physique;Débutant;Coach;Full body;terrain hardcore
prepa_physique_full_body_solo_intermediaire_20;Prépa Physique Full body Solo 20 min;20 min;prepa_physique;Intermédiaire;Solo;Full body;terrain hardcore
prepa_physique_full_body_solo_intermediaire_30;Prépa Physique Full body Solo 30 min;30 min;prepa_physique;Intermédiaire;Solo;Full body;terrain hardcore
prepa_physique_full_body_solo_intermediaire_45;Prépa Physique Full body Solo 45 min;45 min;prepa_physique;Intermédiaire;Solo;Full body;terrain hardcore
prepa_physique_full_body_solo_intermediaire_60;Prépa Physique Full body Solo 60 min;60 min;prepa_physique;Intermédiaire;Solo;Full body;terrain hardcore
prepa_physique_full_body_groupe_intermediaire_20;Prépa Physique Full body Groupe 20 min;20 min;prepa_physique;Intermédiaire;Groupe;Full body;terrain hardcore
prepa_physique_full_body_groupe_intermediaire_30;Prépa Physique Full body Groupe 30 min;30 min;prepa_physique;Intermédiaire;Groupe;Full body;terrain hardcore
prepa_physique_full_body_groupe_intermediaire_45;Prépa Physique Full body Groupe 45 min;45 min;prepa_physique;Intermédiaire;Groupe;Full body;terrain hardcore
prepa_physique_full_body_groupe_intermediaire_60;Prépa Physique Full body Groupe 60 min;60 min;prepa_physique;Intermédiaire;Groupe;Full body;terrain hardcore
prepa_physique_full_body_maison_intermediaire_20;Prépa Physique Full body Maison 20 min;20 min;prepa_physique;Intermédiaire;Maison;Full body;terrain hardcore
prepa_physique_full_body_maison_intermediaire_30;Prépa Physique Full body Maison 30 min;30 min;prepa_physique;Intermédiaire;Maison;Full body;terrain hardcore
prepa_physique_full_body_maison_intermediaire_45;Prépa Physique Full body Maison 45 min;45 min;prepa_physique;Intermédiaire;Maison;Full body;terrain hardcore
prepa_physique_full_body_maison_intermediaire_60;Prépa Physique Full body Maison 60 min;60 min;prepa_physique;Intermédiaire;Maison;Full body;terrain hardcore
prepa_physique_full_body_salle_intermediaire_20;Prépa Physique Full body Salle 20 min;20 min;prepa_physique;Intermédiaire;Salle;Full body;terrain hardcore
prepa_physique_full_body_salle_intermediaire_30;Prépa Physique Full body Salle 30 min;30 min;prepa_physique;Intermédiaire;Salle;Full body;terrain hardcore
prepa_physique_full_body_salle_intermediaire_45;Prépa Physique Full body Salle 45 min;45 min;prepa_physique;Intermédiaire;Salle;Full body;terrain hardcore
prepa_physique_full_body_salle_intermediaire_60;Prépa Physique Full body Salle 60 min;60 min;prepa_physique;Intermédiaire;Salle;Full body;terrain hardcore
prepa_physique_full_body_exterieur_intermediaire_20;Prépa Physique Full body Extérieur 20 min;20 min;prepa_physique;Intermédiaire;Extérieur;Full body;terrain hardcore
prepa_physique_full_body_exterieur_intermediaire_30;Prépa Physique Full body Extérieur 30 min;30 min;prepa_physique;Intermédiaire;Extérieur;Full body;terrain hardcore
prepa_physique_full_body_exterieur_intermediaire_45;Prépa Physique Full body Extérieur 45 min;45 min;prepa_physique;Intermédiaire;Extérieur;Full body;terrain hardcore
prepa_physique_full_body_exterieur_intermediaire_60;Prépa Physique Full body Extérieur 60 min;60 min;prepa_physique;Intermédiaire;Extérieur;Full body;terrain hardcore
prepa_physique_full_body_coach_intermediaire_20;Prépa Physique Full body Coach 20 min;20 min;prepa_physique;Intermédiaire;Coach;Full body;terrain hardcore
prepa_physique_full_body_coach_intermediaire_30;Prépa Physique Full body Coach 30 min;30 min;prepa_physique;Intermédiaire;Coach;Full body;terrain hardcore
prepa_physique_full_body_coach_intermediaire_45;Prépa Physique Full body Coach 45 min;45 min;prepa_physique;Intermédiaire;Coach;Full body;terrain hardcore
prepa_physique_full_body_coach_intermediaire_60;Prépa Physique Full body Coach 60 min;60 min;prepa_physique;Intermédiaire;Coach;Full body;terrain hardcore
prepa_physique_full_body_solo_avance_20;Prépa Physique Full body Solo 20 min;20 min;prepa_physique;Avancé;Solo;Full body;terrain hardcore
prepa_physique_full_body_solo_avance_30;Prépa Physique Full body Solo 30 min;30 min;prepa_physique;Avancé;Solo;Full body;terrain hardcore
prepa_physique_full_body_solo_avance_45;Prépa Physique Full body Solo 45 min;45 min;prepa_physique;Avancé;Solo;Full body;terrain hardcore
prepa_physique_full_body_solo_avance_60;Prépa Physique Full body Solo 60 min;60 min;prepa_physique;Avancé;Solo;Full body;terrain hardcore
prepa_physique_full_body_groupe_avance_20;Prépa Physique Full body Groupe 20 min;20 min;prepa_physique;Avancé;Groupe;Full body;terrain hardcore
prepa_physique_full_body_groupe_avance_30;Prépa Physique Full body Groupe 30 min;30 min;prepa_physique;Avancé;Groupe;Full body;terrain hardcore
prepa_physique_full_body_groupe_avance_45;Prépa Physique Full body Groupe 45 min;45 min;prepa_physique;Avancé;Groupe;Full body;terrain hardcore
prepa_physique_full_body_groupe_avance_60;Prépa Physique Full body Groupe 60 min;60 min;prepa_physique;Avancé;Groupe;Full body;terrain hardcore
prepa_physique_full_body_maison_avance_20;Prépa Physique Full body Maison 20 min;20 min;prepa_physique;Avancé;Maison;Full body;terrain hardcore
prepa_physique_full_body_maison_avance_30;Prépa Physique Full body Maison 30 min;30 min;prepa_physique;Avancé;Maison;Full body;terrain hardcore
prepa_physique_full_body_maison_avance_45;Prépa Physique Full body Maison 45 min;45 min;prepa_physique;Avancé;Maison;Full body;terrain hardcore
prepa_physique_full_body_maison_avance_60;Prépa Physique Full body Maison 60 min;60 min;prepa_physique;Avancé;Maison;Full body;terrain hardcore
prepa_physique_full_body_salle_avance_20;Prépa Physique Full body Salle 20 min;20 min;prepa_physique;Avancé;Salle;Full body;terrain hardcore
prepa_physique_full_body_salle_avance_30;Prépa Physique Full body Salle 30 min;30 min;prepa_physique;Avancé;Salle;Full body;terrain hardcore
prepa_physique_full_body_salle_avance_45;Prépa Physique Full body Salle 45 min;45 min;prepa_physique;Avancé;Salle;Full body;terrain hardcore
prepa_physique_full_body_salle_avance_60;Prépa Physique Full body Salle 60 min;60 min;prepa_physique;Avancé;Salle;Full body;terrain hardcore
prepa_physique_full_body_exterieur_avance_20;Prépa Physique Full body Extérieur 20 min;20 min;prepa_physique;Avancé;Extérieur;Full body;terrain hardcore
prepa_physique_full_body_exterieur_avance_30;Prépa Physique Full body Extérieur 30 min;30 min;prepa_physique;Avancé;Extérieur;Full body;terrain hardcore
prepa_physique_full_body_exterieur_avance_45;Prépa Physique Full body Extérieur 45 min;45 min;prepa_physique;Avancé;Extérieur;Full body;terrain hardcore
prepa_physique_full_body_exterieur_avance_60;Prépa Physique Full body Extérieur 60 min;60 min;prepa_physique;Avancé;Extérieur;Full body;terrain hardcore
prepa_physique_full_body_coach_avance_20;Prépa Physique Full body Coach 20 min;20 min;prepa_physique;Avancé;Coach;Full body;terrain hardcore
prepa_physique_full_body_coach_avance_30;Prépa Physique Full body Coach 30 min;30 min;prepa_physique;Avancé;Coach;Full body;terrain hardcore
prepa_physique_full_body_coach_avance_45;Prépa Physique Full body Coach 45 min;45 min;prepa_physique;Avancé;Coach;Full body;terrain hardcore
prepa_physique_full_body_coach_avance_60;Prépa Physique Full body Coach 60 min;60 min;prepa_physique;Avancé;Coach;Full body;terrain hardcore
prepa_physique_full_body_solo_expert_20;Prépa Physique Full body Solo 20 min;20 min;prepa_physique;Expert;Solo;Full body;terrain hardcore
prepa_physique_full_body_solo_expert_30;Prépa Physique Full body Solo 30 min;30 min;prepa_physique;Expert;Solo;Full body;terrain hardcore
prepa_physique_full_body_solo_expert_45;Prépa Physique Full body Solo 45 min;45 min;prepa_physique;Expert;Solo;Full body;terrain hardcore
prepa_physique_full_body_solo_expert_60;Prépa Physique Full body Solo 60 min;60 min;prepa_physique;Expert;Solo;Full body;terrain hardcore
prepa_physique_full_body_groupe_expert_20;Prépa Physique Full body Groupe 20 min;20 min;prepa_physique;Expert;Groupe;Full body;terrain hardcore
prepa_physique_full_body_groupe_expert_30;Prépa Physique Full body Groupe 30 min;30 min;prepa_physique;Expert;Groupe;Full body;terrain hardcore
prepa_physique_full_body_groupe_expert_45;Prépa Physique Full body Groupe 45 min;45 min;prepa_physique;Expert;Groupe;Full body;terrain hardcore
prepa_physique_full_body_groupe_expert_60;Prépa Physique Full body Groupe 60 min;60 min;prepa_physique;Expert;Groupe;Full body;terrain hardcore
prepa_physique_full_body_maison_expert_20;Prépa Physique Full body Maison 20 min;20 min;prepa_physique;Expert;Maison;Full body;terrain hardcore
prepa_physique_full_body_maison_expert_30;Prépa Physique Full body Maison 30 min;30 min;prepa_physique;Expert;Maison;Full body;terrain hardcore
prepa_physique_full_body_maison_expert_45;Prépa Physique Full body Maison 45 min;45 min;prepa_physique;Expert;Maison;Full body;terrain hardcore
prepa_physique_full_body_maison_expert_60;Prépa Physique Full body Maison 60 min;60 min;prepa_physique;Expert;Maison;Full body;terrain hardcore
prepa_physique_full_body_salle_expert_20;Prépa Physique Full body Salle 20 min;20 min;prepa_physique;Expert;Salle;Full body;terrain hardcore
prepa_physique_full_body_salle_expert_30;Prépa Physique Full body Salle 30 min;30 min;prepa_physique;Expert;Salle;Full body;terrain hardcore
prepa_physique_full_body_salle_expert_45;Prépa Physique Full body Salle 45 min;45 min;prepa_physique;Expert;Salle;Full body;terrain hardcore
prepa_physique_full_body_salle_expert_60;Prépa Physique Full body Salle 60 min;60 min;prepa_physique;Expert;Salle;Full body;terrain hardcore
prepa_physique_full_body_exterieur_expert_20;Prépa Physique Full body Extérieur 20 min;20 min;prepa_physique;Expert;Extérieur;Full body;terrain hardcore
prepa_physique_full_body_exterieur_expert_30;Prépa Physique Full body Extérieur 30 min;30 min;prepa_physique;Expert;Extérieur;Full body;terrain hardcore
prepa_physique_full_body_exterieur_expert_45;Prépa Physique Full body Extérieur 45 min;45 min;prepa_physique;Expert;Extérieur;Full body;terrain hardcore
prepa_physique_full_body_exterieur_expert_60;Prépa Physique Full body Extérieur 60 min;60 min;prepa_physique;Expert;Extérieur;Full body;terrain hardcore
prepa_physique_full_body_coach_expert_20;Prépa Physique Full body Coach 20 min;20 min;prepa_physique;Expert;Coach;Full body;terrain hardcore
prepa_physique_full_body_coach_expert_30;Prépa Physique Full body Coach 30 min;30 min;prepa_physique;Expert;Coach;Full body;terrain hardcore
prepa_physique_full_body_coach_expert_45;Prépa Physique Full body Coach 45 min;45 min;prepa_physique;Expert;Coach;Full body;terrain hardcore
prepa_physique_full_body_coach_expert_60;Prépa Physique Full body Coach 60 min;60 min;prepa_physique;Expert;Coach;Full body;terrain hardcore
prepa_physique_haut_du_corps_solo_debutant_20;Prépa Physique Haut du corps Solo 20 min;20 min;prepa_physique;Débutant;Solo;Haut du corps;terrain hardcore
prepa_physique_haut_du_corps_solo_debutant_30;Prépa Physique Haut du corps Solo 30 min;30 min;prepa_physique;Débutant;Solo;Haut du corps;terrain hardcore
prepa_physique_haut_du_corps_solo_debutant_45;Prépa Physique Haut du corps Solo 45 min;45 min;prepa_physique;Débutant;Solo;Haut du corps;terrain hardcore
prepa_physique_haut_du_corps_solo_debutant_60;Prépa Physique Haut du corps Solo 60 min;60 min;prepa_physique;Débutant;Solo;Haut du corps;terrain hardcore
prepa_physique_haut_du_corps_groupe_debutant_20;Prépa Physique Haut du corps Groupe 20 min;20 min;prepa_physique;Débutant;Groupe;Haut du corps;terrain hardcore
prepa_physique_haut_du_corps_groupe_debutant_30;Prépa Physique Haut du corps Groupe 30 min;30 min;prepa_physique;Débutant;Groupe;Haut du corps;terrain hardcore
prepa_physique_haut_du_corps_groupe_debutant_45;Prépa Physique Haut du corps Groupe 45 min;45 min;prepa_physique;Débutant;Groupe;Haut du corps;terrain hardcore
prepa_physique_haut_du_corps_groupe_debutant_60;Prépa Physique Haut du corps Groupe 60 min;60 min;prepa_physique;Débutant;Groupe;Haut du corps;terrain hardcore
prepa_physique_haut_du_corps_maison_debutant_20;Prépa Physique Haut du corps Maison 20 min;20 min;prepa_physique;Débutant;Maison;Haut du corps;terrain hardcore
prepa_physique_haut_du_corps_maison_debutant_30;Prépa Physique Haut du corps Maison 30 min;30 min;prepa_physique;Débutant;Maison;Haut du corps;terrain hardcore
prepa_physique_haut_du_corps_maison_debutant_45;Prépa Physique Haut du corps Maison 45 min;45 min;prepa_physique;Débutant;Maison;Haut du corps;terrain hardcore
prepa_physique_haut_du_corps_maison_debutant_60;Prépa Physique Haut du corps Maison 60 min;60 min;prepa_physique;Débutant;Maison;Haut du corps;terrain hardcore
prepa_physique_haut_du_corps_salle_debutant_20;Prépa Physique Haut du corps Salle 20 min;20 min;prepa_physique;Débutant;Salle;Haut du corps;terrain hardcore
prepa_physique_haut_du_corps_salle_debutant_30;Prépa Physique Haut du corps Salle 30 min;30 min;prepa_physique;Débutant;Salle;Haut du corps;terrain hardcore
prepa_physique_haut_du_corps_salle_debutant_45;Prépa Physique Haut du corps Salle 45 min;45 min;prepa_physique;Débutant;Salle;Haut du corps;terrain hardcore
prepa_physique_haut_du_corps_salle_debutant_60;Prépa Physique Haut du corps Salle 60 min;60 min;prepa_physique;Débutant;Salle;Haut du corps;terrain hardcore
prepa_physique_haut_du_corps_exterieur_debutant_20;Prépa Physique Haut du corps Extérieur 20 min;20 min;prepa_physique;Débutant;Extérieur;Haut du corps;terrain hardcore
prepa_physique_haut_du_corps_exterieur_debutant_30;Prépa Physique Haut du corps Extérieur 30 min;30 min;prepa_physique;Débutant;Extérieur;Haut du corps;terrain hardcore
prepa_physique_haut_du_corps_exterieur_debutant_45;Prépa Physique Haut du corps Extérieur 45 min;45 min;prepa_physique;Débutant;Extérieur;Haut du corps;terrain hardcore
prepa_physique_haut_du_corps_exterieur_debutant_60;Prépa Physique Haut du corps Extérieur 60 min;60 min;prepa_physique;Débutant;Extérieur;Haut du corps;terrain hardcore
prepa_physique_haut_du_corps_coach_debutant_20;Prépa Physique Haut du corps Coach 20 min;20 min;prepa_physique;Débutant;Coach;Haut du corps;terrain hardcore
prepa_physique_haut_du_corps_coach_debutant_30;Prépa Physique Haut du corps Coach 30 min;30 min;prepa_physique;Débutant;Coach;Haut du corps;terrain hardcore
prepa_physique_haut_du_corps_coach_debutant_45;Prépa Physique Haut du corps Coach 45 min;45 min;prepa_physique;Débutant;Coach;Haut du corps;terrain hardcore
prepa_physique_haut_du_corps_coach_debutant_60;Prépa Physique Haut du corps Coach 60 min;60 min;prepa_physique;Débutant;Coach;Haut du corps;terrain hardcore
