id;nom;durée;style;niveau;audience;cible;mode
tabata_full_body_solo_10_min_debutant;Tabata Full body Solo 10 min;10 min;tabata;Débutant;Solo;Full body;terrain hardcore
tabata_full_body_solo_15_min_debutant;Tabata Full body Solo 15 min;15 min;tabata;Débutant;Solo;Full body;terrain hardcore
tabata_full_body_solo_20_min_debutant;Tabata Full body Solo 20 min;20 min;tabata;Débutant;Solo;Full body;terrain hardcore
tabata_full_body_solo_25_min_debutant;Tabata Full body Solo 25 min;25 min;tabata;Débutant;Solo;Full body;terrain hardcore
tabata_full_body_solo_30_min_debutant;Tabata Full body Solo 30 min;30 min;tabata;Débutant;Solo;Full body;terrain hardcore
tabata_full_body_solo_45_min_debutant;Tabata Full body Solo 45 min;45 min;tabata;Débutant;Solo;Full body;terrain hardcore
tabata_full_body_groupe_10_min_debutant;Tabata Full body Groupe 10 min;10 min;tabata;Débutant;Groupe;Full body;terrain hardcore
tabata_full_body_groupe_15_min_debutant;Tabata Full body Groupe 15 min;15 min;tabata;Débutant;Groupe;Full body;terrain hardcore
tabata_full_body_groupe_20_min_debutant;Tabata Full body Groupe 20 min;20 min;tabata;Débutant;Groupe;Full body;terrain hardcore
tabata_full_body_groupe_25_min_debutant;Tabata Full body Groupe 25 min;25 min;tabata;Débutant;Groupe;Full body;terrain hardcore
tabata_full_body_groupe_30_min_debutant;Tabata Full body Groupe 30 min;30 min;tabata;Débutant;Groupe;Full body;terrain hardcore
tabata_full_body_groupe_45_min_debutant;Tabata Full body Groupe 45 min;45 min;tabata;Débutant;Groupe;Full body;terrain hardcore
tabata_full_body_maison_10_min_debutant;Tabata Full body Maison 10 min;10 min;tabata;Débutant;Maison;Full body;terrain hardcore
tabata_full_body_maison_15_min_debutant;Tabata Full body Maison 15 min;15 min;tabata;Débutant;Maison;Full body;terrain hardcore
tabata_full_body_maison_20_min_debutant;Tabata Full body Maison 20 min;20 min;tabata;Débutant;Maison;Full body;terrain hardcore
tabata_full_body_maison_25_min_debutant;Tabata Full body Maison 25 min;25 min;tabata;Débutant;Maison;Full body;terrain hardcore
tabata_full_body_maison_30_min_debutant;Tabata Full body Maison 30 min;30 min;tabata;Débutant;Maison;Full body;terrain hardcore
tabata_full_body_maison_45_min_debutant;Tabata Full body Maison 45 min;45 min;tabata;Débutant;Maison;Full body;terrain hardcore
tabata_full_body_salle_10_min_debutant;Tabata Full body Salle 10 min;10 min;tabata;Débutant;Salle;Full body;terrain hardcore
tabata_full_body_salle_15_min_debutant;Tabata Full body Salle 15 min;15 min;tabata;Débutant;Salle;Full body;terrain hardcore
tabata_full_body_salle_20_min_debutant;Tabata Full body Salle 20 min;20 min;tabata;Débutant;Salle;Full body;terrain hardcore
tabata_full_body_salle_25_min_debutant;Tabata Full body Salle 25 min;25 min;tabata;Débutant;Salle;Full body;terrain hardcore
tabata_full_body_salle_30_min_debutant;Tabata Full body Salle 30 min;30 min;tabata;Débutant;Salle;Full body;terrain hardcore
tabata_full_body_salle_45_min_debutant;Tabata Full body Salle 45 min;45 min;tabata;Débutant;Salle;Full body;terrain hardcore
tabata_full_body_exterieur_10_min_debutant;Tabata Full body Extérieur 10 min;10 min;tabata;Débutant;Extérieur;Full body;terrain hardcore
tabata_full_body_exterieur_15_min_debutant;Tabata Full body Extérieur 15 min;15 min;tabata;Débutant;Extérieur;Full body;terrain hardcore
tabata_full_body_exterieur_20_min_debutant;Tabata Full body Extérieur 20 min;20 min;tabata;Débutant;Extérieur;Full body;terrain hardcore
tabata_full_body_exterieur_25_min_debutant;Tabata Full body Extérieur 25 min;25 min;tabata;Débutant;Extérieur;Full body;terrain hardcore
tabata_full_body_exterieur_30_min_debutant;Tabata Full body Extérieur 30 min;30 min;tabata;Débutant;Extérieur;Full body;terrain hardcore
tabata_full_body_exterieur_45_min_debutant;Tabata Full body Extérieur 45 min;45 min;tabata;Débutant;Extérieur;Full body;terrain hardcore
tabata_full_body_coach_10_min_debutant;Tabata Full body Coach 10 min;10 min;tabata;Débutant;Coach;Full body;terrain hardcore
tabata_full_body_coach_15_min_debutant;Tabata Full body Coach 15 min;15 min;tabata;Débutant;Coach;Full body;terrain hardcore
tabata_full_body_coach_20_min_debutant;Tabata Full body Coach 20 min;20 min;tabata;Débutant;Coach;Full body;terrain hardcore
tabata_full_body_coach_25_min_debutant;Tabata Full body Coach 25 min;25 min;tabata;Débutant;Coach;Full body;terrain hardcore
tabata_full_body_coach_30_min_debutant;Tabata Full body Coach 30 min;30 min;tabata;Débutant;Coach;Full body;terrain hardcore
tabata_full_body_coach_45_min_debutant;Tabata Full body Coach 45 min;45 min;tabata;Débutant;Coach;Full body;terrain hardcore
tabata_full_body_solo_10_min_intermediaire;Tabata Full body Solo 10 min;10 min;tabata;Intermédiaire;Solo;Full body;terrain hardcore
tabata_full_body_solo_15_min_intermediaire;Tabata Full body Solo 15 min;15 min;tabata;Intermédiaire;Solo;Full body;terrain hardcore
tabata_full_body_solo_20_min_intermediaire;Tabata Full body Solo 20 min;20 min;tabata;Intermédiaire;Solo;Full body;terrain hardcore
tabata_full_body_solo_25_min_intermediaire;Tabata Full body Solo 25 min;25 min;tabata;Intermédiaire;Solo;Full body;terrain hardcore
tabata_full_body_solo_30_min_intermediaire;Tabata Full body Solo 30 min;30 min;tabata;Intermédiaire;Solo;Full body;terrain hardcore
tabata_full_body_solo_45_min_intermediaire;Tabata Full body Solo 45 min;45 min;tabata;Intermédiaire;Solo;Full body;terrain hardcore
tabata_full_body_groupe_10_min_intermediaire;Tabata Full body Groupe 10 min;10 min;tabata;Intermédiaire;Groupe;Full body;terrain hardcore
tabata_full_body_groupe_15_min_intermediaire;Tabata Full body Groupe 15 min;15 min;tabata;Intermédiaire;Groupe;Full body;terrain hardcore
tabata_full_body_groupe_20_min_intermediaire;Tabata Full body Groupe 20 min;20 min;tabata;Intermédiaire;Groupe;Full body;terrain hardcore
tabata_full_body_groupe_25_min_intermediaire;Tabata Full body Groupe 25 min;25 min;tabata;Intermédiaire;Groupe;Full body;terrain hardcore
tabata_full_body_groupe_30_min_intermediaire;Tabata Full body Groupe 30 min;30 min;tabata;Intermédiaire;Groupe;Full body;terrain hardcore
tabata_full_body_groupe_45_min_intermediaire;Tabata Full body Groupe 45 min;45 min;tabata;Intermédiaire;Groupe;Full body;terrain hardcore
tabata_full_body_maison_10_min_intermediaire;Tabata Full body Maison 10 min;10 min;tabata;Intermédiaire;Maison;Full body;terrain hardcore
tabata_full_body_maison_15_min_intermediaire;Tabata Full body Maison 15 min;15 min;tabata;Intermédiaire;Maison;Full body;terrain hardcore
tabata_full_body_maison_20_min_intermediaire;Tabata Full body Maison 20 min;20 min;tabata;Intermédiaire;Maison;Full body;terrain hardcore
tabata_full_body_maison_25_min_intermediaire;Tabata Full body Maison 25 min;25 min;tabata;Intermédiaire;Maison;Full body;terrain hardcore
tabata_full_body_maison_30_min_intermediaire;Tabata Full body Maison 30 min;30 min;tabata;Intermédiaire;Maison;Full body;terrain hardcore
tabata_full_body_maison_45_min_intermediaire;Tabata Full body Maison 45 min;45 min;tabata;Intermédiaire;Maison;Full body;terrain hardcore
tabata_full_body_salle_10_min_intermediaire;Tabata Full body Salle 10 min;10 min;tabata;Intermédiaire;Salle;Full body;terrain hardcore
tabata_full_body_salle_15_min_intermediaire;Tabata Full body Salle 15 min;15 min;tabata;Intermédiaire;Salle;Full body;terrain hardcore
tabata_full_body_salle_20_min_intermediaire;Tabata Full body Salle 20 min;20 min;tabata;Intermédiaire;Salle;Full body;terrain hardcore
tabata_full_body_salle_25_min_intermediaire;Tabata Full body Salle 25 min;25 min;tabata;Intermédiaire;Salle;Full body;terrain hardcore
tabata_full_body_salle_30_min_intermediaire;Tabata Full body Salle 30 min;30 min;tabata;Intermédiaire;Salle;Full body;terrain hardcore
tabata_full_body_salle_45_min_intermediaire;Tabata Full body Salle 45 min;45 min;tabata;Intermédiaire;Salle;Full body;terrain hardcore
tabata_full_body_exterieur_10_min_intermediaire;Tabata Full body Extérieur 10 min;10 min;tabata;Intermédiaire;Extérieur;Full body;terrain hardcore
tabata_full_body_exterieur_15_min_intermediaire;Tabata Full body Extérieur 15 min;15 min;tabata;Intermédiaire;Extérieur;Full body;terrain hardcore
tabata_full_body_exterieur_20_min_intermediaire;Tabata Full body Extérieur 20 min;20 min;tabata;Intermédiaire;Extérieur;Full body;terrain hardcore
tabata_full_body_exterieur_25_min_intermediaire;Tabata Full body Extérieur 25 min;25 min;tabata;Intermédiaire;Extérieur;Full body;terrain hardcore
tabata_full_body_exterieur_30_min_intermediaire;Tabata Full body Extérieur 30 min;30 min;tabata;Intermédiaire;Extérieur;Full body;terrain hardcore
tabata_full_body_exterieur_45_min_intermediaire;Tabata Full body Extérieur 45 min;45 min;tabata;Intermédiaire;Extérieur;Full body;terrain hardcore
tabata_full_body_coach_10_min_intermediaire;Tabata Full body Coach 10 min;10 min;tabata;Intermédiaire;Coach;Full body;terrain hardcore
tabata_full_body_coach_15_min_intermediaire;Tabata Full body Coach 15 min;15 min;tabata;Intermédiaire;Coach;Full body;terrain hardcore
tabata_full_body_coach_20_min_intermediaire;Tabata Full body Coach 20 min;20 min;tabata;Intermédiaire;Coach;Full body;terrain hardcore
tabata_full_body_coach_25_min_intermediaire;Tabata Full body Coach 25 min;25 min;tabata;Intermédiaire;Coach;Full body;terrain hardcore
tabata_full_body_coach_30_min_intermediaire;Tabata Full body Coach 30 min;30 min;tabata;Intermédiaire;Coach;Full body;terrain hardcore
tabata_full_body_coach_45_min_intermediaire;Tabata Full body Coach 45 min;45 min;tabata;Intermédiaire;Coach;Full body;terrain hardcore
tabata_full_body_solo_10_min_avance;Tabata Full body Solo 10 min;10 min;tabata;Avancé;Solo;Full body;terrain hardcore
tabata_full_body_solo_15_min_avance;Tabata Full body Solo 15 min;15 min;tabata;Avancé;Solo;Full body;terrain hardcore
tabata_full_body_solo_20_min_avance;Tabata Full body Solo 20 min;20 min;tabata;Avancé;Solo;Full body;terrain hardcore
tabata_full_body_solo_25_min_avance;Tabata Full body Solo 25 min;25 min;tabata;Avancé;Solo;Full body;terrain hardcore
tabata_full_body_solo_30_min_avance;Tabata Full body Solo 30 min;30 min;tabata;Avancé;Solo;Full body;terrain hardcore
tabata_full_body_solo_45_min_avance;Tabata Full body Solo 45 min;45 min;tabata;Avancé;Solo;Full body;terrain hardcore
tabata_full_body_groupe_10_min_avance;Tabata Full body Groupe 10 min;10 min;tabata;Avancé;Groupe;Full body;terrain hardcore
tabata_full_body_groupe_15_min_avance;Tabata Full body Groupe 15 min;15 min;tabata;Avancé;Groupe;Full body;terrain hardcore
tabata_full_body_groupe_20_min_avance;Tabata Full body Groupe 20 min;20 min;tabata;Avancé;Groupe;Full body;terrain hardcore
tabata_full_body_groupe_25_min_avance;Tabata Full body Groupe 25 min;25 min;tabata;Avancé;Groupe;Full body;terrain hardcore
tabata_full_body_groupe_30_min_avance;Tabata Full body Groupe 30 min;30 min;tabata;Avancé;Groupe;Full body;terrain hardcore
tabata_full_body_groupe_45_min_avance;Tabata Full body Groupe 45 min;45 min;tabata;Avancé;Groupe;Full body;terrain hardcore
tabata_full_body_maison_10_min_avance;Tabata Full body Maison 10 min;10 min;tabata;Avancé;Maison;Full body;terrain hardcore
tabata_full_body_maison_15_min_avance;Tabata Full body Maison 15 min;15 min;tabata;Avancé;Maison;Full body;terrain hardcore
tabata_full_body_maison_20_min_avance;Tabata Full body Maison 20 min;20 min;tabata;Avancé;Maison;Full body;terrain hardcore
tabata_full_body_maison_25_min_avance;Tabata Full body Maison 25 min;25 min;tabata;Avancé;Maison;Full body;terrain hardcore
tabata_full_body_maison_30_min_avance;Tabata Full body Maison 30 min;30 min;tabata;Avancé;Maison;Full body;terrain hardcore
tabata_full_body_maison_45_min_avance;Tabata Full body Maison 45 min;45 min;tabata;Avancé;Maison;Full body;terrain hardcore
tabata_full_body_salle_10_min_avance;Tabata Full body Salle 10 min;10 min;tabata;Avancé;Salle;Full body;terrain hardcore
tabata_full_body_salle_15_min_avance;Tabata Full body Salle 15 min;15 min;tabata;Avancé;Salle;Full body;terrain hardcore
tabata_full_body_salle_20_min_avance;Tabata Full body Salle 20 min;20 min;tabata;Avancé;Salle;Full body;terrain hardcore
tabata_full_body_salle_25_min_avance;Tabata Full body Salle 25 min;25 min;tabata;Avancé;Salle;Full body;terrain hardcore
tabata_full_body_salle_30_min_avance;Tabata Full body Salle 30 min;30 min;tabata;Avancé;Salle;Full body;terrain hardcore
tabata_full_body_salle_45_min_avance;Tabata Full body Salle 45 min;45 min;tabata;Avancé;Salle;Full body;terrain hardcore
tabata_full_body_exterieur_10_min_avance;Tabata Full body Extérieur 10 min;10 min;tabata;Avancé;Extérieur;Full body;terrain hardcore
tabata_full_body_exterieur_15_min_avance;Tabata Full body Extérieur 15 min;15 min;tabata;Avancé;Extérieur;Full body;terrain hardcore
tabata_full_body_exterieur_20_min_avance;Tabata Full body Extérieur 20 min;20 min;tabata;Avancé;Extérieur;Full body;terrain hardcore
tabata_full_body_exterieur_25_min_avance;Tabata Full body Extérieur 25 min;25 min;tabata;Avancé;Extérieur;Full body;terrain hardcore
tabata_full_body_exterieur_30_min_avance;Tabata Full body Extérieur 30 min;30 min;tabata;Avancé;Extérieur;Full body;terrain hardcore
tabata_full_body_exterieur_45_min_avance;Tabata Full body Extérieur 45 min;45 min;tabata;Avancé;Extérieur;Full body;terrain hardcore
tabata_full_body_coach_10_min_avance;Tabata Full body Coach 10 min;10 min;tabata;Avancé;Coach;Full body;terrain hardcore
tabata_full_body_coach_15_min_avance;Tabata Full body Coach 15 min;15 min;tabata;Avancé;Coach;Full body;terrain hardcore
tabata_full_body_coach_20_min_avance;Tabata Full body Coach 20 min;20 min;tabata;Avancé;Coach;Full body;terrain hardcore
tabata_full_body_coach_25_min_avance;Tabata Full body Coach 25 min;25 min;tabata;Avancé;Coach;Full body;terrain hardcore
tabata_full_body_coach_30_min_avance;Tabata Full body Coach 30 min;30 min;tabata;Avancé;Coach;Full body;terrain hardcore
tabata_full_body_coach_45_min_avance;Tabata Full body Coach 45 min;45 min;tabata;Avancé;Coach;Full body;terrain hardcore
tabata_full_body_solo_10_min_expert;Tabata Full body Solo 10 min;10 min;tabata;Expert;Solo;Full body;terrain hardcore
tabata_full_body_solo_15_min_expert;Tabata Full body Solo 15 min;15 min;tabata;Expert;Solo;Full body;terrain hardcore
tabata_full_body_solo_20_min_expert;Tabata Full body Solo 20 min;20 min;tabata;Expert;Solo;Full body;terrain hardcore
tabata_full_body_solo_25_min_expert;Tabata Full body Solo 25 min;25 min;tabata;Expert;Solo;Full body;terrain hardcore
tabata_full_body_solo_30_min_expert;Tabata Full body Solo 30 min;30 min;tabata;Expert;Solo;Full body;terrain hardcore
tabata_full_body_solo_45_min_expert;Tabata Full body Solo 45 min;45 min;tabata;Expert;Solo;Full body;terrain hardcore
tabata_full_body_groupe_10_min_expert;Tabata Full body Groupe 10 min;10 min;tabata;Expert;Groupe;Full body;terrain hardcore
tabata_full_body_groupe_15_min_expert;Tabata Full body Groupe 15 min;15 min;tabata;Expert;Groupe;Full body;terrain hardcore
tabata_full_body_groupe_20_min_expert;Tabata Full body Groupe 20 min;20 min;tabata;Expert;Groupe;Full body;terrain hardcore
tabata_full_body_groupe_25_min_expert;Tabata Full body Groupe 25 min;25 min;tabata;Expert;Groupe;Full body;terrain hardcore
tabata_full_body_groupe_30_min_expert;Tabata Full body Groupe 30 min;30 min;tabata;Expert;Groupe;Full body;terrain hardcore
tabata_full_body_groupe_45_min_expert;Tabata Full body Groupe 45 min;45 min;tabata;Expert;Groupe;Full body;terrain hardcore
tabata_full_body_maison_10_min_expert;Tabata Full body Maison 10 min;10 min;tabata;Expert;Maison;Full body;terrain hardcore
tabata_full_body_maison_15_min_expert;Tabata Full body Maison 15 min;15 min;tabata;Expert;Maison;Full body;terrain hardcore
tabata_full_body_maison_20_min_expert;Tabata Full body Maison 20 min;20 min;tabata;Expert;Maison;Full body;terrain hardcore
tabata_full_body_maison_25_min_expert;Tabata Full body Maison 25 min;25 min;tabata;Expert;Maison;Full body;terrain hardcore
tabata_full_body_maison_30_min_expert;Tabata Full body Maison 30 min;30 min;tabata;Expert;Maison;Full body;terrain hardcore
tabata_full_body_maison_45_min_expert;Tabata Full body Maison 45 min;45 min;tabata;Expert;Maison;Full body;terrain hardcore
tabata_full_body_salle_10_min_expert;Tabata Full body Salle 10 min;10 min;tabata;Expert;Salle;Full body;terrain hardcore
tabata_full_body_salle_15_min_expert;Tabata Full body Salle 15 min;15 min;tabata;Expert;Salle;Full body;terrain hardcore
tabata_full_body_salle_20_min_expert;Tabata Full body Salle 20 min;20 min;tabata;Expert;Salle;Full body;terrain hardcore
tabata_full_body_salle_25_min_expert;Tabata Full body Salle 25 min;25 min;tabata;Expert;Salle;Full body;terrain hardcore
tabata_full_body_salle_30_min_expert;Tabata Full body Salle 30 min;30 min;tabata;Expert;Salle;Full body;terrain hardcore
tabata_full_body_salle_45_min_expert;Tabata Full body Salle 45 min;45 min;tabata;Expert;Salle;Full body;terrain hardcore
tabata_full_body_exterieur_10_min_expert;Tabata Full body Extérieur 10 min;10 min;tabata;Expert;Extérieur;Full body;terrain hardcore
tabata_full_body_exterieur_15_min_expert;Tabata Full body Extérieur 15 min;15 min;tabata;Expert;Extérieur;Full body;terrain hardcore
tabata_full_body_exterieur_20_min_expert;Tabata Full body Extérieur 20 min;20 min;tabata;Expert;Extérieur;Full body;terrain hardcore
tabata_full_body_exterieur_25_min_expert;Tabata Full body Extérieur 25 min;25 min;tabata;Expert;Extérieur;Full body;terrain hardcore
tabata_full_body_exterieur_30_min_expert;Tabata Full body Extérieur 30 min;30 min;tabata;Expert;Extérieur;Full body;terrain hardcore
tabata_full_body_exterieur_45_min_expert;Tabata Full body Extérieur 45 min;45 min;tabata;Expert;Extérieur;Full body;terrain hardcore
tabata_full_body_coach_10_min_expert;Tabata Full body Coach 10 min;10 min;tabata;Expert;Coach;Full body;terrain hardcore
tabata_full_body_coach_15_min_expert;Tabata Full body Coach 15 min;15 min;tabata;Expert;Coach;Full body;terrain hardcore
tabata_full_body_coach_20_min_expert;Tabata Full body Coach 20 min;20 min;tabata;Expert;Coach;Full body;terrain hardcore
tabata_full_body_coach_25_min_expert;Tabata Full body Coach 25 min;25 min;tabata;Expert;Coach;Full body;terrain hardcore
tabata_full_body_coach_30_min_expert;Tabata Full body Coach 30 min;30 min;tabata;Expert;Coach;Full body;terrain hardcore
tabata_full_body_coach_45_min_expert;Tabata Full body Coach 45 min;45 min;tabata;Expert;Coach;Full body;terrain hardcore
tabata_pectoraux_solo_10_min_debutant;Tabata Pectoraux Solo 10 min;10 min;tabata;Débutant;Solo;Pectoraux;terrain hardcore
tabata_pectoraux_solo_15_min_debutant;Tabata Pectoraux Solo 15 min;15 min;tabata;Débutant;Solo;Pectoraux;terrain hardcore
tabata_pectoraux_solo_20_min_debutant;Tabata Pectoraux Solo 20 min;20 min;tabata;Débutant;Solo;Pectoraux;terrain hardcore
tabata_pectoraux_solo_25_min_debutant;Tabata Pectoraux Solo 25 min;25 min;tabata;Débutant;Solo;Pectoraux;terrain hardcore
tabata_pectoraux_solo_30_min_debutant;Tabata Pectoraux Solo 30 min;30 min;tabata;Débutant;Solo;Pectoraux;terrain hardcore
tabata_pectoraux_solo_45_min_debutant;Tabata Pectoraux Solo 45 min;45 min;tabata;Débutant;Solo;Pectoraux;terrain hardcore
tabata_pectoraux_groupe_10_min_debutant;Tabata Pectoraux Groupe 10 min;10 min;tabata;Débutant;Groupe;Pectoraux;terrain hardcore
tabata_pectoraux_groupe_15_min_debutant;Tabata Pectoraux Groupe 15 min;15 min;tabata;Débutant;Groupe;Pectoraux;terrain hardcore
tabata_pectoraux_groupe_20_min_debutant;Tabata Pectoraux Groupe 20 min;20 min;tabata;Débutant;Groupe;Pectoraux;terrain hardcore
tabata_pectoraux_groupe_25_min_debutant;Tabata Pectoraux Groupe 25 min;25 min;tabata;Débutant;Groupe;Pectoraux;terrain hardcore
tabata_pectoraux_groupe_30_min_debutant;Tabata Pectoraux Groupe 30 min;30 min;tabata;Débutant;Groupe;Pectoraux;terrain hardcore
tabata_pectoraux_groupe_45_min_debutant;Tabata Pectoraux Groupe 45 min;45 min;tabata;Débutant;Groupe;Pectoraux;terrain hardcore
tabata_pectoraux_maison_10_min_debutant;Tabata Pectoraux Maison 10 min;10 min;tabata;Débutant;Maison;Pectoraux;terrain hardcore
tabata_pectoraux_maison_15_min_debutant;Tabata Pectoraux Maison 15 min;15 min;tabata;Débutant;Maison;Pectoraux;terrain hardcore
tabata_pectoraux_maison_20_min_debutant;Tabata Pectoraux Maison 20 min;20 min;tabata;Débutant;Maison;Pectoraux;terrain hardcore
tabata_pectoraux_maison_25_min_debutant;Tabata Pectoraux Maison 25 min;25 min;tabata;Débutant;Maison;Pectoraux;terrain hardcore
tabata_pectoraux_maison_30_min_debutant;Tabata Pectoraux Maison 30 min;30 min;tabata;Débutant;Maison;Pectoraux;terrain hardcore
tabata_pectoraux_maison_45_min_debutant;Tabata Pectoraux Maison 45 min;45 min;tabata;Débutant;Maison;Pectoraux;terrain hardcore
tabata_pectoraux_salle_10_min_debutant;Tabata Pectoraux Salle 10 min;10 min;tabata;Débutant;Salle;Pectoraux;terrain hardcore
tabata_pectoraux_salle_15_min_debutant;Tabata Pectoraux Salle 15 min;15 min;tabata;Débutant;Salle;Pectoraux;terrain hardcore
tabata_pectoraux_salle_20_min_debutant;Tabata Pectoraux Salle 20 min;20 min;tabata;Débutant;Salle;Pectoraux;terrain hardcore
tabata_pectoraux_salle_25_min_debutant;Tabata Pectoraux Salle 25 min;25 min;tabata;Débutant;Salle;Pectoraux;terrain hardcore
tabata_pectoraux_salle_30_min_debutant;Tabata Pectoraux Salle 30 min;30 min;tabata;Débutant;Salle;Pectoraux;terrain hardcore
tabata_pectoraux_salle_45_min_debutant;Tabata Pectoraux Salle 45 min;45 min;tabata;Débutant;Salle;Pectoraux;terrain hardcore
tabata_pectoraux_exterieur_10_min_debutant;Tabata Pectoraux Extérieur 10 min;10 min;tabata;Débutant;Extérieur;Pectoraux;terrain hardcore
tabata_pectoraux_exterieur_15_min_debutant;Tabata Pectoraux Extérieur 15 min;15 min;tabata;Débutant;Extérieur;Pectoraux;terrain hardcore
tabata_pectoraux_exterieur_20_min_debutant;Tabata Pectoraux Extérieur 20 min;20 min;tabata;Débutant;Extérieur;Pectoraux;terrain hardcore
tabata_pectoraux_exterieur_25_min_debutant;Tabata Pectoraux Extérieur 25 min;25 min;tabata;Débutant;Extérieur;Pectoraux;terrain hardcore
tabata_pectoraux_exterieur_30_min_debutant;Tabata Pectoraux Extérieur 30 min;30 min;tabata;Débutant;Extérieur;Pectoraux;terrain hardcore
tabata_pectoraux_exterieur_45_min_debutant;Tabata Pectoraux Extérieur 45 min;45 min;tabata;Débutant;Extérieur;Pectoraux;terrain hardcore
tabata_pectoraux_coach_10_min_debutant;Tabata Pectoraux Coach 10 min;10 min;tabata;Débutant;Coach;Pectoraux;terrain hardcore
tabata_pectoraux_coach_15_min_debutant;Tabata Pectoraux Coach 15 min;15 min;tabata;Débutant;Coach;Pectoraux;terrain hardcore
tabata_pectoraux_coach_20_min_debutant;Tabata Pectoraux Coach 20 min;20 min;tabata;Débutant;Coach;Pectoraux;terrain hardcore
tabata_pectoraux_coach_25_min_debutant;Tabata Pectoraux Coach 25 min;25 min;tabata;Débutant;Coach;Pectoraux;terrain hardcore
tabata_pectoraux_coach_30_min_debutant;Tabata Pectoraux Coach 30 min;30 min;tabata;Débutant;Coach;Pectoraux;terrain hardcore
tabata_pectoraux_coach_45_min_debutant;Tabata Pectoraux Coach 45 min;45 min;tabata;Débutant;Coach;Pectoraux;terrain hardcore
tabata_pectoraux_solo_10_min_intermediaire;Tabata Pectoraux Solo 10 min;10 min;tabata;Intermédiaire;Solo;Pectoraux;terrain hardcore
tabata_pectoraux_solo_15_min_intermediaire;Tabata Pectoraux Solo 15 min;15 min;tabata;Intermédiaire;Solo;Pectoraux;terrain hardcore
tabata_pectoraux_solo_20_min_intermediaire;Tabata Pectoraux Solo 20 min;20 min;tabata;Intermédiaire;Solo;Pectoraux;terrain hardcore
tabata_pectoraux_solo_25_min_intermediaire;Tabata Pectoraux Solo 25 min;25 min;tabata;Intermédiaire;Solo;Pectoraux;terrain hardcore
tabata_pectoraux_solo_30_min_intermediaire;Tabata Pectoraux Solo 30 min;30 min;tabata;Intermédiaire;Solo;Pectoraux;terrain hardcore
tabata_pectoraux_solo_45_min_intermediaire;Tabata Pectoraux Solo 45 min;45 min;tabata;Intermédiaire;Solo;Pectoraux;terrain hardcore
tabata_pectoraux_groupe_10_min_intermediaire;Tabata Pectoraux Groupe 10 min;10 min;tabata;Intermédiaire;Groupe;Pectoraux;terrain hardcore
tabata_pectoraux_groupe_15_min_intermediaire;Tabata Pectoraux Groupe 15 min;15 min;tabata;Intermédiaire;Groupe;Pectoraux;terrain hardcore
tabata_pectoraux_groupe_20_min_intermediaire;Tabata Pectoraux Groupe 20 min;20 min;tabata;Intermédiaire;Groupe;Pectoraux;terrain hardcore
tabata_pectoraux_groupe_25_min_intermediaire;Tabata Pectoraux Groupe 25 min;25 min;tabata;Intermédiaire;Groupe;Pectoraux;terrain hardcore
tabata_pectoraux_groupe_30_min_intermediaire;Tabata Pectoraux Groupe 30 min;30 min;tabata;Intermédiaire;Groupe;Pectoraux;terrain hardcore
tabata_pectoraux_groupe_45_min_intermediaire;Tabata Pectoraux Groupe 45 min;45 min;tabata;Intermédiaire;Groupe;Pectoraux;terrain hardcore
tabata_pectoraux_maison_10_min_intermediaire;Tabata Pectoraux Maison 10 min;10 min;tabata;Intermédiaire;Maison;Pectoraux;terrain hardcore
tabata_pectoraux_maison_15_min_intermediaire;Tabata Pectoraux Maison 15 min;15 min;tabata;Intermédiaire;Maison;Pectoraux;terrain hardcore
tabata_pectoraux_maison_20_min_intermediaire;Tabata Pectoraux Maison 20 min;20 min;tabata;Intermédiaire;Maison;Pectoraux;terrain hardcore
tabata_pectoraux_maison_25_min_intermediaire;Tabata Pectoraux Maison 25 min;25 min;tabata;Intermédiaire;Maison;Pectoraux;terrain hardcore
tabata_pectoraux_maison_30_min_intermediaire;Tabata Pectoraux Maison 30 min;30 min;tabata;Intermédiaire;Maison;Pectoraux;terrain hardcore
tabata_pectoraux_maison_45_min_intermediaire;Tabata Pectoraux Maison 45 min;45 min;tabata;Intermédiaire;Maison;Pectoraux;terrain hardcore
tabata_pectoraux_salle_10_min_intermediaire;Tabata Pectoraux Salle 10 min;10 min;tabata;Intermédiaire;Salle;Pectoraux;terrain hardcore
tabata_pectoraux_salle_15_min_intermediaire;Tabata Pectoraux Salle 15 min;15 min;tabata;Intermédiaire;Salle;Pectoraux;terrain hardcore
tabata_pectoraux_salle_20_min_intermediaire;Tabata Pectoraux Salle 20 min;20 min;tabata;Intermédiaire;Salle;Pectoraux;terrain hardcore
tabata_pectoraux_salle_25_min_intermediaire;Tabata Pectoraux Salle 25 min;25 min;tabata;Intermédiaire;Salle;Pectoraux;terrain hardcore
tabata_pectoraux_salle_30_min_intermediaire;Tabata Pectoraux Salle 30 min;30 min;tabata;Intermédiaire;Salle;Pectoraux;terrain hardcore
tabata_pectoraux_salle_45_min_intermediaire;Tabata Pectoraux Salle 45 min;45 min;tabata;Intermédiaire;Salle;Pectoraux;terrain hardcore
tabata_pectoraux_exterieur_10_min_intermediaire;Tabata Pectoraux Extérieur 10 min;10 min;tabata;Intermédiaire;Extérieur;Pectoraux;terrain hardcore
tabata_pectoraux_exterieur_15_min_intermediaire;Tabata Pectoraux Extérieur 15 min;15 min;tabata;Intermédiaire;Extérieur;Pectoraux;terrain hardcore
tabata_pectoraux_exterieur_20_min_intermediaire;Tabata Pectoraux Extérieur 20 min;20 min;tabata;Intermédiaire;Extérieur;Pectoraux;terrain hardcore
tabata_pectoraux_exterieur_25_min_intermediaire;Tabata Pectoraux Extérieur 25 min;25 min;tabata;Intermédiaire;Extérieur;Pectoraux;terrain hardcore
tabata_pectoraux_exterieur_30_min_intermediaire;Tabata Pectoraux Extérieur 30 min;30 min;tabata;Intermédiaire;Extérieur;Pectoraux;terrain hardcore
tabata_pectoraux_exterieur_45_min_intermediaire;Tabata Pectoraux Extérieur 45 min;45 min;tabata;Intermédiaire;Extérieur;Pectoraux;terrain hardcore
tabata_pectoraux_coach_10_min_intermediaire;Tabata Pectoraux Coach 10 min;10 min;tabata;Intermédiaire;Coach;Pectoraux;terrain hardcore
tabata_pectoraux_coach_15_min_intermediaire;Tabata Pectoraux Coach 15 min;15 min;tabata;Intermédiaire;Coach;Pectoraux;terrain hardcore
tabata_pectoraux_coach_20_min_intermediaire;Tabata Pectoraux Coach 20 min;20 min;tabata;Intermédiaire;Coach;Pectoraux;terrain hardcore
tabata_pectoraux_coach_25_min_intermediaire;Tabata Pectoraux Coach 25 min;25 min;tabata;Intermédiaire;Coach;Pectoraux;terrain hardcore
tabata_pectoraux_coach_30_min_intermediaire;Tabata Pectoraux Coach 30 min;30 min;tabata;Intermédiaire;Coach;Pectoraux;terrain hardcore
tabata_pectoraux_coach_45_min_intermediaire;Tabata Pectoraux Coach 45 min;45 min;tabata;Intermédiaire;Coach;Pectoraux;terrain hardcore
tabata_pectoraux_solo_10_min_avance;Tabata Pectoraux Solo 10 min;10 min;tabata;Avancé;Solo;Pectoraux;terrain hardcore
tabata_pectoraux_solo_15_min_avance;Tabata Pectoraux Solo 15 min;15 min;tabata;Avancé;Solo;Pectoraux;terrain hardcore
tabata_pectoraux_solo_20_min_avance;Tabata Pectoraux Solo 20 min;20 min;tabata;Avancé;Solo;Pectoraux;terrain hardcore
tabata_pectoraux_solo_25_min_avance;Tabata Pectoraux Solo 25 min;25 min;tabata;Avancé;Solo;Pectoraux;terrain hardcore
tabata_pectoraux_solo_30_min_avance;Tabata Pectoraux Solo 30 min;30 min;tabata;Avancé;Solo;Pectoraux;terrain hardcore
tabata_pectoraux_solo_45_min_avance;Tabata Pectoraux Solo 45 min;45 min;tabata;Avancé;Solo;Pectoraux;terrain hardcore
tabata_pectoraux_groupe_10_min_avance;Tabata Pectoraux Groupe 10 min;10 min;tabata;Avancé;Groupe;Pectoraux;terrain hardcore
tabata_pectoraux_groupe_15_min_avance;Tabata Pectoraux Groupe 15 min;15 min;tabata;Avancé;Groupe;Pectoraux;terrain hardcore
tabata_pectoraux_groupe_20_min_avance;Tabata Pectoraux Groupe 20 min;20 min;tabata;Avancé;Groupe;Pectoraux;terrain hardcore
tabata_pectoraux_groupe_25_min_avance;Tabata Pectoraux Groupe 25 min;25 min;tabata;Avancé;Groupe;Pectoraux;terrain hardcore
tabata_pectoraux_groupe_30_min_avance;Tabata Pectoraux Groupe 30 min;30 min;tabata;Avancé;Groupe;Pectoraux;terrain hardcore
tabata_pectoraux_groupe_45_min_avance;Tabata Pectoraux Groupe 45 min;45 min;tabata;Avancé;Groupe;Pectoraux;terrain hardcore
tabata_pectoraux_maison_10_min_avance;Tabata Pectoraux Maison 10 min;10 min;tabata;Avancé;Maison;Pectoraux;terrain hardcore
tabata_pectoraux_maison_15_min_avance;Tabata Pectoraux Maison 15 min;15 min;tabata;Avancé;Maison;Pectoraux;terrain hardcore
tabata_pectoraux_maison_20_min_avance;Tabata Pectoraux Maison 20 min;20 min;tabata;Avancé;Maison;Pectoraux;terrain hardcore
tabata_pectoraux_maison_25_min_avance;Tabata Pectoraux Maison 25 min;25 min;tabata;Avancé;Maison;Pectoraux;terrain hardcore
tabata_pectoraux_maison_30_min_avance;Tabata Pectoraux Maison 30 min;30 min;tabata;Avancé;Maison;Pectoraux;terrain hardcore
tabata_pectoraux_maison_45_min_avance;Tabata Pectoraux Maison 45 min;45 min;tabata;Avancé;Maison;Pectoraux;terrain hardcore
tabata_pectoraux_salle_10_min_avance;Tabata Pectoraux Salle 10 min;10 min;tabata;Avancé;Salle;Pectoraux;terrain hardcore
tabata_pectoraux_salle_15_min_avance;Tabata Pectoraux Salle 15 min;15 min;tabata;Avancé;Salle;Pectoraux;terrain hardcore
tabata_pectoraux_salle_20_min_avance;Tabata Pectoraux Salle 20 min;20 min;tabata;Avancé;Salle;Pectoraux;terrain hardcore
tabata_pectoraux_salle_25_min_avance;Tabata Pectoraux Salle 25 min;25 min;tabata;Avancé;Salle;Pectoraux;terrain hardcore
tabata_pectoraux_salle_30_min_avance;Tabata Pectoraux Salle 30 min;30 min;tabata;Avancé;Salle;Pectoraux;terrain hardcore
tabata_pectoraux_salle_45_min_avance;Tabata Pectoraux Salle 45 min;45 min;tabata;Avancé;Salle;Pectoraux;terrain hardcore
tabata_pectoraux_exterieur_10_min_avance;Tabata Pectoraux Extérieur 10 min;10 min;tabata;Avancé;Extérieur;Pectoraux;terrain hardcore
tabata_pectoraux_exterieur_15_min_avance;Tabata Pectoraux Extérieur 15 min;15 min;tabata;Avancé;Extérieur;Pectoraux;terrain hardcore
tabata_pectoraux_exterieur_20_min_avance;Tabata Pectoraux Extérieur 20 min;20 min;tabata;Avancé;Extérieur;Pectoraux;terrain hardcore
tabata_pectoraux_exterieur_25_min_avance;Tabata Pectoraux Extérieur 25 min;25 min;tabata;Avancé;Extérieur;Pectoraux;terrain hardcore
tabata_pectoraux_exterieur_30_min_avance;Tabata Pectoraux Extérieur 30 min;30 min;tabata;Avancé;Extérieur;Pectoraux;terrain hardcore
tabata_pectoraux_exterieur_45_min_avance;Tabata Pectoraux Extérieur 45 min;45 min;tabata;Avancé;Extérieur;Pectoraux;terrain hardcore
tabata_pectoraux_coach_10_min_avance;Tabata Pectoraux Coach 10 min;10 min;tabata;Avancé;Coach;Pectoraux;terrain hardcore
tabata_pectoraux_coach_15_min_avance;Tabata Pectoraux Coach 15 min;15 min;tabata;Avancé;Coach;Pectoraux;terrain hardcore
tabata_pectoraux_coach_20_min_avance;Tabata Pectoraux Coach 20 min;20 min;tabata;Avancé;Coach;Pectoraux;terrain hardcore
tabata_pectoraux_coach_25_min_avance;Tabata Pectoraux Coach 25 min;25 min;tabata;Avancé;Coach;Pectoraux;terrain hardcore
tabata_pectoraux_coach_30_min_avance;Tabata Pectoraux Coach 30 min;30 min;tabata;Avancé;Coach;Pectoraux;terrain hardcore
tabata_pectoraux_coach_45_min_avance;Tabata Pectoraux Coach 45 min;45 min;tabata;Avancé;Coach;Pectoraux;terrain hardcore
tabata_pectoraux_solo_10_min_expert;Tabata Pectoraux Solo 10 min;10 min;tabata;Expert;Solo;Pectoraux;terrain hardcore
tabata_pectoraux_solo_15_min_expert;Tabata Pectoraux Solo 15 min;15 min;tabata;Expert;Solo;Pectoraux;terrain hardcore
tabata_pectoraux_solo_20_min_expert;Tabata Pectoraux Solo 20 min;20 min;tabata;Expert;Solo;Pectoraux;terrain hardcore
tabata_pectoraux_solo_25_min_expert;Tabata Pectoraux Solo 25 min;25 min;tabata;Expert;Solo;Pectoraux;terrain hardcore
tabata_pectoraux_solo_30_min_expert;Tabata Pectoraux Solo 30 min;30 min;tabata;Expert;Solo;Pectoraux;terrain hardcore
tabata_pectoraux_solo_45_min_expert;Tabata Pectoraux Solo 45 min;45 min;tabata;Expert;Solo;Pectoraux;terrain hardcore
tabata_pectoraux_groupe_10_min_expert;Tabata Pectoraux Groupe 10 min;10 min;tabata;Expert;Groupe;Pectoraux;terrain hardcore
tabata_pectoraux_groupe_15_min_expert;Tabata Pectoraux Groupe 15 min;15 min;tabata;Expert;Groupe;Pectoraux;terrain hardcore
tabata_pectoraux_groupe_20_min_expert;Tabata Pectoraux Groupe 20 min;20 min;tabata;Expert;Groupe;Pectoraux;terrain hardcore
tabata_pectoraux_groupe_25_min_expert;Tabata Pectoraux Groupe 25 min;25 min;tabata;Expert;Groupe;Pectoraux;terrain hardcore
tabata_pectoraux_groupe_30_min_expert;Tabata Pectoraux Groupe 30 min;30 min;tabata;Expert;Groupe;Pectoraux;terrain hardcore
tabata_pectoraux_groupe_45_min_expert;Tabata Pectoraux Groupe 45 min;45 min;tabata;Expert;Groupe;Pectoraux;terrain hardcore
tabata_pectoraux_maison_10_min_expert;Tabata Pectoraux Maison 10 min;10 min;tabata;Expert;Maison;Pectoraux;terrain hardcore
tabata_pectoraux_maison_15_min_expert;Tabata Pectoraux Maison 15 min;15 min;tabata;Expert;Maison;Pectoraux;terrain hardcore
tabata_pectoraux_maison_20_min_expert;Tabata Pectoraux Maison 20 min;20 min;tabata;Expert;Maison;Pectoraux;terrain hardcore
tabata_pectoraux_maison_25_min_expert;Tabata Pectoraux Maison 25 min;25 min;tabata;Expert;Maison;Pectoraux;terrain hardcore
tabata_pectoraux_maison_30_min_expert;Tabata Pectoraux Maison 30 min;30 min;tabata;Expert;Maison;Pectoraux;terrain hardcore
tabata_pectoraux_maison_45_min_expert;Tabata Pectoraux Maison 45 min;45 min;tabata;Expert;Maison;Pectoraux;terrain hardcore
tabata_pectoraux_salle_10_min_expert;Tabata Pectoraux Salle 10 min;10 min;tabata;Expert;Salle;Pectoraux;terrain hardcore
tabata_pectoraux_salle_15_min_expert;Tabata Pectoraux Salle 15 min;15 min;tabata;Expert;Salle;Pectoraux;terrain hardcore
tabata_pectoraux_salle_20_min_expert;Tabata Pectoraux Salle 20 min;20 min;tabata;Expert;Salle;Pectoraux;terrain hardcore
tabata_pectoraux_salle_25_min_expert;Tabata Pectoraux Salle 25 min;25 min;tabata;Expert;Salle;Pectoraux;terrain hardcore
tabata_pectoraux_salle_30_min_expert;Tabata Pectoraux Salle 30 min;30 min;tabata;Expert;Salle;Pectoraux;terrain hardcore
tabata_pectoraux_salle_45_min_expert;Tabata Pectoraux Salle 45 min;45 min;tabata;Expert;Salle;Pectoraux;terrain hardcore
tabata_pectoraux_exterieur_10_min_expert;Tabata Pectoraux Extérieur 10 min;10 min;tabata;Expert;Extérieur;Pectoraux;terrain hardcore
tabata_pectoraux_exterieur_15_min_expert;Tabata Pectoraux Extérieur 15 min;15 min;tabata;Expert;Extérieur;Pectoraux;terrain hardcore
tabata_pectoraux_exterieur_20_min_expert;Tabata Pectoraux Extérieur 20 min;20 min;tabata;Expert;Extérieur;Pectoraux;terrain hardcore
tabata_pectoraux_exterieur_25_min_expert;Tabata Pectoraux Extérieur 25 min;25 min;tabata;Expert;Extérieur;Pectoraux;terrain hardcore
tabata_pectoraux_exterieur_30_min_expert;Tabata Pectoraux Extérieur 30 min;30 min;tabata;Expert;Extérieur;Pectoraux;terrain hardcore
tabata_pectoraux_exterieur_45_min_expert;Tabata Pectoraux Extérieur 45 min;45 min;tabata;Expert;Extérieur;Pectoraux;terrain hardcore
tabata_pectoraux_coach_10_min_expert;Tabata Pectoraux Coach 10 min;10 min;tabata;Expert;Coach;Pectoraux;terrain hardcore
tabata_pectoraux_coach_15_min_expert;Tabata Pectoraux Coach 15 min;15 min;tabata;Expert;Coach;Pectoraux;terrain hardcore
tabata_pectoraux_coach_20_min_expert;Tabata Pectoraux Coach 20 min;20 min;tabata;Expert;Coach;Pectoraux;terrain hardcore
tabata_pectoraux_coach_25_min_expert;Tabata Pectoraux Coach 25 min;25 min;tabata;Expert;Coach;Pectoraux;terrain hardcore
tabata_pectoraux_coach_30_min_expert;Tabata Pectoraux Coach 30 min;30 min;tabata;Expert;Coach;Pectoraux;terrain hardcore
tabata_pectoraux_coach_45_min_expert;Tabata Pectoraux Coach 45 min;45 min;tabata;Expert;Coach;Pectoraux;terrain hardcore
tabata_dos_solo_10_min_debutant;Tabata Dos Solo 10 min;10 min;tabata;Débutant;Solo;Dos;terrain hardcore
tabata_dos_solo_15_min_debutant;Tabata Dos Solo 15 min;15 min;tabata;Débutant;Solo;Dos;terrain hardcore
tabata_dos_solo_20_min_debutant;Tabata Dos Solo 20 min;20 min;tabata;Débutant;Solo;Dos;terrain hardcore
tabata_dos_solo_25_min_debutant;Tabata Dos Solo 25 min;25 min;tabata;Débutant;Solo;Dos;terrain hardcore
tabata_dos_solo_30_min_debutant;Tabata Dos Solo 30 min;30 min;tabata;Débutant;Solo;Dos;terrain hardcore
tabata_dos_solo_45_min_debutant;Tabata Dos Solo 45 min;45 min;tabata;Débutant;Solo;Dos;terrain hardcore
tabata_dos_groupe_10_min_debutant;Tabata Dos Groupe 10 min;10 min;tabata;Débutant;Groupe;Dos;terrain hardcore
tabata_dos_groupe_15_min_debutant;Tabata Dos Groupe 15 min;15 min;tabata;Débutant;Groupe;Dos;terrain hardcore
tabata_dos_groupe_20_min_debutant;Tabata Dos Groupe 20 min;20 min;tabata;Débutant;Groupe;Dos;terrain hardcore
tabata_dos_groupe_25_min_debutant;Tabata Dos Groupe 25 min;25 min;tabata;Débutant;Groupe;Dos;terrain hardcore
tabata_dos_groupe_30_min_debutant;Tabata Dos Groupe 30 min;30 min;tabata;Débutant;Groupe;Dos;terrain hardcore
tabata_dos_groupe_45_min_debutant;Tabata Dos Groupe 45 min;45 min;tabata;Débutant;Groupe;Dos;terrain hardcore
tabata_dos_maison_10_min_debutant;Tabata Dos Maison 10 min;10 min;tabata;Débutant;Maison;Dos;terrain hardcore
tabata_dos_maison_15_min_debutant;Tabata Dos Maison 15 min;15 min;tabata;Débutant;Maison;Dos;terrain hardcore
tabata_dos_maison_20_min_debutant;Tabata Dos Maison 20 min;20 min;tabata;Débutant;Maison;Dos;terrain hardcore
tabata_dos_maison_25_min_debutant;Tabata Dos Maison 25 min;25 min;tabata;Débutant;Maison;Dos;terrain hardcore
tabata_dos_maison_30_min_debutant;Tabata Dos Maison 30 min;30 min;tabata;Débutant;Maison;Dos;terrain hardcore
tabata_dos_maison_45_min_debutant;Tabata Dos Maison 45 min;45 min;tabata;Débutant;Maison;Dos;terrain hardcore
tabata_dos_salle_10_min_debutant;Tabata Dos Salle 10 min;10 min;tabata;Débutant;Salle;Dos;terrain hardcore
tabata_dos_salle_15_min_debutant;Tabata Dos Salle 15 min;15 min;tabata;Débutant;Salle;Dos;terrain hardcore
tabata_dos_salle_20_min_debutant;Tabata Dos Salle 20 min;20 min;tabata;Débutant;Salle;Dos;terrain hardcore
tabata_dos_salle_25_min_debutant;Tabata Dos Salle 25 min;25 min;tabata;Débutant;Salle;Dos;terrain hardcore
tabata_dos_salle_30_min_debutant;Tabata Dos Salle 30 min;30 min;tabata;Débutant;Salle;Dos;terrain hardcore
tabata_dos_salle_45_min_debutant;Tabata Dos Salle 45 min;45 min;tabata;Débutant;Salle;Dos;terrain hardcore
tabata_dos_exterieur_10_min_debutant;Tabata Dos Extérieur 10 min;10 min;tabata;Débutant;Extérieur;Dos;terrain hardcore
tabata_dos_exterieur_15_min_debutant;Tabata Dos Extérieur 15 min;15 min;tabata;Débutant;Extérieur;Dos;terrain hardcore
tabata_dos_exterieur_20_min_debutant;Tabata Dos Extérieur 20 min;20 min;tabata;Débutant;Extérieur;Dos;terrain hardcore
tabata_dos_exterieur_25_min_debutant;Tabata Dos Extérieur 25 min;25 min;tabata;Débutant;Extérieur;Dos;terrain hardcore
tabata_dos_exterieur_30_min_debutant;Tabata Dos Extérieur 30 min;30 min;tabata;Débutant;Extérieur;Dos;terrain hardcore
tabata_dos_exterieur_45_min_debutant;Tabata Dos Extérieur 45 min;45 min;tabata;Débutant;Extérieur;Dos;terrain hardcore
tabata_dos_coach_10_min_debutant;Tabata Dos Coach 10 min;10 min;tabata;Débutant;Coach;Dos;terrain hardcore
tabata_dos_coach_15_min_debutant;Tabata Dos Coach 15 min;15 min;tabata;Débutant;Coach;Dos;terrain hardcore
tabata_dos_coach_20_min_debutant;Tabata Dos Coach 20 min;20 min;tabata;Débutant;Coach;Dos;terrain hardcore
tabata_dos_coach_25_min_debutant;Tabata Dos Coach 25 min;25 min;tabata;Débutant;Coach;Dos;terrain hardcore
tabata_dos_coach_30_min_debutant;Tabata Dos Coach 30 min;30 min;tabata;Débutant;Coach;Dos;terrain hardcore
tabata_dos_coach_45_min_debutant;Tabata Dos Coach 45 min;45 min;tabata;Débutant;Coach;Dos;terrain hardcore
tabata_dos_solo_10_min_intermediaire;Tabata Dos Solo 10 min;10 min;tabata;Intermédiaire;Solo;Dos;terrain hardcore
tabata_dos_solo_15_min_intermediaire;Tabata Dos Solo 15 min;15 min;tabata;Intermédiaire;Solo;Dos;terrain hardcore
tabata_dos_solo_20_min_intermediaire;Tabata Dos Solo 20 min;20 min;tabata;Intermédiaire;Solo;Dos;terrain hardcore
tabata_dos_solo_25_min_intermediaire;Tabata Dos Solo 25 min;25 min;tabata;Intermédiaire;Solo;Dos;terrain hardcore
tabata_dos_solo_30_min_intermediaire;Tabata Dos Solo 30 min;30 min;tabata;Intermédiaire;Solo;Dos;terrain hardcore
tabata_dos_solo_45_min_intermediaire;Tabata Dos Solo 45 min;45 min;tabata;Intermédiaire;Solo;Dos;terrain hardcore
tabata_dos_groupe_10_min_intermediaire;Tabata Dos Groupe 10 min;10 min;tabata;Intermédiaire;Groupe;Dos;terrain hardcore
tabata_dos_groupe_15_min_intermediaire;Tabata Dos Groupe 15 min;15 min;tabata;Intermédiaire;Groupe;Dos;terrain hardcore
tabata_dos_groupe_20_min_intermediaire;Tabata Dos Groupe 20 min;20 min;tabata;Intermédiaire;Groupe;Dos;terrain hardcore
tabata_dos_groupe_25_min_intermediaire;Tabata Dos Groupe 25 min;25 min;tabata;Intermédiaire;Groupe;Dos;terrain hardcore
tabata_dos_groupe_30_min_intermediaire;Tabata Dos Groupe 30 min;30 min;tabata;Intermédiaire;Groupe;Dos;terrain hardcore
tabata_dos_groupe_45_min_intermediaire;Tabata Dos Groupe 45 min;45 min;tabata;Intermédiaire;Groupe;Dos;terrain hardcore
tabata_dos_maison_10_min_intermediaire;Tabata Dos Maison 10 min;10 min;tabata;Intermédiaire;Maison;Dos;terrain hardcore
tabata_dos_maison_15_min_intermediaire;Tabata Dos Maison 15 min;15 min;tabata;Intermédiaire;Maison;Dos;terrain hardcore
tabata_dos_maison_20_min_intermediaire;Tabata Dos Maison 20 min;20 min;tabata;Intermédiaire;Maison;Dos;terrain hardcore
tabata_dos_maison_25_min_intermediaire;Tabata Dos Maison 25 min;25 min;tabata;Intermédiaire;Maison;Dos;terrain hardcore
tabata_dos_maison_30_min_intermediaire;Tabata Dos Maison 30 min;30 min;tabata;Intermédiaire;Maison;Dos;terrain hardcore
tabata_dos_maison_45_min_intermediaire;Tabata Dos Maison 45 min;45 min;tabata;Intermédiaire;Maison;Dos;terrain hardcore
tabata_dos_salle_10_min_intermediaire;Tabata Dos Salle 10 min;10 min;tabata;Intermédiaire;Salle;Dos;terrain hardcore
tabata_dos_salle_15_min_intermediaire;Tabata Dos Salle 15 min;15 min;tabata;Intermédiaire;Salle;Dos;terrain hardcore
tabata_dos_salle_20_min_intermediaire;Tabata Dos Salle 20 min;20 min;tabata;Intermédiaire;Salle;Dos;terrain hardcore
tabata_dos_salle_25_min_intermediaire;Tabata Dos Salle 25 min;25 min;tabata;Intermédiaire;Salle;Dos;terrain hardcore
tabata_dos_salle_30_min_intermediaire;Tabata Dos Salle 30 min;30 min;tabata;Intermédiaire;Salle;Dos;terrain hardcore
tabata_dos_salle_45_min_intermediaire;Tabata Dos Salle 45 min;45 min;tabata;Intermédiaire;Salle;Dos;terrain hardcore
tabata_dos_exterieur_10_min_intermediaire;Tabata Dos Extérieur 10 min;10 min;tabata;Intermédiaire;Extérieur;Dos;terrain hardcore
tabata_dos_exterieur_15_min_intermediaire;Tabata Dos Extérieur 15 min;15 min;tabata;Intermédiaire;Extérieur;Dos;terrain hardcore
tabata_dos_exterieur_20_min_intermediaire;Tabata Dos Extérieur 20 min;20 min;tabata;Intermédiaire;Extérieur;Dos;terrain hardcore
tabata_dos_exterieur_25_min_intermediaire;Tabata Dos Extérieur 25 min;25 min;tabata;Intermédiaire;Extérieur;Dos;terrain hardcore
tabata_dos_exterieur_30_min_intermediaire;Tabata Dos Extérieur 30 min;30 min;tabata;Intermédiaire;Extérieur;Dos;terrain hardcore
tabata_dos_exterieur_45_min_intermediaire;Tabata Dos Extérieur 45 min;45 min;tabata;Intermédiaire;Extérieur;Dos;terrain hardcore
tabata_dos_coach_10_min_intermediaire;Tabata Dos Coach 10 min;10 min;tabata;Intermédiaire;Coach;Dos;terrain hardcore
tabata_dos_coach_15_min_intermediaire;Tabata Dos Coach 15 min;15 min;tabata;Intermédiaire;Coach;Dos;terrain hardcore
tabata_dos_coach_20_min_intermediaire;Tabata Dos Coach 20 min;20 min;tabata;Intermédiaire;Coach;Dos;terrain hardcore
tabata_dos_coach_25_min_intermediaire;Tabata Dos Coach 25 min;25 min;tabata;Intermédiaire;Coach;Dos;terrain hardcore
tabata_dos_coach_30_min_intermediaire;Tabata Dos Coach 30 min;30 min;tabata;Intermédiaire;Coach;Dos;terrain hardcore
tabata_dos_coach_45_min_intermediaire;Tabata Dos Coach 45 min;45 min;tabata;Intermédiaire;Coach;Dos;terrain hardcore
tabata_dos_solo_10_min_avance;Tabata Dos Solo 10 min;10 min;tabata;Avancé;Solo;Dos;terrain hardcore
tabata_dos_solo_15_min_avance;Tabata Dos Solo 15 min;15 min;tabata;Avancé;Solo;Dos;terrain hardcore
tabata_dos_solo_20_min_avance;Tabata Dos Solo 20 min;20 min;tabata;Avancé;Solo;Dos;terrain hardcore
tabata_dos_solo_25_min_avance;Tabata Dos Solo 25 min;25 min;tabata;Avancé;Solo;Dos;terrain hardcore
tabata_dos_solo_30_min_avance;Tabata Dos Solo 30 min;30 min;tabata;Avancé;Solo;Dos;terrain hardcore
tabata_dos_solo_45_min_avance;Tabata Dos Solo 45 min;45 min;tabata;Avancé;Solo;Dos;terrain hardcore
tabata_dos_groupe_10_min_avance;Tabata Dos Groupe 10 min;10 min;tabata;Avancé;Groupe;Dos;terrain hardcore
tabata_dos_groupe_15_min_avance;Tabata Dos Groupe 15 min;15 min;tabata;Avancé;Groupe;Dos;terrain hardcore
tabata_dos_groupe_20_min_avance;Tabata Dos Groupe 20 min;20 min;tabata;Avancé;Groupe;Dos;terrain hardcore
tabata_dos_groupe_25_min_avance;Tabata Dos Groupe 25 min;25 min;tabata;Avancé;Groupe;Dos;terrain hardcore
tabata_dos_groupe_30_min_avance;Tabata Dos Groupe 30 min;30 min;tabata;Avancé;Groupe;Dos;terrain hardcore
tabata_dos_groupe_45_min_avance;Tabata Dos Groupe 45 min;45 min;tabata;Avancé;Groupe;Dos;terrain hardcore
tabata_dos_maison_10_min_avance;Tabata Dos Maison 10 min;10 min;tabata;Avancé;Maison;Dos;terrain hardcore
tabata_dos_maison_15_min_avance;Tabata Dos Maison 15 min;15 min;tabata;Avancé;Maison;Dos;terrain hardcore
tabata_dos_maison_20_min_avance;Tabata Dos Maison 20 min;20 min;tabata;Avancé;Maison;Dos;terrain hardcore
tabata_dos_maison_25_min_avance;Tabata Dos Maison 25 min;25 min;tabata;Avancé;Maison;Dos;terrain hardcore
tabata_dos_maison_30_min_avance;Tabata Dos Maison 30 min;30 min;tabata;Avancé;Maison;Dos;terrain hardcore
tabata_dos_maison_45_min_avance;Tabata Dos Maison 45 min;45 min;tabata;Avancé;Maison;Dos;terrain hardcore
tabata_dos_salle_10_min_avance;Tabata Dos Salle 10 min;10 min;tabata;Avancé;Salle;Dos;terrain hardcore
tabata_dos_salle_15_min_avance;Tabata Dos Salle 15 min;15 min;tabata;Avancé;Salle;Dos;terrain hardcore
tabata_dos_salle_20_min_avance;Tabata Dos Salle 20 min;20 min;tabata;Avancé;Salle;Dos;terrain hardcore
tabata_dos_salle_25_min_avance;Tabata Dos Salle 25 min;25 min;tabata;Avancé;Salle;Dos;terrain hardcore
tabata_dos_salle_30_min_avance;Tabata Dos Salle 30 min;30 min;tabata;Avancé;Salle;Dos;terrain hardcore
tabata_dos_salle_45_min_avance;Tabata Dos Salle 45 min;45 min;tabata;Avancé;Salle;Dos;terrain hardcore
tabata_dos_exterieur_10_min_avance;Tabata Dos Extérieur 10 min;10 min;tabata;Avancé;Extérieur;Dos;terrain hardcore
tabata_dos_exterieur_15_min_avance;Tabata Dos Extérieur 15 min;15 min;tabata;Avancé;Extérieur;Dos;terrain hardcore
tabata_dos_exterieur_20_min_avance;Tabata Dos Extérieur 20 min;20 min;tabata;Avancé;Extérieur;Dos;terrain hardcore
tabata_dos_exterieur_25_min_avance;Tabata Dos Extérieur 25 min;25 min;tabata;Avancé;Extérieur;Dos;terrain hardcore
tabata_dos_exterieur_30_min_avance;Tabata Dos Extérieur 30 min;30 min;tabata;Avancé;Extérieur;Dos;terrain hardcore
tabata_dos_exterieur_45_min_avance;Tabata Dos Extérieur 45 min;45 min;tabata;Avancé;Extérieur;Dos;terrain hardcore
tabata_dos_coach_10_min_avance;Tabata Dos Coach 10 min;10 min;tabata;Avancé;Coach;Dos;terrain hardcore
tabata_dos_coach_15_min_avance;Tabata Dos Coach 15 min;15 min;tabata;Avancé;Coach;Dos;terrain hardcore
tabata_dos_coach_20_min_avance;Tabata Dos Coach 20 min;20 min;tabata;Avancé;Coach;Dos;terrain hardcore
tabata_dos_coach_25_min_avance;Tabata Dos Coach 25 min;25 min;tabata;Avancé;Coach;Dos;terrain hardcore
tabata_dos_coach_30_min_avance;Tabata Dos Coach 30 min;30 min;tabata;Avancé;Coach;Dos;terrain hardcore
tabata_dos_coach_45_min_avance;Tabata Dos Coach 45 min;45 min;tabata;Avancé;Coach;Dos;terrain hardcore
tabata_dos_solo_10_min_expert;Tabata Dos Solo 10 min;10 min;tabata;Expert;Solo;Dos;terrain hardcore
tabata_dos_solo_15_min_expert;Tabata Dos Solo 15 min;15 min;tabata;Expert;Solo;Dos;terrain hardcore
tabata_dos_solo_20_min_expert;Tabata Dos Solo 20 min;20 min;tabata;Expert;Solo;Dos;terrain hardcore
tabata_dos_solo_25_min_expert;Tabata Dos Solo 25 min;25 min;tabata;Expert;Solo;Dos;terrain hardcore
tabata_dos_solo_30_min_expert;Tabata Dos Solo 30 min;30 min;tabata;Expert;Solo;Dos;terrain hardcore
tabata_dos_solo_45_min_expert;Tabata Dos Solo 45 min;45 min;tabata;Expert;Solo;Dos;terrain hardcore
tabata_dos_groupe_10_min_expert;Tabata Dos Groupe 10 min;10 min;tabata;Expert;Groupe;Dos;terrain hardcore
tabata_dos_groupe_15_min_expert;Tabata Dos Groupe 15 min;15 min;tabata;Expert;Groupe;Dos;terrain hardcore
tabata_dos_groupe_20_min_expert;Tabata Dos Groupe 20 min;20 min;tabata;Expert;Groupe;Dos;terrain hardcore
tabata_dos_groupe_25_min_expert;Tabata Dos Groupe 25 min;25 min;tabata;Expert;Groupe;Dos;terrain hardcore
tabata_dos_groupe_30_min_expert;Tabata Dos Groupe 30 min;30 min;tabata;Expert;Groupe;Dos;terrain hardcore
tabata_dos_groupe_45_min_expert;Tabata Dos Groupe 45 min;45 min;tabata;Expert;Groupe;Dos;terrain hardcore
tabata_dos_maison_10_min_expert;Tabata Dos Maison 10 min;10 min;tabata;Expert;Maison;Dos;terrain hardcore
tabata_dos_maison_15_min_expert;Tabata Dos Maison 15 min;15 min;tabata;Expert;Maison;Dos;terrain hardcore
tabata_dos_maison_20_min_expert;Tabata Dos Maison 20 min;20 min;tabata;Expert;Maison;Dos;terrain hardcore
tabata_dos_maison_25_min_expert;Tabata Dos Maison 25 min;25 min;tabata;Expert;Maison;Dos;terrain hardcore
tabata_dos_maison_30_min_expert;Tabata Dos Maison 30 min;30 min;tabata;Expert;Maison;Dos;terrain hardcore
tabata_dos_maison_45_min_expert;Tabata Dos Maison 45 min;45 min;tabata;Expert;Maison;Dos;terrain hardcore
tabata_dos_salle_10_min_expert;Tabata Dos Salle 10 min;10 min;tabata;Expert;Salle;Dos;terrain hardcore
tabata_dos_salle_15_min_expert;Tabata Dos Salle 15 min;15 min;tabata;Expert;Salle;Dos;terrain hardcore
tabata_dos_salle_20_min_expert;Tabata Dos Salle 20 min;20 min;tabata;Expert;Salle;Dos;terrain hardcore
tabata_dos_salle_25_min_expert;Tabata Dos Salle 25 min;25 min;tabata;Expert;Salle;Dos;terrain hardcore
tabata_dos_salle_30_min_expert;Tabata Dos Salle 30 min;30 min;tabata;Expert;Salle;Dos;terrain hardcore
tabata_dos_salle_45_min_expert;Tabata Dos Salle 45 min;45 min;tabata;Expert;Salle;Dos;terrain hardcore
tabata_dos_exterieur_10_min_expert;Tabata Dos Extérieur 10 min;10 min;tabata;Expert;Extérieur;Dos;terrain hardcore
tabata_dos_exterieur_15_min_expert;Tabata Dos Extérieur 15 min;15 min;tabata;Expert;Extérieur;Dos;terrain hardcore
tabata_dos_exterieur_20_min_expert;Tabata Dos Extérieur 20 min;20 min;tabata;Expert;Extérieur;Dos;terrain hardcore
tabata_dos_exterieur_25_min_expert;Tabata Dos Extérieur 25 min;25 min;tabata;Expert;Extérieur;Dos;terrain hardcore
tabata_dos_exterieur_30_min_expert;Tabata Dos Extérieur 30 min;30 min;tabata;Expert;Extérieur;Dos;terrain hardcore
tabata_dos_exterieur_45_min_expert;Tabata Dos Extérieur 45 min;45 min;tabata;Expert;Extérieur;Dos;terrain hardcore
tabata_dos_coach_10_min_expert;Tabata Dos Coach 10 min;10 min;tabata;Expert;Coach;Dos;terrain hardcore
tabata_dos_coach_15_min_expert;Tabata Dos Coach 15 min;15 min;tabata;Expert;Coach;Dos;terrain hardcore
tabata_dos_coach_20_min_expert;Tabata Dos Coach 20 min;20 min;tabata;Expert;Coach;Dos;terrain hardcore
tabata_dos_coach_25_min_expert;Tabata Dos Coach 25 min;25 min;tabata;Expert;Coach;Dos;terrain hardcore
tabata_dos_coach_30_min_expert;Tabata Dos Coach 30 min;30 min;tabata;Expert;Coach;Dos;terrain hardcore
tabata_dos_coach_45_min_expert;Tabata Dos Coach 45 min;45 min;tabata;Expert;Coach;Dos;terrain hardcore
tabata_epaules_solo_10_min_debutant;Tabata Épaules Solo 10 min;10 min;tabata;Débutant;Solo;Épaules;terrain hardcore
tabata_epaules_solo_15_min_debutant;Tabata Épaules Solo 15 min;15 min;tabata;Débutant;Solo;Épaules;terrain hardcore
tabata_epaules_solo_20_min_debutant;Tabata Épaules Solo 20 min;20 min;tabata;Débutant;Solo;Épaules;terrain hardcore
tabata_epaules_solo_25_min_debutant;Tabata Épaules Solo 25 min;25 min;tabata;Débutant;Solo;Épaules;terrain hardcore
tabata_epaules_solo_30_min_debutant;Tabata Épaules Solo 30 min;30 min;tabata;Débutant;Solo;Épaules;terrain hardcore
tabata_epaules_solo_45_min_debutant;Tabata Épaules Solo 45 min;45 min;tabata;Débutant;Solo;Épaules;terrain hardcore
tabata_epaules_groupe_10_min_debutant;Tabata Épaules Groupe 10 min;10 min;tabata;Débutant;Groupe;Épaules;terrain hardcore
tabata_epaules_groupe_15_min_debutant;Tabata Épaules Groupe 15 min;15 min;tabata;Débutant;Groupe;Épaules;terrain hardcore
tabata_epaules_groupe_20_min_debutant;Tabata Épaules Groupe 20 min;20 min;tabata;Débutant;Groupe;Épaules;terrain hardcore
tabata_epaules_groupe_25_min_debutant;Tabata Épaules Groupe 25 min;25 min;tabata;Débutant;Groupe;Épaules;terrain hardcore
tabata_epaules_groupe_30_min_debutant;Tabata Épaules Groupe 30 min;30 min;tabata;Débutant;Groupe;Épaules;terrain hardcore
tabata_epaules_groupe_45_min_debutant;Tabata Épaules Groupe 45 min;45 min;tabata;Débutant;Groupe;Épaules;terrain hardcore
tabata_epaules_maison_10_min_debutant;Tabata Épaules Maison 10 min;10 min;tabata;Débutant;Maison;Épaules;terrain hardcore
tabata_epaules_maison_15_min_debutant;Tabata Épaules Maison 15 min;15 min;tabata;Débutant;Maison;Épaules;terrain hardcore
tabata_epaules_maison_20_min_debutant;Tabata Épaules Maison 20 min;20 min;tabata;Débutant;Maison;Épaules;terrain hardcore
tabata_epaules_maison_25_min_debutant;Tabata Épaules Maison 25 min;25 min;tabata;Débutant;Maison;Épaules;terrain hardcore
tabata_epaules_maison_30_min_debutant;Tabata Épaules Maison 30 min;30 min;tabata;Débutant;Maison;Épaules;terrain hardcore
tabata_epaules_maison_45_min_debutant;Tabata Épaules Maison 45 min;45 min;tabata;Débutant;Maison;Épaules;terrain hardcore
tabata_epaules_salle_10_min_debutant;Tabata Épaules Salle 10 min;10 min;tabata;Débutant;Salle;Épaules;terrain hardcore
tabata_epaules_salle_15_min_debutant;Tabata Épaules Salle 15 min;15 min;tabata;Débutant;Salle;Épaules;terrain hardcore
tabata_epaules_salle_20_min_debutant;Tabata Épaules Salle 20 min;20 min;tabata;Débutant;Salle;Épaules;terrain hardcore
tabata_epaules_salle_25_min_debutant;Tabata Épaules Salle 25 min;25 min;tabata;Débutant;Salle;Épaules;terrain hardcore
tabata_epaules_salle_30_min_debutant;Tabata Épaules Salle 30 min;30 min;tabata;Débutant;Salle;Épaules;terrain hardcore
tabata_epaules_salle_45_min_debutant;Tabata Épaules Salle 45 min;45 min;tabata;Débutant;Salle;Épaules;terrain hardcore
tabata_epaules_exterieur_10_min_debutant;Tabata Épaules Extérieur 10 min;10 min;tabata;Débutant;Extérieur;Épaules;terrain hardcore
tabata_epaules_exterieur_15_min_debutant;Tabata Épaules Extérieur 15 min;15 min;tabata;Débutant;Extérieur;Épaules;terrain hardcore
tabata_epaules_exterieur_20_min_debutant;Tabata Épaules Extérieur 20 min;20 min;tabata;Débutant;Extérieur;Épaules;terrain hardcore
tabata_epaules_exterieur_25_min_debutant;Tabata Épaules Extérieur 25 min;25 min;tabata;Débutant;Extérieur;Épaules;terrain hardcore
tabata_epaules_exterieur_30_min_debutant;Tabata Épaules Extérieur 30 min;30 min;tabata;Débutant;Extérieur;Épaules;terrain hardcore
tabata_epaules_exterieur_45_min_debutant;Tabata Épaules Extérieur 45 min;45 min;tabata;Débutant;Extérieur;Épaules;terrain hardcore
tabata_epaules_coach_10_min_debutant;Tabata Épaules Coach 10 min;10 min;tabata;Débutant;Coach;Épaules;terrain hardcore
tabata_epaules_coach_15_min_debutant;Tabata Épaules Coach 15 min;15 min;tabata;Débutant;Coach;Épaules;terrain hardcore
tabata_epaules_coach_20_min_debutant;Tabata Épaules Coach 20 min;20 min;tabata;Débutant;Coach;Épaules;terrain hardcore
tabata_epaules_coach_25_min_debutant;Tabata Épaules Coach 25 min;25 min;tabata;Débutant;Coach;Épaules;terrain hardcore
tabata_epaules_coach_30_min_debutant;Tabata Épaules Coach 30 min;30 min;tabata;Débutant;Coach;Épaules;terrain hardcore
tabata_epaules_coach_45_min_debutant;Tabata Épaules Coach 45 min;45 min;tabata;Débutant;Coach;Épaules;terrain hardcore
tabata_epaules_solo_10_min_intermediaire;Tabata Épaules Solo 10 min;10 min;tabata;Intermédiaire;Solo;Épaules;terrain hardcore
tabata_epaules_solo_15_min_intermediaire;Tabata Épaules Solo 15 min;15 min;tabata;Intermédiaire;Solo;Épaules;terrain hardcore
tabata_epaules_solo_20_min_intermediaire;Tabata Épaules Solo 20 min;20 min;tabata;Intermédiaire;Solo;Épaules;terrain hardcore
tabata_epaules_solo_25_min_intermediaire;Tabata Épaules Solo 25 min;25 min;tabata;Intermédiaire;Solo;Épaules;terrain hardcore
tabata_epaules_solo_30_min_intermediaire;Tabata Épaules Solo 30 min;30 min;tabata;Intermédiaire;Solo;Épaules;terrain hardcore
tabata_epaules_solo_45_min_intermediaire;Tabata Épaules Solo 45 min;45 min;tabata;Intermédiaire;Solo;Épaules;terrain hardcore
tabata_epaules_groupe_10_min_intermediaire;Tabata Épaules Groupe 10 min;10 min;tabata;Intermédiaire;Groupe;Épaules;terrain hardcore
tabata_epaules_groupe_15_min_intermediaire;Tabata Épaules Groupe 15 min;15 min;tabata;Intermédiaire;Groupe;Épaules;terrain hardcore
tabata_epaules_groupe_20_min_intermediaire;Tabata Épaules Groupe 20 min;20 min;tabata;Intermédiaire;Groupe;Épaules;terrain hardcore
tabata_epaules_groupe_25_min_intermediaire;Tabata Épaules Groupe 25 min;25 min;tabata;Intermédiaire;Groupe;Épaules;terrain hardcore
tabata_epaules_groupe_30_min_intermediaire;Tabata Épaules Groupe 30 min;30 min;tabata;Intermédiaire;Groupe;Épaules;terrain hardcore
tabata_epaules_groupe_45_min_intermediaire;Tabata Épaules Groupe 45 min;45 min;tabata;Intermédiaire;Groupe;Épaules;terrain hardcore
tabata_epaules_maison_10_min_intermediaire;Tabata Épaules Maison 10 min;10 min;tabata;Intermédiaire;Maison;Épaules;terrain hardcore
tabata_epaules_maison_15_min_intermediaire;Tabata Épaules Maison 15 min;15 min;tabata;Intermédiaire;Maison;Épaules;terrain hardcore
tabata_epaules_maison_20_min_intermediaire;Tabata Épaules Maison 20 min;20 min;tabata;Intermédiaire;Maison;Épaules;terrain hardcore
tabata_epaules_maison_25_min_intermediaire;Tabata Épaules Maison 25 min;25 min;tabata;Intermédiaire;Maison;Épaules;terrain hardcore
tabata_epaules_maison_30_min_intermediaire;Tabata Épaules Maison 30 min;30 min;tabata;Intermédiaire;Maison;Épaules;terrain hardcore
tabata_epaules_maison_45_min_intermediaire;Tabata Épaules Maison 45 min;45 min;tabata;Intermédiaire;Maison;Épaules;terrain hardcore
tabata_epaules_salle_10_min_intermediaire;Tabata Épaules Salle 10 min;10 min;tabata;Intermédiaire;Salle;Épaules;terrain hardcore
tabata_epaules_salle_15_min_intermediaire;Tabata Épaules Salle 15 min;15 min;tabata;Intermédiaire;Salle;Épaules;terrain hardcore
tabata_epaules_salle_20_min_intermediaire;Tabata Épaules Salle 20 min;20 min;tabata;Intermédiaire;Salle;Épaules;terrain hardcore
tabata_epaules_salle_25_min_intermediaire;Tabata Épaules Salle 25 min;25 min;tabata;Intermédiaire;Salle;Épaules;terrain hardcore
tabata_epaules_salle_30_min_intermediaire;Tabata Épaules Salle 30 min;30 min;tabata;Intermédiaire;Salle;Épaules;terrain hardcore
tabata_epaules_salle_45_min_intermediaire;Tabata Épaules Salle 45 min;45 min;tabata;Intermédiaire;Salle;Épaules;terrain hardcore
tabata_epaules_exterieur_10_min_intermediaire;Tabata Épaules Extérieur 10 min;10 min;tabata;Intermédiaire;Extérieur;Épaules;terrain hardcore
tabata_epaules_exterieur_15_min_intermediaire;Tabata Épaules Extérieur 15 min;15 min;tabata;Intermédiaire;Extérieur;Épaules;terrain hardcore
tabata_epaules_exterieur_20_min_intermediaire;Tabata Épaules Extérieur 20 min;20 min;tabata;Intermédiaire;Extérieur;Épaules;terrain hardcore
tabata_epaules_exterieur_25_min_intermediaire;Tabata Épaules Extérieur 25 min;25 min;tabata;Intermédiaire;Extérieur;Épaules;terrain hardcore
tabata_epaules_exterieur_30_min_intermediaire;Tabata Épaules Extérieur 30 min;30 min;tabata;Intermédiaire;Extérieur;Épaules;terrain hardcore
tabata_epaules_exterieur_45_min_intermediaire;Tabata Épaules Extérieur 45 min;45 min;tabata;Intermédiaire;Extérieur;Épaules;terrain hardcore
tabata_epaules_coach_10_min_intermediaire;Tabata Épaules Coach 10 min;10 min;tabata;Intermédiaire;Coach;Épaules;terrain hardcore
tabata_epaules_coach_15_min_intermediaire;Tabata Épaules Coach 15 min;15 min;tabata;Intermédiaire;Coach;Épaules;terrain hardcore
tabata_epaules_coach_20_min_intermediaire;Tabata Épaules Coach 20 min;20 min;tabata;Intermédiaire;Coach;Épaules;terrain hardcore
tabata_epaules_coach_25_min_intermediaire;Tabata Épaules Coach 25 min;25 min;tabata;Intermédiaire;Coach;Épaules;terrain hardcore
tabata_epaules_coach_30_min_intermediaire;Tabata Épaules Coach 30 min;30 min;tabata;Intermédiaire;Coach;Épaules;terrain hardcore
tabata_epaules_coach_45_min_intermediaire;Tabata Épaules Coach 45 min;45 min;tabata;Intermédiaire;Coach;Épaules;terrain hardcore
tabata_epaules_solo_10_min_avance;Tabata Épaules Solo 10 min;10 min;tabata;Avancé;Solo;Épaules;terrain hardcore
tabata_epaules_solo_15_min_avance;Tabata Épaules Solo 15 min;15 min;tabata;Avancé;Solo;Épaules;terrain hardcore
tabata_epaules_solo_20_min_avance;Tabata Épaules Solo 20 min;20 min;tabata;Avancé;Solo;Épaules;terrain hardcore
tabata_epaules_solo_25_min_avance;Tabata Épaules Solo 25 min;25 min;tabata;Avancé;Solo;Épaules;terrain hardcore
tabata_epaules_solo_30_min_avance;Tabata Épaules Solo 30 min;30 min;tabata;Avancé;Solo;Épaules;terrain hardcore
tabata_epaules_solo_45_min_avance;Tabata Épaules Solo 45 min;45 min;tabata;Avancé;Solo;Épaules;terrain hardcore
tabata_epaules_groupe_10_min_avance;Tabata Épaules Groupe 10 min;10 min;tabata;Avancé;Groupe;Épaules;terrain hardcore
tabata_epaules_groupe_15_min_avance;Tabata Épaules Groupe 15 min;15 min;tabata;Avancé;Groupe;Épaules;terrain hardcore
tabata_epaules_groupe_20_min_avance;Tabata Épaules Groupe 20 min;20 min;tabata;Avancé;Groupe;Épaules;terrain hardcore
tabata_epaules_groupe_25_min_avance;Tabata Épaules Groupe 25 min;25 min;tabata;Avancé;Groupe;Épaules;terrain hardcore
tabata_epaules_groupe_30_min_avance;Tabata Épaules Groupe 30 min;30 min;tabata;Avancé;Groupe;Épaules;terrain hardcore
tabata_epaules_groupe_45_min_avance;Tabata Épaules Groupe 45 min;45 min;tabata;Avancé;Groupe;Épaules;terrain hardcore
tabata_epaules_maison_10_min_avance;Tabata Épaules Maison 10 min;10 min;tabata;Avancé;Maison;Épaules;terrain hardcore
tabata_epaules_maison_15_min_avance;Tabata Épaules Maison 15 min;15 min;tabata;Avancé;Maison;Épaules;terrain hardcore
tabata_epaules_maison_20_min_avance;Tabata Épaules Maison 20 min;20 min;tabata;Avancé;Maison;Épaules;terrain hardcore
tabata_epaules_maison_25_min_avance;Tabata Épaules Maison 25 min;25 min;tabata;Avancé;Maison;Épaules;terrain hardcore
tabata_epaules_maison_30_min_avance;Tabata Épaules Maison 30 min;30 min;tabata;Avancé;Maison;Épaules;terrain hardcore
tabata_epaules_maison_45_min_avance;Tabata Épaules Maison 45 min;45 min;tabata;Avancé;Maison;Épaules;terrain hardcore
tabata_epaules_salle_10_min_avance;Tabata Épaules Salle 10 min;10 min;tabata;Avancé;Salle;Épaules;terrain hardcore
tabata_epaules_salle_15_min_avance;Tabata Épaules Salle 15 min;15 min;tabata;Avancé;Salle;Épaules;terrain hardcore
tabata_epaules_salle_20_min_avance;Tabata Épaules Salle 20 min;20 min;tabata;Avancé;Salle;Épaules;terrain hardcore
tabata_epaules_salle_25_min_avance;Tabata Épaules Salle 25 min;25 min;tabata;Avancé;Salle;Épaules;terrain hardcore
tabata_epaules_salle_30_min_avance;Tabata Épaules Salle 30 min;30 min;tabata;Avancé;Salle;Épaules;terrain hardcore
tabata_epaules_salle_45_min_avance;Tabata Épaules Salle 45 min;45 min;tabata;Avancé;Salle;Épaules;terrain hardcore
tabata_epaules_exterieur_10_min_avance;Tabata Épaules Extérieur 10 min;10 min;tabata;Avancé;Extérieur;Épaules;terrain hardcore
tabata_epaules_exterieur_15_min_avance;Tabata Épaules Extérieur 15 min;15 min;tabata;Avancé;Extérieur;Épaules;terrain hardcore
tabata_epaules_exterieur_20_min_avance;Tabata Épaules Extérieur 20 min;20 min;tabata;Avancé;Extérieur;Épaules;terrain hardcore
tabata_epaules_exterieur_25_min_avance;Tabata Épaules Extérieur 25 min;25 min;tabata;Avancé;Extérieur;Épaules;terrain hardcore
tabata_epaules_exterieur_30_min_avance;Tabata Épaules Extérieur 30 min;30 min;tabata;Avancé;Extérieur;Épaules;terrain hardcore
tabata_epaules_exterieur_45_min_avance;Tabata Épaules Extérieur 45 min;45 min;tabata;Avancé;Extérieur;Épaules;terrain hardcore
tabata_epaules_coach_10_min_avance;Tabata Épaules Coach 10 min;10 min;tabata;Avancé;Coach;Épaules;terrain hardcore
tabata_epaules_coach_15_min_avance;Tabata Épaules Coach 15 min;15 min;tabata;Avancé;Coach;Épaules;terrain hardcore
tabata_epaules_coach_20_min_avance;Tabata Épaules Coach 20 min;20 min;tabata;Avancé;Coach;Épaules;terrain hardcore
tabata_epaules_coach_25_min_avance;Tabata Épaules Coach 25 min;25 min;tabata;Avancé;Coach;Épaules;terrain hardcore
tabata_epaules_coach_30_min_avance;Tabata Épaules Coach 30 min;30 min;tabata;Avancé;Coach;Épaules;terrain hardcore
tabata_epaules_coach_45_min_avance;Tabata Épaules Coach 45 min;45 min;tabata;Avancé;Coach;Épaules;terrain hardcore
tabata_epaules_solo_10_min_expert;Tabata Épaules Solo 10 min;10 min;tabata;Expert;Solo;Épaules;terrain hardcore
tabata_epaules_solo_15_min_expert;Tabata Épaules Solo 15 min;15 min;tabata;Expert;Solo;Épaules;terrain hardcore
tabata_epaules_solo_20_min_expert;Tabata Épaules Solo 20 min;20 min;tabata;Expert;Solo;Épaules;terrain hardcore
tabata_epaules_solo_25_min_expert;Tabata Épaules Solo 25 min;25 min;tabata;Expert;Solo;Épaules;terrain hardcore
tabata_epaules_solo_30_min_expert;Tabata Épaules Solo 30 min;30 min;tabata;Expert;Solo;Épaules;terrain hardcore
tabata_epaules_solo_45_min_expert;Tabata Épaules Solo 45 min;45 min;tabata;Expert;Solo;Épaules;terrain hardcore
tabata_epaules_groupe_10_min_expert;Tabata Épaules Groupe 10 min;10 min;tabata;Expert;Groupe;Épaules;terrain hardcore
tabata_epaules_groupe_15_min_expert;Tabata Épaules Groupe 15 min;15 min;tabata;Expert;Groupe;Épaules;terrain hardcore
tabata_epaules_groupe_20_min_expert;Tabata Épaules Groupe 20 min;20 min;tabata;Expert;Groupe;Épaules;terrain hardcore
tabata_epaules_groupe_25_min_expert;Tabata Épaules Groupe 25 min;25 min;tabata;Expert;Groupe;Épaules;terrain hardcore
tabata_epaules_groupe_30_min_expert;Tabata Épaules Groupe 30 min;30 min;tabata;Expert;Groupe;Épaules;terrain hardcore
tabata_epaules_groupe_45_min_expert;Tabata Épaules Groupe 45 min;45 min;tabata;Expert;Groupe;Épaules;terrain hardcore
tabata_epaules_maison_10_min_expert;Tabata Épaules Maison 10 min;10 min;tabata;Expert;Maison;Épaules;terrain hardcore
tabata_epaules_maison_15_min_expert;Tabata Épaules Maison 15 min;15 min;tabata;Expert;Maison;Épaules;terrain hardcore
tabata_epaules_maison_20_min_expert;Tabata Épaules Maison 20 min;20 min;tabata;Expert;Maison;Épaules;terrain hardcore
tabata_epaules_maison_25_min_expert;Tabata Épaules Maison 25 min;25 min;tabata;Expert;Maison;Épaules;terrain hardcore
tabata_epaules_maison_30_min_expert;Tabata Épaules Maison 30 min;30 min;tabata;Expert;Maison;Épaules;terrain hardcore
tabata_epaules_maison_45_min_expert;Tabata Épaules Maison 45 min;45 min;tabata;Expert;Maison;Épaules;terrain hardcore
tabata_epaules_salle_10_min_expert;Tabata Épaules Salle 10 min;10 min;tabata;Expert;Salle;Épaules;terrain hardcore
tabata_epaules_salle_15_min_expert;Tabata Épaules Salle 15 min;15 min;tabata;Expert;Salle;Épaules;terrain hardcore
tabata_epaules_salle_20_min_expert;Tabata Épaules Salle 20 min;20 min;tabata;Expert;Salle;Épaules;terrain hardcore
tabata_epaules_salle_25_min_expert;Tabata Épaules Salle 25 min;25 min;tabata;Expert;Salle;Épaules;terrain hardcore
tabata_epaules_salle_30_min_expert;Tabata Épaules Salle 30 min;30 min;tabata;Expert;Salle;Épaules;terrain hardcore
tabata_epaules_salle_45_min_expert;Tabata Épaules Salle 45 min;45 min;tabata;Expert;Salle;Épaules;terrain hardcore
tabata_epaules_exterieur_10_min_expert;Tabata Épaules Extérieur 10 min;10 min;tabata;Expert;Extérieur;Épaules;terrain hardcore
tabata_epaules_exterieur_15_min_expert;Tabata Épaules Extérieur 15 min;15 min;tabata;Expert;Extérieur;Épaules;terrain hardcore
tabata_epaules_exterieur_20_min_expert;Tabata Épaules Extérieur 20 min;20 min;tabata;Expert;Extérieur;Épaules;terrain hardcore
tabata_epaules_exterieur_25_min_expert;Tabata Épaules Extérieur 25 min;25 min;tabata;Expert;Extérieur;Épaules;terrain hardcore
tabata_epaules_exterieur_30_min_expert;Tabata Épaules Extérieur 30 min;30 min;tabata;Expert;Extérieur;Épaules;terrain hardcore
tabata_epaules_exterieur_45_min_expert;Tabata Épaules Extérieur 45 min;45 min;tabata;Expert;Extérieur;Épaules;terrain hardcore
tabata_epaules_coach_10_min_expert;Tabata Épaules Coach 10 min;10 min;tabata;Expert;Coach;Épaules;terrain hardcore
tabata_epaules_coach_15_min_expert;Tabata Épaules Coach 15 min;15 min;tabata;Expert;Coach;Épaules;terrain hardcore
tabata_epaules_coach_20_min_expert;Tabata Épaules Coach 20 min;20 min;tabata;Expert;Coach;Épaules;terrain hardcore
tabata_epaules_coach_25_min_expert;Tabata Épaules Coach 25 min;25 min;tabata;Expert;Coach;Épaules;terrain hardcore
tabata_epaules_coach_30_min_expert;Tabata Épaules Coach 30 min;30 min;tabata;Expert;Coach;Épaules;terrain hardcore
tabata_epaules_coach_45_min_expert;Tabata Épaules Coach 45 min;45 min;tabata;Expert;Coach;Épaules;terrain hardcore
tabata_bras_solo_10_min_debutant;Tabata Bras Solo 10 min;10 min;tabata;Débutant;Solo;Bras;terrain hardcore
tabata_bras_solo_15_min_debutant;Tabata Bras Solo 15 min;15 min;tabata;Débutant;Solo;Bras;terrain hardcore
tabata_bras_solo_20_min_debutant;Tabata Bras Solo 20 min;20 min;tabata;Débutant;Solo;Bras;terrain hardcore
tabata_bras_solo_25_min_debutant;Tabata Bras Solo 25 min;25 min;tabata;Débutant;Solo;Bras;terrain hardcore
tabata_bras_solo_30_min_debutant;Tabata Bras Solo 30 min;30 min;tabata;Débutant;Solo;Bras;terrain hardcore
tabata_bras_solo_45_min_debutant;Tabata Bras Solo 45 min;45 min;tabata;Débutant;Solo;Bras;terrain hardcore
tabata_bras_groupe_10_min_debutant;Tabata Bras Groupe 10 min;10 min;tabata;Débutant;Groupe;Bras;terrain hardcore
tabata_bras_groupe_15_min_debutant;Tabata Bras Groupe 15 min;15 min;tabata;Débutant;Groupe;Bras;terrain hardcore
tabata_bras_groupe_20_min_debutant;Tabata Bras Groupe 20 min;20 min;tabata;Débutant;Groupe;Bras;terrain hardcore
tabata_bras_groupe_25_min_debutant;Tabata Bras Groupe 25 min;25 min;tabata;Débutant;Groupe;Bras;terrain hardcore
tabata_bras_groupe_30_min_debutant;Tabata Bras Groupe 30 min;30 min;tabata;Débutant;Groupe;Bras;terrain hardcore
tabata_bras_groupe_45_min_debutant;Tabata Bras Groupe 45 min;45 min;tabata;Débutant;Groupe;Bras;terrain hardcore
tabata_bras_maison_10_min_debutant;Tabata Bras Maison 10 min;10 min;tabata;Débutant;Maison;Bras;terrain hardcore
tabata_bras_maison_15_min_debutant;Tabata Bras Maison 15 min;15 min;tabata;Débutant;Maison;Bras;terrain hardcore
tabata_bras_maison_20_min_debutant;Tabata Bras Maison 20 min;20 min;tabata;Débutant;Maison;Bras;terrain hardcore
tabata_bras_maison_25_min_debutant;Tabata Bras Maison 25 min;25 min;tabata;Débutant;Maison;Bras;terrain hardcore
tabata_bras_maison_30_min_debutant;Tabata Bras Maison 30 min;30 min;tabata;Débutant;Maison;Bras;terrain hardcore
tabata_bras_maison_45_min_debutant;Tabata Bras Maison 45 min;45 min;tabata;Débutant;Maison;Bras;terrain hardcore
tabata_bras_salle_10_min_debutant;Tabata Bras Salle 10 min;10 min;tabata;Débutant;Salle;Bras;terrain hardcore
tabata_bras_salle_15_min_debutant;Tabata Bras Salle 15 min;15 min;tabata;Débutant;Salle;Bras;terrain hardcore
tabata_bras_salle_20_min_debutant;Tabata Bras Salle 20 min;20 min;tabata;Débutant;Salle;Bras;terrain hardcore
tabata_bras_salle_25_min_debutant;Tabata Bras Salle 25 min;25 min;tabata;Débutant;Salle;Bras;terrain hardcore
tabata_bras_salle_30_min_debutant;Tabata Bras Salle 30 min;30 min;tabata;Débutant;Salle;Bras;terrain hardcore
tabata_bras_salle_45_min_debutant;Tabata Bras Salle 45 min;45 min;tabata;Débutant;Salle;Bras;terrain hardcore
tabata_bras_exterieur_10_min_debutant;Tabata Bras Extérieur 10 min;10 min;tabata;Débutant;Extérieur;Bras;terrain hardcore
tabata_bras_exterieur_15_min_debutant;Tabata Bras Extérieur 15 min;15 min;tabata;Débutant;Extérieur;Bras;terrain hardcore
tabata_bras_exterieur_20_min_debutant;Tabata Bras Extérieur 20 min;20 min;tabata;Débutant;Extérieur;Bras;terrain hardcore
tabata_bras_exterieur_25_min_debutant;Tabata Bras Extérieur 25 min;25 min;tabata;Débutant;Extérieur;Bras;terrain hardcore
tabata_bras_exterieur_30_min_debutant;Tabata Bras Extérieur 30 min;30 min;tabata;Débutant;Extérieur;Bras;terrain hardcore
tabata_bras_exterieur_45_min_debutant;Tabata Bras Extérieur 45 min;45 min;tabata;Débutant;Extérieur;Bras;terrain hardcore
tabata_bras_coach_10_min_debutant;Tabata Bras Coach 10 min;10 min;tabata;Débutant;Coach;Bras;terrain hardcore
tabata_bras_coach_15_min_debutant;Tabata Bras Coach 15 min;15 min;tabata;Débutant;Coach;Bras;terrain hardcore
tabata_bras_coach_20_min_debutant;Tabata Bras Coach 20 min;20 min;tabata;Débutant;Coach;Bras;terrain hardcore
tabata_bras_coach_25_min_debutant;Tabata Bras Coach 25 min;25 min;tabata;Débutant;Coach;Bras;terrain hardcore
tabata_bras_coach_30_min_debutant;Tabata Bras Coach 30 min;30 min;tabata;Débutant;Coach;Bras;terrain hardcore
tabata_bras_coach_45_min_debutant;Tabata Bras Coach 45 min;45 min;tabata;Débutant;Coach;Bras;terrain hardcore
tabata_bras_solo_10_min_intermediaire;Tabata Bras Solo 10 min;10 min;tabata;Intermédiaire;Solo;Bras;terrain hardcore
tabata_bras_solo_15_min_intermediaire;Tabata Bras Solo 15 min;15 min;tabata;Intermédiaire;Solo;Bras;terrain hardcore
tabata_bras_solo_20_min_intermediaire;Tabata Bras Solo 20 min;20 min;tabata;Intermédiaire;Solo;Bras;terrain hardcore
tabata_bras_solo_25_min_intermediaire;Tabata Bras Solo 25 min;25 min;tabata;Intermédiaire;Solo;Bras;terrain hardcore
tabata_bras_solo_30_min_intermediaire;Tabata Bras Solo 30 min;30 min;tabata;Intermédiaire;Solo;Bras;terrain hardcore
tabata_bras_solo_45_min_intermediaire;Tabata Bras Solo 45 min;45 min;tabata;Intermédiaire;Solo;Bras;terrain hardcore
tabata_bras_groupe_10_min_intermediaire;Tabata Bras Groupe 10 min;10 min;tabata;Intermédiaire;Groupe;Bras;terrain hardcore
tabata_bras_groupe_15_min_intermediaire;Tabata Bras Groupe 15 min;15 min;tabata;Intermédiaire;Groupe;Bras;terrain hardcore
tabata_bras_groupe_20_min_intermediaire;Tabata Bras Groupe 20 min;20 min;tabata;Intermédiaire;Groupe;Bras;terrain hardcore
tabata_bras_groupe_25_min_intermediaire;Tabata Bras Groupe 25 min;25 min;tabata;Intermédiaire;Groupe;Bras;terrain hardcore
tabata_bras_groupe_30_min_intermediaire;Tabata Bras Groupe 30 min;30 min;tabata;Intermédiaire;Groupe;Bras;terrain hardcore
tabata_bras_groupe_45_min_intermediaire;Tabata Bras Groupe 45 min;45 min;tabata;Intermédiaire;Groupe;Bras;terrain hardcore
tabata_bras_maison_10_min_intermediaire;Tabata Bras Maison 10 min;10 min;tabata;Intermédiaire;Maison;Bras;terrain hardcore
tabata_bras_maison_15_min_intermediaire;Tabata Bras Maison 15 min;15 min;tabata;Intermédiaire;Maison;Bras;terrain hardcore
tabata_bras_maison_20_min_intermediaire;Tabata Bras Maison 20 min;20 min;tabata;Intermédiaire;Maison;Bras;terrain hardcore
tabata_bras_maison_25_min_intermediaire;Tabata Bras Maison 25 min;25 min;tabata;Intermédiaire;Maison;Bras;terrain hardcore
tabata_bras_maison_30_min_intermediaire;Tabata Bras Maison 30 min;30 min;tabata;Intermédiaire;Maison;Bras;terrain hardcore
tabata_bras_maison_45_min_intermediaire;Tabata Bras Maison 45 min;45 min;tabata;Intermédiaire;Maison;Bras;terrain hardcore
tabata_bras_salle_10_min_intermediaire;Tabata Bras Salle 10 min;10 min;tabata;Intermédiaire;Salle;Bras;terrain hardcore
tabata_bras_salle_15_min_intermediaire;Tabata Bras Salle 15 min;15 min;tabata;Intermédiaire;Salle;Bras;terrain hardcore
tabata_bras_salle_20_min_intermediaire;Tabata Bras Salle 20 min;20 min;tabata;Intermédiaire;Salle;Bras;terrain hardcore
tabata_bras_salle_25_min_intermediaire;Tabata Bras Salle 25 min;25 min;tabata;Intermédiaire;Salle;Bras;terrain hardcore
tabata_bras_salle_30_min_intermediaire;Tabata Bras Salle 30 min;30 min;tabata;Intermédiaire;Salle;Bras;terrain hardcore
tabata_bras_salle_45_min_intermediaire;Tabata Bras Salle 45 min;45 min;tabata;Intermédiaire;Salle;Bras;terrain hardcore
tabata_bras_exterieur_10_min_intermediaire;Tabata Bras Extérieur 10 min;10 min;tabata;Intermédiaire;Extérieur;Bras;terrain hardcore
tabata_bras_exterieur_15_min_intermediaire;Tabata Bras Extérieur 15 min;15 min;tabata;Intermédiaire;Extérieur;Bras;terrain hardcore
tabata_bras_exterieur_20_min_intermediaire;Tabata Bras Extérieur 20 min;20 min;tabata;Intermédiaire;Extérieur;Bras;terrain hardcore
tabata_bras_exterieur_25_min_intermediaire;Tabata Bras Extérieur 25 min;25 min;tabata;Intermédiaire;Extérieur;Bras;terrain hardcore
tabata_bras_exterieur_30_min_intermediaire;Tabata Bras Extérieur 30 min;30 min;tabata;Intermédiaire;Extérieur;Bras;terrain hardcore
tabata_bras_exterieur_45_min_intermediaire;Tabata Bras Extérieur 45 min;45 min;tabata;Intermédiaire;Extérieur;Bras;terrain hardcore
tabata_bras_coach_10_min_intermediaire;Tabata Bras Coach 10 min;10 min;tabata;Intermédiaire;Coach;Bras;terrain hardcore
tabata_bras_coach_15_min_intermediaire;Tabata Bras Coach 15 min;15 min;tabata;Intermédiaire;Coach;Bras;terrain hardcore
tabata_bras_coach_20_min_intermediaire;Tabata Bras Coach 20 min;20 min;tabata;Intermédiaire;Coach;Bras;terrain hardcore
tabata_bras_coach_25_min_intermediaire;Tabata Bras Coach 25 min;25 min;tabata;Intermédiaire;Coach;Bras;terrain hardcore
tabata_bras_coach_30_min_intermediaire;Tabata Bras Coach 30 min;30 min;tabata;Intermédiaire;Coach;Bras;terrain hardcore
tabata_bras_coach_45_min_intermediaire;Tabata Bras Coach 45 min;45 min;tabata;Intermédiaire;Coach;Bras;terrain hardcore
tabata_bras_solo_10_min_avance;Tabata Bras Solo 10 min;10 min;tabata;Avancé;Solo;Bras;terrain hardcore
tabata_bras_solo_15_min_avance;Tabata Bras Solo 15 min;15 min;tabata;Avancé;Solo;Bras;terrain hardcore
tabata_bras_solo_20_min_avance;Tabata Bras Solo 20 min;20 min;tabata;Avancé;Solo;Bras;terrain hardcore
tabata_bras_solo_25_min_avance;Tabata Bras Solo 25 min;25 min;tabata;Avancé;Solo;Bras;terrain hardcore
tabata_bras_solo_30_min_avance;Tabata Bras Solo 30 min;30 min;tabata;Avancé;Solo;Bras;terrain hardcore
tabata_bras_solo_45_min_avance;Tabata Bras Solo 45 min;45 min;tabata;Avancé;Solo;Bras;terrain hardcore
tabata_bras_groupe_10_min_avance;Tabata Bras Groupe 10 min;10 min;tabata;Avancé;Groupe;Bras;terrain hardcore
tabata_bras_groupe_15_min_avance;Tabata Bras Groupe 15 min;15 min;tabata;Avancé;Groupe;Bras;terrain hardcore
tabata_bras_groupe_20_min_avance;Tabata Bras Groupe 20 min;20 min;tabata;Avancé;Groupe;Bras;terrain hardcore
tabata_bras_groupe_25_min_avance;Tabata Bras Groupe 25 min;25 min;tabata;Avancé;Groupe;Bras;terrain hardcore
tabata_bras_groupe_30_min_avance;Tabata Bras Groupe 30 min;30 min;tabata;Avancé;Groupe;Bras;terrain hardcore
tabata_bras_groupe_45_min_avance;Tabata Bras Groupe 45 min;45 min;tabata;Avancé;Groupe;Bras;terrain hardcore
tabata_bras_maison_10_min_avance;Tabata Bras Maison 10 min;10 min;tabata;Avancé;Maison;Bras;terrain hardcore
tabata_bras_maison_15_min_avance;Tabata Bras Maison 15 min;15 min;tabata;Avancé;Maison;Bras;terrain hardcore
tabata_bras_maison_20_min_avance;Tabata Bras Maison 20 min;20 min;tabata;Avancé;Maison;Bras;terrain hardcore
tabata_bras_maison_25_min_avance;Tabata Bras Maison 25 min;25 min;tabata;Avancé;Maison;Bras;terrain hardcore
tabata_bras_maison_30_min_avance;Tabata Bras Maison 30 min;30 min;tabata;Avancé;Maison;Bras;terrain hardcore
tabata_bras_maison_45_min_avance;Tabata Bras Maison 45 min;45 min;tabata;Avancé;Maison;Bras;terrain hardcore
tabata_bras_salle_10_min_avance;Tabata Bras Salle 10 min;10 min;tabata;Avancé;Salle;Bras;terrain hardcore
tabata_bras_salle_15_min_avance;Tabata Bras Salle 15 min;15 min;tabata;Avancé;Salle;Bras;terrain hardcore
tabata_bras_salle_20_min_avance;Tabata Bras Salle 20 min;20 min;tabata;Avancé;Salle;Bras;terrain hardcore
tabata_bras_salle_25_min_avance;Tabata Bras Salle 25 min;25 min;tabata;Avancé;Salle;Bras;terrain hardcore
tabata_bras_salle_30_min_avance;Tabata Bras Salle 30 min;30 min;tabata;Avancé;Salle;Bras;terrain hardcore
tabata_bras_salle_45_min_avance;Tabata Bras Salle 45 min;45 min;tabata;Avancé;Salle;Bras;terrain hardcore
tabata_bras_exterieur_10_min_avance;Tabata Bras Extérieur 10 min;10 min;tabata;Avancé;Extérieur;Bras;terrain hardcore
tabata_bras_exterieur_15_min_avance;Tabata Bras Extérieur 15 min;15 min;tabata;Avancé;Extérieur;Bras;terrain hardcore
tabata_bras_exterieur_20_min_avance;Tabata Bras Extérieur 20 min;20 min;tabata;Avancé;Extérieur;Bras;terrain hardcore
tabata_bras_exterieur_25_min_avance;Tabata Bras Extérieur 25 min;25 min;tabata;Avancé;Extérieur;Bras;terrain hardcore
tabata_bras_exterieur_30_min_avance;Tabata Bras Extérieur 30 min;30 min;tabata;Avancé;Extérieur;Bras;terrain hardcore
tabata_bras_exterieur_45_min_avance;Tabata Bras Extérieur 45 min;45 min;tabata;Avancé;Extérieur;Bras;terrain hardcore
tabata_bras_coach_10_min_avance;Tabata Bras Coach 10 min;10 min;tabata;Avancé;Coach;Bras;terrain hardcore
tabata_bras_coach_15_min_avance;Tabata Bras Coach 15 min;15 min;tabata;Avancé;Coach;Bras;terrain hardcore
tabata_bras_coach_20_min_avance;Tabata Bras Coach 20 min;20 min;tabata;Avancé;Coach;Bras;terrain hardcore
tabata_bras_coach_25_min_avance;Tabata Bras Coach 25 min;25 min;tabata;Avancé;Coach;Bras;terrain hardcore
tabata_bras_coach_30_min_avance;Tabata Bras Coach 30 min;30 min;tabata;Avancé;Coach;Bras;terrain hardcore
tabata_bras_coach_45_min_avance;Tabata Bras Coach 45 min;45 min;tabata;Avancé;Coach;Bras;terrain hardcore
tabata_bras_solo_10_min_expert;Tabata Bras Solo 10 min;10 min;tabata;Expert;Solo;Bras;terrain hardcore
tabata_bras_solo_15_min_expert;Tabata Bras Solo 15 min;15 min;tabata;Expert;Solo;Bras;terrain hardcore
tabata_bras_solo_20_min_expert;Tabata Bras Solo 20 min;20 min;tabata;Expert;Solo;Bras;terrain hardcore
tabata_bras_solo_25_min_expert;Tabata Bras Solo 25 min;25 min;tabata;Expert;Solo;Bras;terrain hardcore
tabata_bras_solo_30_min_expert;Tabata Bras Solo 30 min;30 min;tabata;Expert;Solo;Bras;terrain hardcore
tabata_bras_solo_45_min_expert;Tabata Bras Solo 45 min;45 min;tabata;Expert;Solo;Bras;terrain hardcore
tabata_bras_groupe_10_min_expert;Tabata Bras Groupe 10 min;10 min;tabata;Expert;Groupe;Bras;terrain hardcore
tabata_bras_groupe_15_min_expert;Tabata Bras Groupe 15 min;15 min;tabata;Expert;Groupe;Bras;terrain hardcore
tabata_bras_groupe_20_min_expert;Tabata Bras Groupe 20 min;20 min;tabata;Expert;Groupe;Bras;terrain hardcore
tabata_bras_groupe_25_min_expert;Tabata Bras Groupe 25 min;25 min;tabata;Expert;Groupe;Bras;terrain hardcore
tabata_bras_groupe_30_min_expert;Tabata Bras Groupe 30 min;30 min;tabata;Expert;Groupe;Bras;terrain hardcore
tabata_bras_groupe_45_min_expert;Tabata Bras Groupe 45 min;45 min;tabata;Expert;Groupe;Bras;terrain hardcore
tabata_bras_maison_10_min_expert;Tabata Bras Maison 10 min;10 min;tabata;Expert;Maison;Bras;terrain hardcore
tabata_bras_maison_15_min_expert;Tabata Bras Maison 15 min;15 min;tabata;Expert;Maison;Bras;terrain hardcore
tabata_bras_maison_20_min_expert;Tabata Bras Maison 20 min;20 min;tabata;Expert;Maison;Bras;terrain hardcore
tabata_bras_maison_25_min_expert;Tabata Bras Maison 25 min;25 min;tabata;Expert;Maison;Bras;terrain hardcore
tabata_bras_maison_30_min_expert;Tabata Bras Maison 30 min;30 min;tabata;Expert;Maison;Bras;terrain hardcore
tabata_bras_maison_45_min_expert;Tabata Bras Maison 45 min;45 min;tabata;Expert;Maison;Bras;terrain hardcore
tabata_bras_salle_10_min_expert;Tabata Bras Salle 10 min;10 min;tabata;Expert;Salle;Bras;terrain hardcore
tabata_bras_salle_15_min_expert;Tabata Bras Salle 15 min;15 min;tabata;Expert;Salle;Bras;terrain hardcore
tabata_bras_salle_20_min_expert;Tabata Bras Salle 20 min;20 min;tabata;Expert;Salle;Bras;terrain hardcore
tabata_bras_salle_25_min_expert;Tabata Bras Salle 25 min;25 min;tabata;Expert;Salle;Bras;terrain hardcore
tabata_bras_salle_30_min_expert;Tabata Bras Salle 30 min;30 min;tabata;Expert;Salle;Bras;terrain hardcore
tabata_bras_salle_45_min_expert;Tabata Bras Salle 45 min;45 min;tabata;Expert;Salle;Bras;terrain hardcore
tabata_bras_exterieur_10_min_expert;Tabata Bras Extérieur 10 min;10 min;tabata;Expert;Extérieur;Bras;terrain hardcore
tabata_bras_exterieur_15_min_expert;Tabata Bras Extérieur 15 min;15 min;tabata;Expert;Extérieur;Bras;terrain hardcore
tabata_bras_exterieur_20_min_expert;Tabata Bras Extérieur 20 min;20 min;tabata;Expert;Extérieur;Bras;terrain hardcore
tabata_bras_exterieur_25_min_expert;Tabata Bras Extérieur 25 min;25 min;tabata;Expert;Extérieur;Bras;terrain hardcore
tabata_bras_exterieur_30_min_expert;Tabata Bras Extérieur 30 min;30 min;tabata;Expert;Extérieur;Bras;terrain hardcore
tabata_bras_exterieur_45_min_expert;Tabata Bras Extérieur 45 min;45 min;tabata;Expert;Extérieur;Bras;terrain hardcore
tabata_bras_coach_10_min_expert;Tabata Bras Coach 10 min;10 min;tabata;Expert;Coach;Bras;terrain hardcore
tabata_bras_coach_15_min_expert;Tabata Bras Coach 15 min;15 min;tabata;Expert;Coach;Bras;terrain hardcore
tabata_bras_coach_20_min_expert;Tabata Bras Coach 20 min;20 min;tabata;Expert;Coach;Bras;terrain hardcore
tabata_bras_coach_25_min_expert;Tabata Bras Coach 25 min;25 min;tabata;Expert;Coach;Bras;terrain hardcore
tabata_bras_coach_30_min_expert;Tabata Bras Coach 30 min;30 min;tabata;Expert;Coach;Bras;terrain hardcore
tabata_bras_coach_45_min_expert;Tabata Bras Coach 45 min;45 min;tabata;Expert;Coach;Bras;terrain hardcore
tabata_jambes_fessiers_solo_10_min_debutant;Tabata Jambes & fessiers Solo 10 min;10 min;tabata;Débutant;Solo;Jambes & fessiers;terrain hardcore
tabata_jambes_fessiers_solo_15_min_debutant;Tabata Jambes & fessiers Solo 15 min;15 min;tabata;Débutant;Solo;Jambes & fessiers;terrain hardcore
tabata_jambes_fessiers_solo_20_min_debutant;Tabata Jambes & fessiers Solo 20 min;20 min;tabata;Débutant;Solo;Jambes & fessiers;terrain hardcore
tabata_jambes_fessiers_solo_25_min_debutant;Tabata Jambes & fessiers Solo 25 min;25 min;tabata;Débutant;Solo;Jambes & fessiers;terrain hardcore
tabata_jambes_fessiers_solo_30_min_debutant;Tabata Jambes & fessiers Solo 30 min;30 min;tabata;Débutant;Solo;Jambes & fessiers;terrain hardcore
tabata_jambes_fessiers_solo_45_min_debutant;Tabata Jambes & fessiers Solo 45 min;45 min;tabata;Débutant;Solo;Jambes & fessiers;terrain hardcore
tabata_jambes_fessiers_groupe_10_min_debutant;Tabata Jambes & fessiers Groupe 10 min;10 min;tabata;Débutant;Groupe;Jambes & fessiers;terrain hardcore
tabata_jambes_fessiers_groupe_15_min_debutant;Tabata Jambes & fessiers Groupe 15 min;15 min;tabata;Débutant;Groupe;Jambes & fessiers;terrain hardcore
tabata_jambes_fessiers_groupe_20_min_debutant;Tabata Jambes & fessiers Groupe 20 min;20 min;tabata;Débutant;Groupe;Jambes & fessiers;terrain hardcore
tabata_jambes_fessiers_groupe_25_min_debutant;Tabata Jambes & fessiers Groupe 25 min;25 min;tabata;Débutant;Groupe;Jambes & fessiers;terrain hardcore
tabata_jambes_fessiers_groupe_30_min_debutant;Tabata Jambes & fessiers Groupe 30 min;30 min;tabata;Débutant;Groupe;Jambes & fessiers;terrain hardcore
tabata_jambes_fessiers_groupe_45_min_debutant;Tabata Jambes & fessiers Groupe 45 min;45 min;tabata;Débutant;Groupe;Jambes & fessiers;terrain hardcore
tabata_jambes_fessiers_maison_10_min_debutant;Tabata Jambes & fessiers Maison 10 min;10 min;tabata;Débutant;Maison;Jambes & fessiers;terrain hardcore
tabata_jambes_fessiers_maison_15_min_debutant;Tabata Jambes & fessiers Maison 15 min;15 min;tabata;Débutant;Maison;Jambes & fessiers;terrain hardcore
tabata_jambes_fessiers_maison_20_min_debutant;Tabata Jambes & fessiers Maison 20 min;20 min;tabata;Débutant;Maison;Jambes & fessiers;terrain hardcore
tabata_jambes_fessiers_maison_25_min_debutant;Tabata Jambes & fessiers Maison 25 min;25 min;tabata;Débutant;Maison;Jambes & fessiers;terrain hardcore
tabata_jambes_fessiers_maison_30_min_debutant;Tabata Jambes & fessiers Maison 30 min;30 min;tabata;Débutant;Maison;Jambes & fessiers;terrain hardcore
tabata_jambes_fessiers_maison_45_min_debutant;Tabata Jambes & fessiers Maison 45 min;45 min;tabata;Débutant;Maison;Jambes & fessiers;terrain hardcore
tabata_jambes_fessiers_salle_10_min_debutant;Tabata Jambes & fessiers Salle 10 min;10 min;tabata;Débutant;Salle;Jambes & fessiers;terrain hardcore
tabata_jambes_fessiers_salle_15_min_debutant;Tabata Jambes & fessiers Salle 15 min;15 min;tabata;Débutant;Salle;Jambes & fessiers;terrain hardcore
tabata_jambes_fessiers_salle_20_min_debutant;Tabata Jambes & fessiers Salle 20 min;20 min;tabata;Débutant;Salle;Jambes & fessiers;terrain hardcore
tabata_jambes_fessiers_salle_25_min_debutant;Tabata Jambes & fessiers Salle 25 min;25 min;tabata;Débutant;Salle;Jambes & fessiers;terrain hardcore
tabata_jambes_fessiers_salle_30_min_debutant;Tabata Jambes & fessiers Salle 30 min;30 min;tabata;Débutant;Salle;Jambes & fessiers;terrain hardcore
tabata_jambes_fessiers_salle_45_min_debutant;Tabata Jambes & fessiers Salle 45 min;45 min;tabata;Débutant;Salle;Jambes & fessiers;terrain hardcore
tabata_jambes_fessiers_exterieur_10_min_debutant;Tabata Jambes & fessiers Extérieur 10 min;10 min;tabata;Débutant;Extérieur;Jambes & fessiers;terrain hardcore
tabata_jambes_fessiers_exterieur_15_min_debutant;Tabata Jambes & fessiers Extérieur 15 min;15 min;tabata;Débutant;Extérieur;Jambes & fessiers;terrain hardcore
tabata_jambes_fessiers_exterieur_20_min_debutant;Tabata Jambes & fessiers Extérieur 20 min;20 min;tabata;Débutant;Extérieur;Jambes & fessiers;terrain hardcore
tabata_jambes_fessiers_exterieur_25_min_debutant;Tabata Jambes & fessiers Extérieur 25 min;25 min;tabata;Débutant;Extérieur;Jambes & fessiers;terrain hardcore
tabata_jambes_fessiers_exterieur_30_min_debutant;Tabata Jambes & fessiers Extérieur 30 min;30 min;tabata;Débutant;Extérieur;Jambes & fessiers;terrain hardcore
tabata_jambes_fessiers_exterieur_45_min_debutant;Tabata Jambes & fessiers Extérieur 45 min;45 min;tabata;Débutant;Extérieur;Jambes & fessiers;terrain hardcore
tabata_jambes_fessiers_coach_10_min_debutant;Tabata Jambes & fessiers Coach 10 min;10 min;tabata;Débutant;Coach;Jambes & fessiers;terrain hardcore
tabata_jambes_fessiers_coach_15_min_debutant;Tabata Jambes & fessiers Coach 15 min;15 min;tabata;Débutant;Coach;Jambes & fessiers;terrain hardcore
tabata_jambes_fessiers_coach_20_min_debutant;Tabata Jambes & fessiers Coach 20 min;20 min;tabata;Débutant;Coach;Jambes & fessiers;terrain hardcore
tabata_jambes_fessiers_coach_25_min_debutant;Tabata Jambes & fessiers Coach 25 min;25 min;tabata;Débutant;Coach;Jambes & fessiers;terrain hardcore
tabata_jambes_fessiers_coach_30_min_debutant;Tabata Jambes & fessiers Coach 30 min;30 min;tabata;Débutant;Coach;Jambes & fessiers;terrain hardcore
tabata_jambes_fessiers_coach_45_min_debutant;Tabata Jambes & fessiers Coach 45 min;45 min;tabata;Débutant;Coach;Jambes & fessiers;terrain hardcore
tabata_jambes_fessiers_solo_10_min_intermediaire;Tabata Jambes & fessiers Solo 10 min;10 min;tabata;Intermédiaire;Solo;Jambes & fessiers;terrain hardcore
tabata_jambes_fessiers_solo_15_min_intermediaire;Tabata Jambes & fessiers Solo 15 min;15 min;tabata;Intermédiaire;Solo;Jambes & fessiers;terrain hardcore
tabata_jambes_fessiers_solo_20_min_intermediaire;Tabata Jambes & fessiers Solo 20 min;20 min;tabata;Intermédiaire;Solo;Jambes & fessiers;terrain hardcore
tabata_jambes_fessiers_solo_25_min_intermediaire;Tabata Jambes & fessiers Solo 25 min;25 min;tabata;Intermédiaire;Solo;Jambes & fessiers;terrain hardcore
tabata_jambes_fessiers_solo_30_min_intermediaire;Tabata Jambes & fessiers Solo 30 min;30 min;tabata;Intermédiaire;Solo;Jambes & fessiers;terrain hardcore
tabata_jambes_fessiers_solo_45_min_intermediaire;Tabata Jambes & fessiers Solo 45 min;45 min;tabata;Intermédiaire;Solo;Jambes & fessiers;terrain hardcore
tabata_jambes_fessiers_groupe_10_min_intermediaire;Tabata Jambes & fessiers Groupe 10 min;10 min;tabata;Intermédiaire;Groupe;Jambes & fessiers;terrain hardcore
tabata_jambes_fessiers_groupe_15_min_intermediaire;Tabata Jambes & fessiers Groupe 15 min;15 min;tabata;Intermédiaire;Groupe;Jambes & fessiers;terrain hardcore
tabata_jambes_fessiers_groupe_20_min_intermediaire;Tabata Jambes & fessiers Groupe 20 min;20 min;tabata;Intermédiaire;Groupe;Jambes & fessiers;terrain hardcore
tabata_jambes_fessiers_groupe_25_min_intermediaire;Tabata Jambes & fessiers Groupe 25 min;25 min;tabata;Intermédiaire;Groupe;Jambes & fessiers;terrain hardcore
tabata_jambes_fessiers_groupe_30_min_intermediaire;Tabata Jambes & fessiers Groupe 30 min;30 min;tabata;Intermédiaire;Groupe;Jambes & fessiers;terrain hardcore
tabata_jambes_fessiers_groupe_45_min_intermediaire;Tabata Jambes & fessiers Groupe 45 min;45 min;tabata;Intermédiaire;Groupe;Jambes & fessiers;terrain hardcore
tabata_jambes_fessiers_maison_10_min_intermediaire;Tabata Jambes & fessiers Maison 10 min;10 min;tabata;Intermédiaire;Maison;Jambes & fessiers;terrain hardcore
tabata_jambes_fessiers_maison_15_min_intermediaire;Tabata Jambes & fessiers Maison 15 min;15 min;tabata;Intermédiaire;Maison;Jambes & fessiers;terrain hardcore
tabata_jambes_fessiers_maison_20_min_intermediaire;Tabata Jambes & fessiers Maison 20 min;20 min;tabata;Intermédiaire;Maison;Jambes & fessiers;terrain hardcore
tabata_jambes_fessiers_maison_25_min_intermediaire;Tabata Jambes & fessiers Maison 25 min;25 min;tabata;Intermédiaire;Maison;Jambes & fessiers;terrain hardcore
tabata_jambes_fessiers_maison_30_min_intermediaire;Tabata Jambes & fessiers Maison 30 min;30 min;tabata;Intermédiaire;Maison;Jambes & fessiers;terrain hardcore
tabata_jambes_fessiers_maison_45_min_intermediaire;Tabata Jambes & fessiers Maison 45 min;45 min;tabata;Intermédiaire;Maison;Jambes & fessiers;terrain hardcore
tabata_jambes_fessiers_salle_10_min_intermediaire;Tabata Jambes & fessiers Salle 10 min;10 min;tabata;Intermédiaire;Salle;Jambes & fessiers;terrain hardcore
tabata_jambes_fessiers_salle_15_min_intermediaire;Tabata Jambes & fessiers Salle 15 min;15 min;tabata;Intermédiaire;Salle;Jambes & fessiers;terrain hardcore
tabata_jambes_fessiers_salle_20_min_intermediaire;Tabata Jambes & fessiers Salle 20 min;20 min;tabata;Intermédiaire;Salle;Jambes & fessiers;terrain hardcore
tabata_jambes_fessiers_salle_25_min_intermediaire;Tabata Jambes & fessiers Salle 25 min;25 min;tabata;Intermédiaire;Salle;Jambes & fessiers;terrain hardcore
tabata_jambes_fessiers_salle_30_min_intermediaire;Tabata Jambes & fessiers Salle 30 min;30 min;tabata;Intermédiaire;Salle;Jambes & fessiers;terrain hardcore
tabata_jambes_fessiers_salle_45_min_intermediaire;Tabata Jambes & fessiers Salle 45 min;45 min;tabata;Intermédiaire;Salle;Jambes & fessiers;terrain hardcore
tabata_jambes_fessiers_exterieur_10_min_intermediaire;Tabata Jambes & fessiers Extérieur 10 min;10 min;tabata;Intermédiaire;Extérieur;Jambes & fessiers;terrain hardcore
tabata_jambes_fessiers_exterieur_15_min_intermediaire;Tabata Jambes & fessiers Extérieur 15 min;15 min;tabata;Intermédiaire;Extérieur;Jambes & fessiers;terrain hardcore
tabata_jambes_fessiers_exterieur_20_min_intermediaire;Tabata Jambes & fessiers Extérieur 20 min;20 min;tabata;Intermédiaire;Extérieur;Jambes & fessiers;terrain hardcore
tabata_jambes_fessiers_exterieur_25_min_intermediaire;Tabata Jambes & fessiers Extérieur 25 min;25 min;tabata;Intermédiaire;Extérieur;Jambes & fessiers;terrain hardcore
tabata_jambes_fessiers_exterieur_30_min_intermediaire;Tabata Jambes & fessiers Extérieur 30 min;30 min;tabata;Intermédiaire;Extérieur;Jambes & fessiers;terrain hardcore
tabata_jambes_fessiers_exterieur_45_min_intermediaire;Tabata Jambes & fessiers Extérieur 45 min;45 min;tabata;Intermédiaire;Extérieur;Jambes & fessiers;terrain hardcore
tabata_jambes_fessiers_coach_10_min_intermediaire;Tabata Jambes & fessiers Coach 10 min;10 min;tabata;Intermédiaire;Coach;Jambes & fessiers;terrain hardcore
tabata_jambes_fessiers_coach_15_min_intermediaire;Tabata Jambes & fessiers Coach 15 min;15 min;tabata;Intermédiaire;Coach;Jambes & fessiers;terrain hardcore
tabata_jambes_fessiers_coach_20_min_intermediaire;Tabata Jambes & fessiers Coach 20 min;20 min;tabata;Intermédiaire;Coach;Jambes & fessiers;terrain hardcore
tabata_jambes_fessiers_coach_25_min_intermediaire;Tabata Jambes & fessiers Coach 25 min;25 min;tabata;Intermédiaire;Coach;Jambes & fessiers;terrain hardcore
tabata_jambes_fessiers_coach_30_min_intermediaire;Tabata Jambes & fessiers Coach 30 min;30 min;tabata;Intermédiaire;Coach;Jambes & fessiers;terrain hardcore
tabata_jambes_fessiers_coach_45_min_intermediaire;Tabata Jambes & fessiers Coach 45 min;45 min;tabata;Intermédiaire;Coach;Jambes & fessiers;terrain hardcore
tabata_jambes_fessiers_solo_10_min_avance;Tabata Jambes & fessiers Solo 10 min;10 min;tabata;Avancé;Solo;Jambes & fessiers;terrain hardcore
tabata_jambes_fessiers_solo_15_min_avance;Tabata Jambes & fessiers Solo 15 min;15 min;tabata;Avancé;Solo;Jambes & fessiers;terrain hardcore
tabata_jambes_fessiers_solo_20_min_avance;Tabata Jambes & fessiers Solo 20 min;20 min;tabata;Avancé;Solo;Jambes & fessiers;terrain hardcore
tabata_jambes_fessiers_solo_25_min_avance;Tabata Jambes & fessiers Solo 25 min;25 min;tabata;Avancé;Solo;Jambes & fessiers;terrain hardcore
tabata_jambes_fessiers_solo_30_min_avance;Tabata Jambes & fessiers Solo 30 min;30 min;tabata;Avancé;Solo;Jambes & fessiers;terrain hardcore
tabata_jambes_fessiers_solo_45_min_avance;Tabata Jambes & fessiers Solo 45 min;45 min;tabata;Avancé;Solo;Jambes & fessiers;terrain hardcore
tabata_jambes_fessiers_groupe_10_min_avance;Tabata Jambes & fessiers Groupe 10 min;10 min;tabata;Avancé;Groupe;Jambes & fessiers;terrain hardcore
tabata_jambes_fessiers_groupe_15_min_avance;Tabata Jambes & fessiers Groupe 15 min;15 min;tabata;Avancé;Groupe;Jambes & fessiers;terrain hardcore
tabata_jambes_fessiers_groupe_20_min_avance;Tabata Jambes & fessiers Groupe 20 min;20 min;tabata;Avancé;Groupe;Jambes & fessiers;terrain hardcore
tabata_jambes_fessiers_groupe_25_min_avance;Tabata Jambes & fessiers Groupe 25 min;25 min;tabata;Avancé;Groupe;Jambes & fessiers;terrain hardcore
tabata_jambes_fessiers_groupe_30_min_avance;Tabata Jambes & fessiers Groupe 30 min;30 min;tabata;Avancé;Groupe;Jambes & fessiers;terrain hardcore
tabata_jambes_fessiers_groupe_45_min_avance;Tabata Jambes & fessiers Groupe 45 min;45 min;tabata;Avancé;Groupe;Jambes & fessiers;terrain hardcore
tabata_jambes_fessiers_maison_10_min_avance;Tabata Jambes & fessiers Maison 10 min;10 min;tabata;Avancé;Maison;Jambes & fessiers;terrain hardcore
tabata_jambes_fessiers_maison_15_min_avance;Tabata Jambes & fessiers Maison 15 min;15 min;tabata;Avancé;Maison;Jambes & fessiers;terrain hardcore
tabata_jambes_fessiers_maison_20_min_avance;Tabata Jambes & fessiers Maison 20 min;20 min;tabata;Avancé;Maison;Jambes & fessiers;terrain hardcore
tabata_jambes_fessiers_maison_25_min_avance;Tabata Jambes & fessiers Maison 25 min;25 min;tabata;Avancé;Maison;Jambes & fessiers;terrain hardcore
tabata_jambes_fessiers_maison_30_min_avance;Tabata Jambes & fessiers Maison 30 min;30 min;tabata;Avancé;Maison;Jambes & fessiers;terrain hardcore
tabata_jambes_fessiers_maison_45_min_avance;Tabata Jambes & fessiers Maison 45 min;45 min;tabata;Avancé;Maison;Jambes & fessiers;terrain hardcore
tabata_jambes_fessiers_salle_10_min_avance;Tabata Jambes & fessiers Salle 10 min;10 min;tabata;Avancé;Salle;Jambes & fessiers;terrain hardcore
tabata_jambes_fessiers_salle_15_min_avance;Tabata Jambes & fessiers Salle 15 min;15 min;tabata;Avancé;Salle;Jambes & fessiers;terrain hardcore
tabata_jambes_fessiers_salle_20_min_avance;Tabata Jambes & fessiers Salle 20 min;20 min;tabata;Avancé;Salle;Jambes & fessiers;terrain hardcore
tabata_jambes_fessiers_salle_25_min_avance;Tabata Jambes & fessiers Salle 25 min;25 min;tabata;Avancé;Salle;Jambes & fessiers;terrain hardcore
tabata_jambes_fessiers_salle_30_min_avance;Tabata Jambes & fessiers Salle 30 min;30 min;tabata;Avancé;Salle;Jambes & fessiers;terrain hardcore
tabata_jambes_fessiers_salle_45_min_avance;Tabata Jambes & fessiers Salle 45 min;45 min;tabata;Avancé;Salle;Jambes & fessiers;terrain hardcore
tabata_jambes_fessiers_exterieur_10_min_avance;Tabata Jambes & fessiers Extérieur 10 min;10 min;tabata;Avancé;Extérieur;Jambes & fessiers;terrain hardcore
tabata_jambes_fessiers_exterieur_15_min_avance;Tabata Jambes & fessiers Extérieur 15 min;15 min;tabata;Avancé;Extérieur;Jambes & fessiers;terrain hardcore
tabata_jambes_fessiers_exterieur_20_min_avance;Tabata Jambes & fessiers Extérieur 20 min;20 min;tabata;Avancé;Extérieur;Jambes & fessiers;terrain hardcore
tabata_jambes_fessiers_exterieur_25_min_avance;Tabata Jambes & fessiers Extérieur 25 min;25 min;tabata;Avancé;Extérieur;Jambes & fessiers;terrain hardcore
tabata_jambes_fessiers_exterieur_30_min_avance;Tabata Jambes & fessiers Extérieur 30 min;30 min;tabata;Avancé;Extérieur;Jambes & fessiers;terrain hardcore
tabata_jambes_fessiers_exterieur_45_min_avance;Tabata Jambes & fessiers Extérieur 45 min;45 min;tabata;Avancé;Extérieur;Jambes & fessiers;terrain hardcore
tabata_jambes_fessiers_coach_10_min_avance;Tabata Jambes & fessiers Coach 10 min;10 min;tabata;Avancé;Coach;Jambes & fessiers;terrain hardcore
tabata_jambes_fessiers_coach_15_min_avance;Tabata Jambes & fessiers Coach 15 min;15 min;tabata;Avancé;Coach;Jambes & fessiers;terrain hardcore
tabata_jambes_fessiers_coach_20_min_avance;Tabata Jambes & fessiers Coach 20 min;20 min;tabata;Avancé;Coach;Jambes & fessiers;terrain hardcore
tabata_jambes_fessiers_coach_25_min_avance;Tabata Jambes & fessiers Coach 25 min;25 min;tabata;Avancé;Coach;Jambes & fessiers;terrain hardcore
tabata_jambes_fessiers_coach_30_min_avance;Tabata Jambes & fessiers Coach 30 min;30 min;tabata;Avancé;Coach;Jambes & fessiers;terrain hardcore
tabata_jambes_fessiers_coach_45_min_avance;Tabata Jambes & fessiers Coach 45 min;45 min;tabata;Avancé;Coach;Jambes & fessiers;terrain hardcore
tabata_jambes_fessiers_solo_10_min_expert;Tabata Jambes & fessiers Solo 10 min;10 min;tabata;Expert;Solo;Jambes & fessiers;terrain hardcore
tabata_jambes_fessiers_solo_15_min_expert;Tabata Jambes & fessiers Solo 15 min;15 min;tabata;Expert;Solo;Jambes & fessiers;terrain hardcore
tabata_jambes_fessiers_solo_20_min_expert;Tabata Jambes & fessiers Solo 20 min;20 min;tabata;Expert;Solo;Jambes & fessiers;terrain hardcore
tabata_jambes_fessiers_solo_25_min_expert;Tabata Jambes & fessiers Solo 25 min;25 min;tabata;Expert;Solo;Jambes & fessiers;terrain hardcore
tabata_jambes_fessiers_solo_30_min_expert;Tabata Jambes & fessiers Solo 30 min;30 min;tabata;Expert;Solo;Jambes & fessiers;terrain hardcore
tabata_jambes_fessiers_solo_45_min_expert;Tabata Jambes & fessiers Solo 45 min;45 min;tabata;Expert;Solo;Jambes & fessiers;terrain hardcore
tabata_jambes_fessiers_groupe_10_min_expert;Tabata Jambes & fessiers Groupe 10 min;10 min;tabata;Expert;Groupe;Jambes & fessiers;terrain hardcore
tabata_jambes_fessiers_groupe_15_min_expert;Tabata Jambes & fessiers Groupe 15 min;15 min;tabata;Expert;Groupe;Jambes & fessiers;terrain hardcore
tabata_jambes_fessiers_groupe_20_min_expert;Tabata Jambes & fessiers Groupe 20 min;20 min;tabata;Expert;Groupe;Jambes & fessiers;terrain hardcore
tabata_jambes_fessiers_groupe_25_min_expert;Tabata Jambes & fessiers Groupe 25 min;25 min;tabata;Expert;Groupe;Jambes & fessiers;terrain hardcore
tabata_jambes_fessiers_groupe_30_min_expert;Tabata Jambes & fessiers Groupe 30 min;30 min;tabata;Expert;Groupe;Jambes & fessiers;terrain hardcore
tabata_jambes_fessiers_groupe_45_min_expert;Tabata Jambes & fessiers Groupe 45 min;45 min;tabata;Expert;Groupe;Jambes & fessiers;terrain hardcore
tabata_jambes_fessiers_maison_10_min_expert;Tabata Jambes & fessiers Maison 10 min;10 min;tabata;Expert;Maison;Jambes & fessiers;terrain hardcore
tabata_jambes_fessiers_maison_15_min_expert;Tabata Jambes & fessiers Maison 15 min;15 min;tabata;Expert;Maison;Jambes & fessiers;terrain hardcore
tabata_jambes_fessiers_maison_20_min_expert;Tabata Jambes & fessiers Maison 20 min;20 min;tabata;Expert;Maison;Jambes & fessiers;terrain hardcore
tabata_jambes_fessiers_maison_25_min_expert;Tabata Jambes & fessiers Maison 25 min;25 min;tabata;Expert;Maison;Jambes & fessiers;terrain hardcore
tabata_jambes_fessiers_maison_30_min_expert;Tabata Jambes & fessiers Maison 30 min;30 min;tabata;Expert;Maison;Jambes & fessiers;terrain hardcore
tabata_jambes_fessiers_maison_45_min_expert;Tabata Jambes & fessiers Maison 45 min;45 min;tabata;Expert;Maison;Jambes & fessiers;terrain hardcore
tabata_jambes_fessiers_salle_10_min_expert;Tabata Jambes & fessiers Salle 10 min;10 min;tabata;Expert;Salle;Jambes & fessiers;terrain hardcore
tabata_jambes_fessiers_salle_15_min_expert;Tabata Jambes & fessiers Salle 15 min;15 min;tabata;Expert;Salle;Jambes & fessiers;terrain hardcore
tabata_jambes_fessiers_salle_20_min_expert;Tabata Jambes & fessiers Salle 20 min;20 min;tabata;Expert;Salle;Jambes & fessiers;terrain hardcore
tabata_jambes_fessiers_salle_25_min_expert;Tabata Jambes & fessiers Salle 25 min;25 min;tabata;Expert;Salle;Jambes & fessiers;terrain hardcore
tabata_jambes_fessiers_salle_30_min_expert;Tabata Jambes & fessiers Salle 30 min;30 min;tabata;Expert;Salle;Jambes & fessiers;terrain hardcore
tabata_jambes_fessiers_salle_45_min_expert;Tabata Jambes & fessiers Salle 45 min;45 min;tabata;Expert;Salle;Jambes & fessiers;terrain hardcore
tabata_jambes_fessiers_exterieur_10_min_expert;Tabata Jambes & fessiers Extérieur 10 min;10 min;tabata;Expert;Extérieur;Jambes & fessiers;terrain hardcore
tabata_jambes_fessiers_exterieur_15_min_expert;Tabata Jambes & fessiers Extérieur 15 min;15 min;tabata;Expert;Extérieur;Jambes & fessiers;terrain hardcore
tabata_jambes_fessiers_exterieur_20_min_expert;Tabata Jambes & fessiers Extérieur 20 min;20 min;tabata;Expert;Extérieur;Jambes & fessiers;terrain hardcore
tabata_jambes_fessiers_exterieur_25_min_expert;Tabata Jambes & fessiers Extérieur 25 min;25 min;tabata;Expert;Extérieur;Jambes & fessiers;terrain hardcore
tabata_jambes_fessiers_exterieur_30_min_expert;Tabata Jambes & fessiers Extérieur 30 min;30 min;tabata;Expert;Extérieur;Jambes & fessiers;terrain hardcore
tabata_jambes_fessiers_exterieur_45_min_expert;Tabata Jambes & fessiers Extérieur 45 min;45 min;tabata;Expert;Extérieur;Jambes & fessiers;terrain hardcore
tabata_jambes_fessiers_coach_10_min_expert;Tabata Jambes & fessiers Coach 10 min;10 min;tabata;Expert;Coach;Jambes & fessiers;terrain hardcore
tabata_jambes_fessiers_coach_15_min_expert;Tabata Jambes & fessiers Coach 15 min;15 min;tabata;Expert;Coach;Jambes & fessiers;terrain hardcore
tabata_jambes_fessiers_coach_20_min_expert;Tabata Jambes & fessiers Coach 20 min;20 min;tabata;Expert;Coach;Jambes & fessiers;terrain hardcore
tabata_jambes_fessiers_coach_25_min_expert;Tabata Jambes & fessiers Coach 25 min;25 min;tabata;Expert;Coach;Jambes & fessiers;terrain hardcore
tabata_jambes_fessiers_coach_30_min_expert;Tabata Jambes & fessiers Coach 30 min;30 min;tabata;Expert;Coach;Jambes & fessiers;terrain hardcore
tabata_jambes_fessiers_coach_45_min_expert;Tabata Jambes & fessiers Coach 45 min;45 min;tabata;Expert;Coach;Jambes & fessiers;terrain hardcore
tabata_abdos_core_solo_10_min_debutant;Tabata Abdos / Core Solo 10 min;10 min;tabata;Débutant;Solo;Abdos / Core;terrain hardcore
tabata_abdos_core_solo_15_min_debutant;Tabata Abdos / Core Solo 15 min;15 min;tabata;Débutant;Solo;Abdos / Core;terrain hardcore
tabata_abdos_core_solo_20_min_debutant;Tabata Abdos / Core Solo 20 min;20 min;tabata;Débutant;Solo;Abdos / Core;terrain hardcore
tabata_abdos_core_solo_25_min_debutant;Tabata Abdos / Core Solo 25 min;25 min;tabata;Débutant;Solo;Abdos / Core;terrain hardcore
tabata_abdos_core_solo_30_min_debutant;Tabata Abdos / Core Solo 30 min;30 min;tabata;Débutant;Solo;Abdos / Core;terrain hardcore
tabata_abdos_core_solo_45_min_debutant;Tabata Abdos / Core Solo 45 min;45 min;tabata;Débutant;Solo;Abdos / Core;terrain hardcore
tabata_abdos_core_groupe_10_min_debutant;Tabata Abdos / Core Groupe 10 min;10 min;tabata;Débutant;Groupe;Abdos / Core;terrain hardcore
tabata_abdos_core_groupe_15_min_debutant;Tabata Abdos / Core Groupe 15 min;15 min;tabata;Débutant;Groupe;Abdos / Core;terrain hardcore
tabata_abdos_core_groupe_20_min_debutant;Tabata Abdos / Core Groupe 20 min;20 min;tabata;Débutant;Groupe;Abdos / Core;terrain hardcore
tabata_abdos_core_groupe_25_min_debutant;Tabata Abdos / Core Groupe 25 min;25 min;tabata;Débutant;Groupe;Abdos / Core;terrain hardcore
tabata_abdos_core_groupe_30_min_debutant;Tabata Abdos / Core Groupe 30 min;30 min;tabata;Débutant;Groupe;Abdos / Core;terrain hardcore
tabata_abdos_core_groupe_45_min_debutant;Tabata Abdos / Core Groupe 45 min;45 min;tabata;Débutant;Groupe;Abdos / Core;terrain hardcore
tabata_abdos_core_maison_10_min_debutant;Tabata Abdos / Core Maison 10 min;10 min;tabata;Débutant;Maison;Abdos / Core;terrain hardcore
tabata_abdos_core_maison_15_min_debutant;Tabata Abdos / Core Maison 15 min;15 min;tabata;Débutant;Maison;Abdos / Core;terrain hardcore
tabata_abdos_core_maison_20_min_debutant;Tabata Abdos / Core Maison 20 min;20 min;tabata;Débutant;Maison;Abdos / Core;terrain hardcore
tabata_abdos_core_maison_25_min_debutant;Tabata Abdos / Core Maison 25 min;25 min;tabata;Débutant;Maison;Abdos / Core;terrain hardcore
tabata_abdos_core_maison_30_min_debutant;Tabata Abdos / Core Maison 30 min;30 min;tabata;Débutant;Maison;Abdos / Core;terrain hardcore
tabata_abdos_core_maison_45_min_debutant;Tabata Abdos / Core Maison 45 min;45 min;tabata;Débutant;Maison;Abdos / Core;terrain hardcore
tabata_abdos_core_salle_10_min_debutant;Tabata Abdos / Core Salle 10 min;10 min;tabata;Débutant;Salle;Abdos / Core;terrain hardcore
tabata_abdos_core_salle_15_min_debutant;Tabata Abdos / Core Salle 15 min;15 min;tabata;Débutant;Salle;Abdos / Core;terrain hardcore
tabata_abdos_core_salle_20_min_debutant;Tabata Abdos / Core Salle 20 min;20 min;tabata;Débutant;Salle;Abdos / Core;terrain hardcore
tabata_abdos_core_salle_25_min_debutant;Tabata Abdos / Core Salle 25 min;25 min;tabata;Débutant;Salle;Abdos / Core;terrain hardcore
tabata_abdos_core_salle_30_min_debutant;Tabata Abdos / Core Salle 30 min;30 min;tabata;Débutant;Salle;Abdos / Core;terrain hardcore
tabata_abdos_core_salle_45_min_debutant;Tabata Abdos / Core Salle 45 min;45 min;tabata;Débutant;Salle;Abdos / Core;terrain hardcore
tabata_abdos_core_exterieur_10_min_debutant;Tabata Abdos / Core Extérieur 10 min;10 min;tabata;Débutant;Extérieur;Abdos / Core;terrain hardcore
tabata_abdos_core_exterieur_15_min_debutant;Tabata Abdos / Core Extérieur 15 min;15 min;tabata;Débutant;Extérieur;Abdos / Core;terrain hardcore
tabata_abdos_core_exterieur_20_min_debutant;Tabata Abdos / Core Extérieur 20 min;20 min;tabata;Débutant;Extérieur;Abdos / Core;terrain hardcore
tabata_abdos_core_exterieur_25_min_debutant;Tabata Abdos / Core Extérieur 25 min;25 min;tabata;Débutant;Extérieur;Abdos / Core;terrain hardcore
tabata_abdos_core_exterieur_30_min_debutant;Tabata Abdos / Core Extérieur 30 min;30 min;tabata;Débutant;Extérieur;Abdos / Core;terrain hardcore
tabata_abdos_core_exterieur_45_min_debutant;Tabata Abdos / Core Extérieur 45 min;45 min;tabata;Débutant;Extérieur;Abdos / Core;terrain hardcore
tabata_abdos_core_coach_10_min_debutant;Tabata Abdos / Core Coach 10 min;10 min;tabata;Débutant;Coach;Abdos / Core;terrain hardcore
tabata_abdos_core_coach_15_min_debutant;Tabata Abdos / Core Coach 15 min;15 min;tabata;Débutant;Coach;Abdos / Core;terrain hardcore
tabata_abdos_core_coach_20_min_debutant;Tabata Abdos / Core Coach 20 min;20 min;tabata;Débutant;Coach;Abdos / Core;terrain hardcore
tabata_abdos_core_coach_25_min_debutant;Tabata Abdos / Core Coach 25 min;25 min;tabata;Débutant;Coach;Abdos / Core;terrain hardcore
tabata_abdos_core_coach_30_min_debutant;Tabata Abdos / Core Coach 30 min;30 min;tabata;Débutant;Coach;Abdos / Core;terrain hardcore
tabata_abdos_core_coach_45_min_debutant;Tabata Abdos / Core Coach 45 min;45 min;tabata;Débutant;Coach;Abdos / Core;terrain hardcore
tabata_abdos_core_solo_10_min_intermediaire;Tabata Abdos / Core Solo 10 min;10 min;tabata;Intermédiaire;Solo;Abdos / Core;terrain hardcore
tabata_abdos_core_solo_15_min_intermediaire;Tabata Abdos / Core Solo 15 min;15 min;tabata;Intermédiaire;Solo;Abdos / Core;terrain hardcore
tabata_abdos_core_solo_20_min_intermediaire;Tabata Abdos / Core Solo 20 min;20 min;tabata;Intermédiaire;Solo;Abdos / Core;terrain hardcore
tabata_abdos_core_solo_25_min_intermediaire;Tabata Abdos / Core Solo 25 min;25 min;tabata;Intermédiaire;Solo;Abdos / Core;terrain hardcore
tabata_abdos_core_solo_30_min_intermediaire;Tabata Abdos / Core Solo 30 min;30 min;tabata;Intermédiaire;Solo;Abdos / Core;terrain hardcore
tabata_abdos_core_solo_45_min_intermediaire;Tabata Abdos / Core Solo 45 min;45 min;tabata;Intermédiaire;Solo;Abdos / Core;terrain hardcore
tabata_abdos_core_groupe_10_min_intermediaire;Tabata Abdos / Core Groupe 10 min;10 min;tabata;Intermédiaire;Groupe;Abdos / Core;terrain hardcore
tabata_abdos_core_groupe_15_min_intermediaire;Tabata Abdos / Core Groupe 15 min;15 min;tabata;Intermédiaire;Groupe;Abdos / Core;terrain hardcore
tabata_abdos_core_groupe_20_min_intermediaire;Tabata Abdos / Core Groupe 20 min;20 min;tabata;Intermédiaire;Groupe;Abdos / Core;terrain hardcore
tabata_abdos_core_groupe_25_min_intermediaire;Tabata Abdos / Core Groupe 25 min;25 min;tabata;Intermédiaire;Groupe;Abdos / Core;terrain hardcore
tabata_abdos_core_groupe_30_min_intermediaire;Tabata Abdos / Core Groupe 30 min;30 min;tabata;Intermédiaire;Groupe;Abdos / Core;terrain hardcore
tabata_abdos_core_groupe_45_min_intermediaire;Tabata Abdos / Core Groupe 45 min;45 min;tabata;Intermédiaire;Groupe;Abdos / Core;terrain hardcore
tabata_abdos_core_maison_10_min_intermediaire;Tabata Abdos / Core Maison 10 min;10 min;tabata;Intermédiaire;Maison;Abdos / Core;terrain hardcore
tabata_abdos_core_maison_15_min_intermediaire;Tabata Abdos / Core Maison 15 min;15 min;tabata;Intermédiaire;Maison;Abdos / Core;terrain hardcore
tabata_abdos_core_maison_20_min_intermediaire;Tabata Abdos / Core Maison 20 min;20 min;tabata;Intermédiaire;Maison;Abdos / Core;terrain hardcore
tabata_abdos_core_maison_25_min_intermediaire;Tabata Abdos / Core Maison 25 min;25 min;tabata;Intermédiaire;Maison;Abdos / Core;terrain hardcore
tabata_abdos_core_maison_30_min_intermediaire;Tabata Abdos / Core Maison 30 min;30 min;tabata;Intermédiaire;Maison;Abdos / Core;terrain hardcore
tabata_abdos_core_maison_45_min_intermediaire;Tabata Abdos / Core Maison 45 min;45 min;tabata;Intermédiaire;Maison;Abdos / Core;terrain hardcore
tabata_abdos_core_salle_10_min_intermediaire;Tabata Abdos / Core Salle 10 min;10 min;tabata;Intermédiaire;Salle;Abdos / Core;terrain hardcore
tabata_abdos_core_salle_15_min_intermediaire;Tabata Abdos / Core Salle 15 min;15 min;tabata;Intermédiaire;Salle;Abdos / Core;terrain hardcore
tabata_abdos_core_salle_20_min_intermediaire;Tabata Abdos / Core Salle 20 min;20 min;tabata;Intermédiaire;Salle;Abdos / Core;terrain hardcore
tabata_abdos_core_salle_25_min_intermediaire;Tabata Abdos / Core Salle 25 min;25 min;tabata;Intermédiaire;Salle;Abdos / Core;terrain hardcore
tabata_abdos_core_salle_30_min_intermediaire;Tabata Abdos / Core Salle 30 min;30 min;tabata;Intermédiaire;Salle;Abdos / Core;terrain hardcore
tabata_abdos_core_salle_45_min_intermediaire;Tabata Abdos / Core Salle 45 min;45 min;tabata;Intermédiaire;Salle;Abdos / Core;terrain hardcore
tabata_abdos_core_exterieur_10_min_intermediaire;Tabata Abdos / Core Extérieur 10 min;10 min;tabata;Intermédiaire;Extérieur;Abdos / Core;terrain hardcore
tabata_abdos_core_exterieur_15_min_intermediaire;Tabata Abdos / Core Extérieur 15 min;15 min;tabata;Intermédiaire;Extérieur;Abdos / Core;terrain hardcore
tabata_abdos_core_exterieur_20_min_intermediaire;Tabata Abdos / Core Extérieur 20 min;20 min;tabata;Intermédiaire;Extérieur;Abdos / Core;terrain hardcore
tabata_abdos_core_exterieur_25_min_intermediaire;Tabata Abdos / Core Extérieur 25 min;25 min;tabata;Intermédiaire;Extérieur;Abdos / Core;terrain hardcore
tabata_abdos_core_exterieur_30_min_intermediaire;Tabata Abdos / Core Extérieur 30 min;30 min;tabata;Intermédiaire;Extérieur;Abdos / Core;terrain hardcore
tabata_abdos_core_exterieur_45_min_intermediaire;Tabata Abdos / Core Extérieur 45 min;45 min;tabata;Intermédiaire;Extérieur;Abdos / Core;terrain hardcore
tabata_abdos_core_coach_10_min_intermediaire;Tabata Abdos / Core Coach 10 min;10 min;tabata;Intermédiaire;Coach;Abdos / Core;terrain hardcore
tabata_abdos_core_coach_15_min_intermediaire;Tabata Abdos / Core Coach 15 min;15 min;tabata;Intermédiaire;Coach;Abdos / Core;terrain hardcore
tabata_abdos_core_coach_20_min_intermediaire;Tabata Abdos / Core Coach 20 min;20 min;tabata;Intermédiaire;Coach;Abdos / Core;terrain hardcore
tabata_abdos_core_coach_25_min_intermediaire;Tabata Abdos / Core Coach 25 min;25 min;tabata;Intermédiaire;Coach;Abdos / Core;terrain hardcore
tabata_abdos_core_coach_30_min_intermediaire;Tabata Abdos / Core Coach 30 min;30 min;tabata;Intermédiaire;Coach;Abdos / Core;terrain hardcore
tabata_abdos_core_coach_45_min_intermediaire;Tabata Abdos / Core Coach 45 min;45 min;tabata;Intermédiaire;Coach;Abdos / Core;terrain hardcore
tabata_abdos_core_solo_10_min_avance;Tabata Abdos / Core Solo 10 min;10 min;tabata;Avancé;Solo;Abdos / Core;terrain hardcore
tabata_abdos_core_solo_15_min_avance;Tabata Abdos / Core Solo 15 min;15 min;tabata;Avancé;Solo;Abdos / Core;terrain hardcore
tabata_abdos_core_solo_20_min_avance;Tabata Abdos / Core Solo 20 min;20 min;tabata;Avancé;Solo;Abdos / Core;terrain hardcore
tabata_abdos_core_solo_25_min_avance;Tabata Abdos / Core Solo 25 min;25 min;tabata;Avancé;Solo;Abdos / Core;terrain hardcore
tabata_abdos_core_solo_30_min_avance;Tabata Abdos / Core Solo 30 min;30 min;tabata;Avancé;Solo;Abdos / Core;terrain hardcore
tabata_abdos_core_solo_45_min_avance;Tabata Abdos / Core Solo 45 min;45 min;tabata;Avancé;Solo;Abdos / Core;terrain hardcore
tabata_abdos_core_groupe_10_min_avance;Tabata Abdos / Core Groupe 10 min;10 min;tabata;Avancé;Groupe;Abdos / Core;terrain hardcore
tabata_abdos_core_groupe_15_min_avance;Tabata Abdos / Core Groupe 15 min;15 min;tabata;Avancé;Groupe;Abdos / Core;terrain hardcore
tabata_abdos_core_groupe_20_min_avance;Tabata Abdos / Core Groupe 20 min;20 min;tabata;Avancé;Groupe;Abdos / Core;terrain hardcore
tabata_abdos_core_groupe_25_min_avance;Tabata Abdos / Core Groupe 25 min;25 min;tabata;Avancé;Groupe;Abdos / Core;terrain hardcore
tabata_abdos_core_groupe_30_min_avance;Tabata Abdos / Core Groupe 30 min;30 min;tabata;Avancé;Groupe;Abdos / Core;terrain hardcore
tabata_abdos_core_groupe_45_min_avance;Tabata Abdos / Core Groupe 45 min;45 min;tabata;Avancé;Groupe;Abdos / Core;terrain hardcore
tabata_abdos_core_maison_10_min_avance;Tabata Abdos / Core Maison 10 min;10 min;tabata;Avancé;Maison;Abdos / Core;terrain hardcore
tabata_abdos_core_maison_15_min_avance;Tabata Abdos / Core Maison 15 min;15 min;tabata;Avancé;Maison;Abdos / Core;terrain hardcore
tabata_abdos_core_maison_20_min_avance;Tabata Abdos / Core Maison 20 min;20 min;tabata;Avancé;Maison;Abdos / Core;terrain hardcore
tabata_abdos_core_maison_25_min_avance;Tabata Abdos / Core Maison 25 min;25 min;tabata;Avancé;Maison;Abdos / Core;terrain hardcore
tabata_abdos_core_maison_30_min_avance;Tabata Abdos / Core Maison 30 min;30 min;tabata;Avancé;Maison;Abdos / Core;terrain hardcore
tabata_abdos_core_maison_45_min_avance;Tabata Abdos / Core Maison 45 min;45 min;tabata;Avancé;Maison;Abdos / Core;terrain hardcore
tabata_abdos_core_salle_10_min_avance;Tabata Abdos / Core Salle 10 min;10 min;tabata;Avancé;Salle;Abdos / Core;terrain hardcore
tabata_abdos_core_salle_15_min_avance;Tabata Abdos / Core Salle 15 min;15 min;tabata;Avancé;Salle;Abdos / Core;terrain hardcore
tabata_abdos_core_salle_20_min_avance;Tabata Abdos / Core Salle 20 min;20 min;tabata;Avancé;Salle;Abdos / Core;terrain hardcore
tabata_abdos_core_salle_25_min_avance;Tabata Abdos / Core Salle 25 min;25 min;tabata;Avancé;Salle;Abdos / Core;terrain hardcore
tabata_abdos_core_salle_30_min_avance;Tabata Abdos / Core Salle 30 min;30 min;tabata;Avancé;Salle;Abdos / Core;terrain hardcore
tabata_abdos_core_salle_45_min_avance;Tabata Abdos / Core Salle 45 min;45 min;tabata;Avancé;Salle;Abdos / Core;terrain hardcore
tabata_abdos_core_exterieur_10_min_avance;Tabata Abdos / Core Extérieur 10 min;10 min;tabata;Avancé;Extérieur;Abdos / Core;terrain hardcore
tabata_abdos_core_exterieur_15_min_avance;Tabata Abdos / Core Extérieur 15 min;15 min;tabata;Avancé;Extérieur;Abdos / Core;terrain hardcore
tabata_abdos_core_exterieur_20_min_avance;Tabata Abdos / Core Extérieur 20 min;20 min;tabata;Avancé;Extérieur;Abdos / Core;terrain hardcore
tabata_abdos_core_exterieur_25_min_avance;Tabata Abdos / Core Extérieur 25 min;25 min;tabata;Avancé;Extérieur;Abdos / Core;terrain hardcore
tabata_abdos_core_exterieur_30_min_avance;Tabata Abdos / Core Extérieur 30 min;30 min;tabata;Avancé;Extérieur;Abdos / Core;terrain hardcore
tabata_abdos_core_exterieur_45_min_avance;Tabata Abdos / Core Extérieur 45 min;45 min;tabata;Avancé;Extérieur;Abdos / Core;terrain hardcore
tabata_abdos_core_coach_10_min_avance;Tabata Abdos / Core Coach 10 min;10 min;tabata;Avancé;Coach;Abdos / Core;terrain hardcore
tabata_abdos_core_coach_15_min_avance;Tabata Abdos / Core Coach 15 min;15 min;tabata;Avancé;Coach;Abdos / Core;terrain hardcore
tabata_abdos_core_coach_20_min_avance;Tabata Abdos / Core Coach 20 min;20 min;tabata;Avancé;Coach;Abdos / Core;terrain hardcore
tabata_abdos_core_coach_25_min_avance;Tabata Abdos / Core Coach 25 min;25 min;tabata;Avancé;Coach;Abdos / Core;terrain hardcore
tabata_abdos_core_coach_30_min_avance;Tabata Abdos / Core Coach 30 min;30 min;tabata;Avancé;Coach;Abdos / Core;terrain hardcore
tabata_abdos_core_coach_45_min_avance;Tabata Abdos / Core Coach 45 min;45 min;tabata;Avancé;Coach;Abdos / Core;terrain hardcore
tabata_abdos_core_solo_10_min_expert;Tabata Abdos / Core Solo 10 min;10 min;tabata;Expert;Solo;Abdos / Core;terrain hardcore
tabata_abdos_core_solo_15_min_expert;Tabata Abdos / Core Solo 15 min;15 min;tabata;Expert;Solo;Abdos / Core;terrain hardcore
tabata_abdos_core_solo_20_min_expert;Tabata Abdos / Core Solo 20 min;20 min;tabata;Expert;Solo;Abdos / Core;terrain hardcore
tabata_abdos_core_solo_25_min_expert;Tabata Abdos / Core Solo 25 min;25 min;tabata;Expert;Solo;Abdos / Core;terrain hardcore
tabata_abdos_core_solo_30_min_expert;Tabata Abdos / Core Solo 30 min;30 min;tabata;Expert;Solo;Abdos / Core;terrain hardcore
tabata_abdos_core_solo_45_min_expert;Tabata Abdos / Core Solo 45 min;45 min;tabata;Expert;Solo;Abdos / Core;terrain hardcore
tabata_abdos_core_groupe_10_min_expert;Tabata Abdos / Core Groupe 10 min;10 min;tabata;Expert;Groupe;Abdos / Core;terrain hardcore
tabata_abdos_core_groupe_15_min_expert;Tabata Abdos / Core Groupe 15 min;15 min;tabata;Expert;Groupe;Abdos / Core;terrain hardcore
tabata_abdos_core_groupe_20_min_expert;Tabata Abdos / Core Groupe 20 min;20 min;tabata;Expert;Groupe;Abdos / Core;terrain hardcore
tabata_abdos_core_groupe_25_min_expert;Tabata Abdos / Core Groupe 25 min;25 min;tabata;Expert;Groupe;Abdos / Core;terrain hardcore
tabata_abdos_core_groupe_30_min_expert;Tabata Abdos / Core Groupe 30 min;30 min;tabata;Expert;Groupe;Abdos / Core;terrain hardcore
tabata_abdos_core_groupe_45_min_expert;Tabata Abdos / Core Groupe 45 min;45 min;tabata;Expert;Groupe;Abdos / Core;terrain hardcore
tabata_abdos_core_maison_10_min_expert;Tabata Abdos / Core Maison 10 min;10 min;tabata;Expert;Maison;Abdos / Core;terrain hardcore
tabata_abdos_core_maison_15_min_expert;Tabata Abdos / Core Maison 15 min;15 min;tabata;Expert;Maison;Abdos / Core;terrain hardcore
tabata_abdos_core_maison_20_min_expert;Tabata Abdos / Core Maison 20 min;20 min;tabata;Expert;Maison;Abdos / Core;terrain hardcore
tabata_abdos_core_maison_25_min_expert;Tabata Abdos / Core Maison 25 min;25 min;tabata;Expert;Maison;Abdos / Core;terrain hardcore
tabata_abdos_core_maison_30_min_expert;Tabata Abdos / Core Maison 30 min;30 min;tabata;Expert;Maison;Abdos / Core;terrain hardcore
tabata_abdos_core_maison_45_min_expert;Tabata Abdos / Core Maison 45 min;45 min;tabata;Expert;Maison;Abdos / Core;terrain hardcore
tabata_abdos_core_salle_10_min_expert;Tabata Abdos / Core Salle 10 min;10 min;tabata;Expert;Salle;Abdos / Core;terrain hardcore
tabata_abdos_core_salle_15_min_expert;Tabata Abdos / Core Salle 15 min;15 min;tabata;Expert;Salle;Abdos / Core;terrain hardcore
tabata_abdos_core_salle_20_min_expert;Tabata Abdos / Core Salle 20 min;20 min;tabata;Expert;Salle;Abdos / Core;terrain hardcore
tabata_abdos_core_salle_25_min_expert;Tabata Abdos / Core Salle 25 min;25 min;tabata;Expert;Salle;Abdos / Core;terrain hardcore
tabata_abdos_core_salle_30_min_expert;Tabata Abdos / Core Salle 30 min;30 min;tabata;Expert;Salle;Abdos / Core;terrain hardcore
tabata_abdos_core_salle_45_min_expert;Tabata Abdos / Core Salle 45 min;45 min;tabata;Expert;Salle;Abdos / Core;terrain hardcore
tabata_abdos_core_exterieur_10_min_expert;Tabata Abdos / Core Extérieur 10 min;10 min;tabata;Expert;Extérieur;Abdos / Core;terrain hardcore
tabata_abdos_core_exterieur_15_min_expert;Tabata Abdos / Core Extérieur 15 min;15 min;tabata;Expert;Extérieur;Abdos / Core;terrain hardcore
tabata_abdos_core_exterieur_20_min_expert;Tabata Abdos / Core Extérieur 20 min;20 min;tabata;Expert;Extérieur;Abdos / Core;terrain hardcore
tabata_abdos_core_exterieur_25_min_expert;Tabata Abdos / Core Extérieur 25 min;25 min;tabata;Expert;Extérieur;Abdos / Core;terrain hardcore
tabata_abdos_core_exterieur_30_min_expert;Tabata Abdos / Core Extérieur 30 min;30 min;tabata;Expert;Extérieur;Abdos / Core;terrain hardcore
tabata_abdos_core_exterieur_45_min_expert;Tabata Abdos / Core Extérieur 45 min;45 min;tabata;Expert;Extérieur;Abdos / Core;terrain hardcore
tabata_abdos_core_coach_10_min_expert;Tabata Abdos / Core Coach 10 min;10 min;tabata;Expert;Coach;Abdos / Core;terrain hardcore
tabata_abdos_core_coach_15_min_expert;Tabata Abdos / Core Coach 15 min;15 min;tabata;Expert;Coach;Abdos / Core;terrain hardcore
tabata_abdos_core_coach_20_min_expert;Tabata Abdos / Core Coach 20 min;20 min;tabata;Expert;Coach;Abdos / Core;terrain hardcore
tabata_abdos_core_coach_25_min_expert;Tabata Abdos / Core Coach 25 min;25 min;tabata;Expert;Coach;Abdos / Core;terrain hardcore
tabata_abdos_core_coach_30_min_expert;Tabata Abdos / Core Coach 30 min;30 min;tabata;Expert;Coach;Abdos / Core;terrain hardcore
tabata_abdos_core_coach_45_min_expert;Tabata Abdos / Core Coach 45 min;45 min;tabata;Expert;Coach;Abdos / Core;terrain hardcore
tabata_cardio_brule_graisse_solo_10_min_debutant;Tabata Cardio brûle graisse Solo 10 min;10 min;tabata;Débutant;Solo;Cardio brûle graisse;terrain hardcore
tabata_cardio_brule_graisse_solo_15_min_debutant;Tabata Cardio brûle graisse Solo 15 min;15 min;tabata;Débutant;Solo;Cardio brûle graisse;terrain hardcore
tabata_cardio_brule_graisse_solo_20_min_debutant;Tabata Cardio brûle graisse Solo 20 min;20 min;tabata;Débutant;Solo;Cardio brûle graisse;terrain hardcore
tabata_cardio_brule_graisse_solo_25_min_debutant;Tabata Cardio brûle graisse Solo 25 min;25 min;tabata;Débutant;Solo;Cardio brûle graisse;terrain hardcore
tabata_cardio_brule_graisse_solo_30_min_debutant;Tabata Cardio brûle graisse Solo 30 min;30 min;tabata;Débutant;Solo;Cardio brûle graisse;terrain hardcore
tabata_cardio_brule_graisse_solo_45_min_debutant;Tabata Cardio brûle graisse Solo 45 min;45 min;tabata;Débutant;Solo;Cardio brûle graisse;terrain hardcore
tabata_cardio_brule_graisse_groupe_10_min_debutant;Tabata Cardio brûle graisse Groupe 10 min;10 min;tabata;Débutant;Groupe;Cardio brûle graisse;terrain hardcore
tabata_cardio_brule_graisse_groupe_15_min_debutant;Tabata Cardio brûle graisse Groupe 15 min;15 min;tabata;Débutant;Groupe;Cardio brûle graisse;terrain hardcore
tabata_cardio_brule_graisse_groupe_20_min_debutant;Tabata Cardio brûle graisse Groupe 20 min;20 min;tabata;Débutant;Groupe;Cardio brûle graisse;terrain hardcore
tabata_cardio_brule_graisse_groupe_25_min_debutant;Tabata Cardio brûle graisse Groupe 25 min;25 min;tabata;Débutant;Groupe;Cardio brûle graisse;terrain hardcore
tabata_cardio_brule_graisse_groupe_30_min_debutant;Tabata Cardio brûle graisse Groupe 30 min;30 min;tabata;Débutant;Groupe;Cardio brûle graisse;terrain hardcore
tabata_cardio_brule_graisse_groupe_45_min_debutant;Tabata Cardio brûle graisse Groupe 45 min;45 min;tabata;Débutant;Groupe;Cardio brûle graisse;terrain hardcore
tabata_cardio_brule_graisse_maison_10_min_debutant;Tabata Cardio brûle graisse Maison 10 min;10 min;tabata;Débutant;Maison;Cardio brûle graisse;terrain hardcore
tabata_cardio_brule_graisse_maison_15_min_debutant;Tabata Cardio brûle graisse Maison 15 min;15 min;tabata;Débutant;Maison;Cardio brûle graisse;terrain hardcore
tabata_cardio_brule_graisse_maison_20_min_debutant;Tabata Cardio brûle graisse Maison 20 min;20 min;tabata;Débutant;Maison;Cardio brûle graisse;terrain hardcore
tabata_cardio_brule_graisse_maison_25_min_debutant;Tabata Cardio brûle graisse Maison 25 min;25 min;tabata;Débutant;Maison;Cardio brûle graisse;terrain hardcore
tabata_cardio_brule_graisse_maison_30_min_debutant;Tabata Cardio brûle graisse Maison 30 min;30 min;tabata;Débutant;Maison;Cardio brûle graisse;terrain hardcore
tabata_cardio_brule_graisse_maison_45_min_debutant;Tabata Cardio brûle graisse Maison 45 min;45 min;tabata;Débutant;Maison;Cardio brûle graisse;terrain hardcore
tabata_cardio_brule_graisse_salle_10_min_debutant;Tabata Cardio brûle graisse Salle 10 min;10 min;tabata;Débutant;Salle;Cardio brûle graisse;terrain hardcore
tabata_cardio_brule_graisse_salle_15_min_debutant;Tabata Cardio brûle graisse Salle 15 min;15 min;tabata;Débutant;Salle;Cardio brûle graisse;terrain hardcore
tabata_cardio_brule_graisse_salle_20_min_debutant;Tabata Cardio brûle graisse Salle 20 min;20 min;tabata;Débutant;Salle;Cardio brûle graisse;terrain hardcore
tabata_cardio_brule_graisse_salle_25_min_debutant;Tabata Cardio brûle graisse Salle 25 min;25 min;tabata;Débutant;Salle;Cardio brûle graisse;terrain hardcore
tabata_cardio_brule_graisse_salle_30_min_debutant;Tabata Cardio brûle graisse Salle 30 min;30 min;tabata;Débutant;Salle;Cardio brûle graisse;terrain hardcore
tabata_cardio_brule_graisse_salle_45_min_debutant;Tabata Cardio brûle graisse Salle 45 min;45 min;tabata;Débutant;Salle;Cardio brûle graisse;terrain hardcore
tabata_cardio_brule_graisse_exterieur_10_min_debutant;Tabata Cardio brûle graisse Extérieur 10 min;10 min;tabata;Débutant;Extérieur;Cardio brûle graisse;terrain hardcore
tabata_cardio_brule_graisse_exterieur_15_min_debutant;Tabata Cardio brûle graisse Extérieur 15 min;15 min;tabata;Débutant;Extérieur;Cardio brûle graisse;terrain hardcore
tabata_cardio_brule_graisse_exterieur_20_min_debutant;Tabata Cardio brûle graisse Extérieur 20 min;20 min;tabata;Débutant;Extérieur;Cardio brûle graisse;terrain hardcore
tabata_cardio_brule_graisse_exterieur_25_min_debutant;Tabata Cardio brûle graisse Extérieur 25 min;25 min;tabata;Débutant;Extérieur;Cardio brûle graisse;terrain hardcore
tabata_cardio_brule_graisse_exterieur_30_min_debutant;Tabata Cardio brûle graisse Extérieur 30 min;30 min;tabata;Débutant;Extérieur;Cardio brûle graisse;terrain hardcore
tabata_cardio_brule_graisse_exterieur_45_min_debutant;Tabata Cardio brûle graisse Extérieur 45 min;45 min;tabata;Débutant;Extérieur;Cardio brûle graisse;terrain hardcore
tabata_cardio_brule_graisse_coach_10_min_debutant;Tabata Cardio brûle graisse Coach 10 min;10 min;tabata;Débutant;Coach;Cardio brûle graisse;terrain hardcore
tabata_cardio_brule_graisse_coach_15_min_debutant;Tabata Cardio brûle graisse Coach 15 min;15 min;tabata;Débutant;Coach;Cardio brûle graisse;terrain hardcore
tabata_cardio_brule_graisse_coach_20_min_debutant;Tabata Cardio brûle graisse Coach 20 min;20 min;tabata;Débutant;Coach;Cardio brûle graisse;terrain hardcore
tabata_cardio_brule_graisse_coach_25_min_debutant;Tabata Cardio brûle graisse Coach 25 min;25 min;tabata;Débutant;Coach;Cardio brûle graisse;terrain hardcore
tabata_cardio_brule_graisse_coach_30_min_debutant;Tabata Cardio brûle graisse Coach 30 min;30 min;tabata;Débutant;Coach;Cardio brûle graisse;terrain hardcore
tabata_cardio_brule_graisse_coach_45_min_debutant;Tabata Cardio brûle graisse Coach 45 min;45 min;tabata;Débutant;Coach;Cardio brûle graisse;terrain hardcore
tabata_cardio_brule_graisse_solo_10_min_intermediaire;Tabata Cardio brûle graisse Solo 10 min;10 min;tabata;Intermédiaire;Solo;Cardio brûle graisse;terrain hardcore
tabata_cardio_brule_graisse_solo_15_min_intermediaire;Tabata Cardio brûle graisse Solo 15 min;15 min;tabata;Intermédiaire;Solo;Cardio brûle graisse;terrain hardcore
tabata_cardio_brule_graisse_solo_20_min_intermediaire;Tabata Cardio brûle graisse Solo 20 min;20 min;tabata;Intermédiaire;Solo;Cardio brûle graisse;terrain hardcore
tabata_cardio_brule_graisse_solo_25_min_intermediaire;Tabata Cardio brûle graisse Solo 25 min;25 min;tabata;Intermédiaire;Solo;Cardio brûle graisse;terrain hardcore
tabata_cardio_brule_graisse_solo_30_min_intermediaire;Tabata Cardio brûle graisse Solo 30 min;30 min;tabata;Intermédiaire;Solo;Cardio brûle graisse;terrain hardcore
tabata_cardio_brule_graisse_solo_45_min_intermediaire;Tabata Cardio brûle graisse Solo 45 min;45 min;tabata;Intermédiaire;Solo;Cardio brûle graisse;terrain hardcore
tabata_cardio_brule_graisse_groupe_10_min_intermediaire;Tabata Cardio brûle graisse Groupe 10 min;10 min;tabata;Intermédiaire;Groupe;Cardio brûle graisse;terrain hardcore
tabata_cardio_brule_graisse_groupe_15_min_intermediaire;Tabata Cardio brûle graisse Groupe 15 min;15 min;tabata;Intermédiaire;Groupe;Cardio brûle graisse;terrain hardcore
tabata_cardio_brule_graisse_groupe_20_min_intermediaire;Tabata Cardio brûle graisse Groupe 20 min;20 min;tabata;Intermédiaire;Groupe;Cardio brûle graisse;terrain hardcore
tabata_cardio_brule_graisse_groupe_25_min_intermediaire;Tabata Cardio brûle graisse Groupe 25 min;25 min;tabata;Intermédiaire;Groupe;Cardio brûle graisse;terrain hardcore
tabata_cardio_brule_graisse_groupe_30_min_intermediaire;Tabata Cardio brûle graisse Groupe 30 min;30 min;tabata;Intermédiaire;Groupe;Cardio brûle graisse;terrain hardcore
tabata_cardio_brule_graisse_groupe_45_min_intermediaire;Tabata Cardio brûle graisse Groupe 45 min;45 min;tabata;Intermédiaire;Groupe;Cardio brûle graisse;terrain hardcore
tabata_cardio_brule_graisse_maison_10_min_intermediaire;Tabata Cardio brûle graisse Maison 10 min;10 min;tabata;Intermédiaire;Maison;Cardio brûle graisse;terrain hardcore
tabata_cardio_brule_graisse_maison_15_min_intermediaire;Tabata Cardio brûle graisse Maison 15 min;15 min;tabata;Intermédiaire;Maison;Cardio brûle graisse;terrain hardcore
tabata_cardio_brule_graisse_maison_20_min_intermediaire;Tabata Cardio brûle graisse Maison 20 min;20 min;tabata;Intermédiaire;Maison;Cardio brûle graisse;terrain hardcore
tabata_cardio_brule_graisse_maison_25_min_intermediaire;Tabata Cardio brûle graisse Maison 25 min;25 min;tabata;Intermédiaire;Maison;Cardio brûle graisse;terrain hardcore
tabata_cardio_brule_graisse_maison_30_min_intermediaire;Tabata Cardio brûle graisse Maison 30 min;30 min;tabata;Intermédiaire;Maison;Cardio brûle graisse;terrain hardcore
tabata_cardio_brule_graisse_maison_45_min_intermediaire;Tabata Cardio brûle graisse Maison 45 min;45 min;tabata;Intermédiaire;Maison;Cardio brûle graisse;terrain hardcore
tabata_cardio_brule_graisse_salle_10_min_intermediaire;Tabata Cardio brûle graisse Salle 10 min;10 min;tabata;Intermédiaire;Salle;Cardio brûle graisse;terrain hardcore
tabata_cardio_brule_graisse_salle_15_min_intermediaire;Tabata Cardio brûle graisse Salle 15 min;15 min;tabata;Intermédiaire;Salle;Cardio brûle graisse;terrain hardcore
tabata_cardio_brule_graisse_salle_20_min_intermediaire;Tabata Cardio brûle graisse Salle 20 min;20 min;tabata;Intermédiaire;Salle;Cardio brûle graisse;terrain hardcore
tabata_cardio_brule_graisse_salle_25_min_intermediaire;Tabata Cardio brûle graisse Salle 25 min;25 min;tabata;Intermédiaire;Salle;Cardio brûle graisse;terrain hardcore
tabata_cardio_brule_graisse_salle_30_min_intermediaire;Tabata Cardio brûle graisse Salle 30 min;30 min;tabata;Intermédiaire;Salle;Cardio brûle graisse;terrain hardcore
tabata_cardio_brule_graisse_salle_45_min_intermediaire;Tabata Cardio brûle graisse Salle 45 min;45 min;tabata;Intermédiaire;Salle;Cardio brûle graisse;terrain hardcore
tabata_cardio_brule_graisse_exterieur_10_min_intermediaire;Tabata Cardio brûle graisse Extérieur 10 min;10 min;tabata;Intermédiaire;Extérieur;Cardio brûle graisse;terrain hardcore
tabata_cardio_brule_graisse_exterieur_15_min_intermediaire;Tabata Cardio brûle graisse Extérieur 15 min;15 min;tabata;Intermédiaire;Extérieur;Cardio brûle graisse;terrain hardcore
tabata_cardio_brule_graisse_exterieur_20_min_intermediaire;Tabata Cardio brûle graisse Extérieur 20 min;20 min;tabata;Intermédiaire;Extérieur;Cardio brûle graisse;terrain hardcore
tabata_cardio_brule_graisse_exterieur_25_min_intermediaire;Tabata Cardio brûle graisse Extérieur 25 min;25 min;tabata;Intermédiaire;Extérieur;Cardio brûle graisse;terrain hardcore
tabata_cardio_brule_graisse_exterieur_30_min_intermediaire;Tabata Cardio brûle graisse Extérieur 30 min;30 min;tabata;Intermédiaire;Extérieur;Cardio brûle graisse;terrain hardcore
tabata_cardio_brule_graisse_exterieur_45_min_intermediaire;Tabata Cardio brûle graisse Extérieur 45 min;45 min;tabata;Intermédiaire;Extérieur;Cardio brûle graisse;terrain hardcore
tabata_cardio_brule_graisse_coach_10_min_intermediaire;Tabata Cardio brûle graisse Coach 10 min;10 min;tabata;Intermédiaire;Coach;Cardio brûle graisse;terrain hardcore
tabata_cardio_brule_graisse_coach_15_min_intermediaire;Tabata Cardio brûle graisse Coach 15 min;15 min;tabata;Intermédiaire;Coach;Cardio brûle graisse;terrain hardcore
tabata_cardio_brule_graisse_coach_20_min_intermediaire;Tabata Cardio brûle graisse Coach 20 min;20 min;tabata;Intermédiaire;Coach;Cardio brûle graisse;terrain hardcore
tabata_cardio_brule_graisse_coach_25_min_intermediaire;Tabata Cardio brûle graisse Coach 25 min;25 min;tabata;Intermédiaire;Coach;Cardio brûle graisse;terrain hardcore
tabata_cardio_brule_graisse_coach_30_min_intermediaire;Tabata Cardio brûle graisse Coach 30 min;30 min;tabata;Intermédiaire;Coach;Cardio brûle graisse;terrain hardcore
tabata_cardio_brule_graisse_coach_45_min_intermediaire;Tabata Cardio brûle graisse Coach 45 min;45 min;tabata;Intermédiaire;Coach;Cardio brûle graisse;terrain hardcore
tabata_cardio_brule_graisse_solo_10_min_avance;Tabata Cardio brûle graisse Solo 10 min;10 min;tabata;Avancé;Solo;Cardio brûle graisse;terrain hardcore
tabata_cardio_brule_graisse_solo_15_min_avance;Tabata Cardio brûle graisse Solo 15 min;15 min;tabata;Avancé;Solo;Cardio brûle graisse;terrain hardcore
tabata_cardio_brule_graisse_solo_20_min_avance;Tabata Cardio brûle graisse Solo 20 min;20 min;tabata;Avancé;Solo;Cardio brûle graisse;terrain hardcore
tabata_cardio_brule_graisse_solo_25_min_avance;Tabata Cardio brûle graisse Solo 25 min;25 min;tabata;Avancé;Solo;Cardio brûle graisse;terrain hardcore
tabata_cardio_brule_graisse_solo_30_min_avance;Tabata Cardio brûle graisse Solo 30 min;30 min;tabata;Avancé;Solo;Cardio brûle graisse;terrain hardcore
tabata_cardio_brule_graisse_solo_45_min_avance;Tabata Cardio brûle graisse Solo 45 min;45 min;tabata;Avancé;Solo;Cardio brûle graisse;terrain hardcore
tabata_cardio_brule_graisse_groupe_10_min_avance;Tabata Cardio brûle graisse Groupe 10 min;10 min;tabata;Avancé;Groupe;Cardio brûle graisse;terrain hardcore
tabata_cardio_brule_graisse_groupe_15_min_avance;Tabata Cardio brûle graisse Groupe 15 min;15 min;tabata;Avancé;Groupe;Cardio brûle graisse;terrain hardcore
tabata_cardio_brule_graisse_groupe_20_min_avance;Tabata Cardio brûle graisse Groupe 20 min;20 min;tabata;Avancé;Groupe;Cardio brûle graisse;terrain hardcore
tabata_cardio_brule_graisse_groupe_25_min_avance;Tabata Cardio brûle graisse Groupe 25 min;25 min;tabata;Avancé;Groupe;Cardio brûle graisse;terrain hardcore
tabata_cardio_brule_graisse_groupe_30_min_avance;Tabata Cardio brûle graisse Groupe 30 min;30 min;tabata;Avancé;Groupe;Cardio brûle graisse;terrain hardcore
tabata_cardio_brule_graisse_groupe_45_min_avance;Tabata Cardio brûle graisse Groupe 45 min;45 min;tabata;Avancé;Groupe;Cardio brûle graisse;terrain hardcore
tabata_cardio_brule_graisse_maison_10_min_avance;Tabata Cardio brûle graisse Maison 10 min;10 min;tabata;Avancé;Maison;Cardio brûle graisse;terrain hardcore
tabata_cardio_brule_graisse_maison_15_min_avance;Tabata Cardio brûle graisse Maison 15 min;15 min;tabata;Avancé;Maison;Cardio brûle graisse;terrain hardcore
tabata_cardio_brule_graisse_maison_20_min_avance;Tabata Cardio brûle graisse Maison 20 min;20 min;tabata;Avancé;Maison;Cardio brûle graisse;terrain hardcore
tabata_cardio_brule_graisse_maison_25_min_avance;Tabata Cardio brûle graisse Maison 25 min;25 min;tabata;Avancé;Maison;Cardio brûle graisse;terrain hardcore
tabata_cardio_brule_graisse_maison_30_min_avance;Tabata Cardio brûle graisse Maison 30 min;30 min;tabata;Avancé;Maison;Cardio brûle graisse;terrain hardcore
tabata_cardio_brule_graisse_maison_45_min_avance;Tabata Cardio brûle graisse Maison 45 min;45 min;tabata;Avancé;Maison;Cardio brûle graisse;terrain hardcore
tabata_cardio_brule_graisse_salle_10_min_avance;Tabata Cardio brûle graisse Salle 10 min;10 min;tabata;Avancé;Salle;Cardio brûle graisse;terrain hardcore
tabata_cardio_brule_graisse_salle_15_min_avance;Tabata Cardio brûle graisse Salle 15 min;15 min;tabata;Avancé;Salle;Cardio brûle graisse;terrain hardcore
tabata_cardio_brule_graisse_salle_20_min_avance;Tabata Cardio brûle graisse Salle 20 min;20 min;tabata;Avancé;Salle;Cardio brûle graisse;terrain hardcore
tabata_cardio_brule_graisse_salle_25_min_avance;Tabata Cardio brûle graisse Salle 25 min;25 min;tabata;Avancé;Salle;Cardio brûle graisse;terrain hardcore
tabata_cardio_brule_graisse_salle_30_min_avance;Tabata Cardio brûle graisse Salle 30 min;30 min;tabata;Avancé;Salle;Cardio brûle graisse;terrain hardcore
tabata_cardio_brule_graisse_salle_45_min_avance;Tabata Cardio brûle graisse Salle 45 min;45 min;tabata;Avancé;Salle;Cardio brûle graisse;terrain hardcore
tabata_cardio_brule_graisse_exterieur_10_min_avance;Tabata Cardio brûle graisse Extérieur 10 min;10 min;tabata;Avancé;Extérieur;Cardio brûle graisse;terrain hardcore
tabata_cardio_brule_graisse_exterieur_15_min_avance;Tabata Cardio brûle graisse Extérieur 15 min;15 min;tabata;Avancé;Extérieur;Cardio brûle graisse;terrain hardcore
tabata_cardio_brule_graisse_exterieur_20_min_avance;Tabata Cardio brûle graisse Extérieur 20 min;20 min;tabata;Avancé;Extérieur;Cardio brûle graisse;terrain hardcore
tabata_cardio_brule_graisse_exterieur_25_min_avance;Tabata Cardio brûle graisse Extérieur 25 min;25 min;tabata;Avancé;Extérieur;Cardio brûle graisse;terrain hardcore
tabata_cardio_brule_graisse_exterieur_30_min_avance;Tabata Cardio brûle graisse Extérieur 30 min;30 min;tabata;Avancé;Extérieur;Cardio brûle graisse;terrain hardcore
tabata_cardio_brule_graisse_exterieur_45_min_avance;Tabata Cardio brûle graisse Extérieur 45 min;45 min;tabata;Avancé;Extérieur;Cardio brûle graisse;terrain hardcore
tabata_cardio_brule_graisse_coach_10_min_avance;Tabata Cardio brûle graisse Coach 10 min;10 min;tabata;Avancé;Coach;Cardio brûle graisse;terrain hardcore
tabata_cardio_brule_graisse_coach_15_min_avance;Tabata Cardio brûle graisse Coach 15 min;15 min;tabata;Avancé;Coach;Cardio brûle graisse;terrain hardcore
tabata_cardio_brule_graisse_coach_20_min_avance;Tabata Cardio brûle graisse Coach 20 min;20 min;tabata;Avancé;Coach;Cardio brûle graisse;terrain hardcore
tabata_cardio_brule_graisse_coach_25_min_avance;Tabata Cardio brûle graisse Coach 25 min;25 min;tabata;Avancé;Coach;Cardio brûle graisse;terrain hardcore
tabata_cardio_brule_graisse_coach_30_min_avance;Tabata Cardio brûle graisse Coach 30 min;30 min;tabata;Avancé;Coach;Cardio brûle graisse;terrain hardcore
tabata_cardio_brule_graisse_coach_45_min_avance;Tabata Cardio brûle graisse Coach 45 min;45 min;tabata;Avancé;Coach;Cardio brûle graisse;terrain hardcore
tabata_cardio_brule_graisse_solo_10_min_expert;Tabata Cardio brûle graisse Solo 10 min;10 min;tabata;Expert;Solo;Cardio brûle graisse;terrain hardcore
tabata_cardio_brule_graisse_solo_15_min_expert;Tabata Cardio brûle graisse Solo 15 min;15 min;tabata;Expert;Solo;Cardio brûle graisse;terrain hardcore
tabata_cardio_brule_graisse_solo_20_min_expert;Tabata Cardio brûle graisse Solo 20 min;20 min;tabata;Expert;Solo;Cardio brûle graisse;terrain hardcore
tabata_cardio_brule_graisse_solo_25_min_expert;Tabata Cardio brûle graisse Solo 25 min;25 min;tabata;Expert;Solo;Cardio brûle graisse;terrain hardcore
tabata_cardio_brule_graisse_solo_30_min_expert;Tabata Cardio brûle graisse Solo 30 min;30 min;tabata;Expert;Solo;Cardio brûle graisse;terrain hardcore
tabata_cardio_brule_graisse_solo_45_min_expert;Tabata Cardio brûle graisse Solo 45 min;45 min;tabata;Expert;Solo;Cardio brûle graisse;terrain hardcore
tabata_cardio_brule_graisse_groupe_10_min_expert;Tabata Cardio brûle graisse Groupe 10 min;10 min;tabata;Expert;Groupe;Cardio brûle graisse;terrain hardcore
tabata_cardio_brule_graisse_groupe_15_min_expert;Tabata Cardio brûle graisse Groupe 15 min;15 min;tabata;Expert;Groupe;Cardio brûle graisse;terrain hardcore
tabata_cardio_brule_graisse_groupe_20_min_expert;Tabata Cardio brûle graisse Groupe 20 min;20 min;tabata;Expert;Groupe;Cardio brûle graisse;terrain hardcore
tabata_cardio_brule_graisse_groupe_25_min_expert;Tabata Cardio brûle graisse Groupe 25 min;25 min;tabata;Expert;Groupe;Cardio brûle graisse;terrain hardcore
tabata_cardio_brule_graisse_groupe_30_min_expert;Tabata Cardio brûle graisse Groupe 30 min;30 min;tabata;Expert;Groupe;Cardio brûle graisse;terrain hardcore
tabata_cardio_brule_graisse_groupe_45_min_expert;Tabata Cardio brûle graisse Groupe 45 min;45 min;tabata;Expert;Groupe;Cardio brûle graisse;terrain hardcore
tabata_cardio_brule_graisse_maison_10_min_expert;Tabata Cardio brûle graisse Maison 10 min;10 min;tabata;Expert;Maison;Cardio brûle graisse;terrain hardcore
tabata_cardio_brule_graisse_maison_15_min_expert;Tabata Cardio brûle graisse Maison 15 min;15 min;tabata;Expert;Maison;Cardio brûle graisse;terrain hardcore
tabata_cardio_brule_graisse_maison_20_min_expert;Tabata Cardio brûle graisse Maison 20 min;20 min;tabata;Expert;Maison;Cardio brûle graisse;terrain hardcore
tabata_cardio_brule_graisse_maison_25_min_expert;Tabata Cardio brûle graisse Maison 25 min;25 min;tabata;Expert;Maison;Cardio brûle graisse;terrain hardcore
tabata_cardio_brule_graisse_maison_30_min_expert;Tabata Cardio brûle graisse Maison 30 min;30 min;tabata;Expert;Maison;Cardio brûle graisse;terrain hardcore
tabata_cardio_brule_graisse_maison_45_min_expert;Tabata Cardio brûle graisse Maison 45 min;45 min;tabata;Expert;Maison;Cardio brûle graisse;terrain hardcore
tabata_cardio_brule_graisse_salle_10_min_expert;Tabata Cardio brûle graisse Salle 10 min;10 min;tabata;Expert;Salle;Cardio brûle graisse;terrain hardcore
tabata_cardio_brule_graisse_salle_15_min_expert;Tabata Cardio brûle graisse Salle 15 min;15 min;tabata;Expert;Salle;Cardio brûle graisse;terrain hardcore
tabata_cardio_brule_graisse_salle_20_min_expert;Tabata Cardio brûle graisse Salle 20 min;20 min;tabata;Expert;Salle;Cardio brûle graisse;terrain hardcore
tabata_cardio_brule_graisse_salle_25_min_expert;Tabata Cardio brûle graisse Salle 25 min;25 min;tabata;Expert;Salle;Cardio brûle graisse;terrain hardcore
tabata_cardio_brule_graisse_salle_30_min_expert;Tabata Cardio brûle graisse Salle 30 min;30 min;tabata;Expert;Salle;Cardio brûle graisse;terrain hardcore
tabata_cardio_brule_graisse_salle_45_min_expert;Tabata Cardio brûle graisse Salle 45 min;45 min;tabata;Expert;Salle;Cardio brûle graisse;terrain hardcore
tabata_cardio_brule_graisse_exterieur_10_min_expert;Tabata Cardio brûle graisse Extérieur 10 min;10 min;tabata;Expert;Extérieur;Cardio brûle graisse;terrain hardcore
tabata_cardio_brule_graisse_exterieur_15_min_expert;Tabata Cardio brûle graisse Extérieur 15 min;15 min;tabata;Expert;Extérieur;Cardio brûle graisse;terrain hardcore
tabata_cardio_brule_graisse_exterieur_20_min_expert;Tabata Cardio brûle graisse Extérieur 20 min;20 min;tabata;Expert;Extérieur;Cardio brûle graisse;terrain hardcore
tabata_cardio_brule_graisse_exterieur_25_min_expert;Tabata Cardio brûle graisse Extérieur 25 min;25 min;tabata;Expert;Extérieur;Cardio brûle graisse;terrain hardcore
tabata_cardio_brule_graisse_exterieur_30_min_expert;Tabata Cardio brûle graisse Extérieur 30 min;30 min;tabata;Expert;Extérieur;Cardio brûle graisse;terrain hardcore
tabata_cardio_brule_graisse_exterieur_45_min_expert;Tabata Cardio brûle graisse Extérieur 45 min;45 min;tabata;Expert;Extérieur;Cardio brûle graisse;terrain hardcore
tabata_cardio_brule_graisse_coach_10_min_expert;Tabata Cardio brûle graisse Coach 10 min;10 min;tabata;Expert;Coach;Cardio brûle graisse;terrain hardcore
tabata_cardio_brule_graisse_coach_15_min_expert;Tabata Cardio brûle graisse Coach 15 min;15 min;tabata;Expert;Coach;Cardio brûle graisse;terrain hardcore
tabata_cardio_brule_graisse_coach_20_min_expert;Tabata Cardio brûle graisse Coach 20 min;20 min;tabata;Expert;Coach;Cardio brûle graisse;terrain hardcore
tabata_cardio_brule_graisse_coach_25_min_expert;Tabata Cardio brûle graisse Coach 25 min;25 min;tabata;Expert;Coach;Cardio brûle graisse;terrain hardcore
tabata_cardio_brule_graisse_coach_30_min_expert;Tabata Cardio brûle graisse Coach 30 min;30 min;tabata;Expert;Coach;Cardio brûle graisse;terrain hardcore
tabata_cardio_brule_graisse_coach_45_min_expert;Tabata Cardio brûle graisse Coach 45 min;45 min;tabata;Expert;Coach;Cardio brûle graisse;terrain hardcore
tabata_hyrox_solo_10_min_debutant;Tabata Hyrox Solo 10 min;10 min;tabata;Débutant;Solo;Hyrox;terrain hardcore
tabata_hyrox_solo_15_min_debutant;Tabata Hyrox Solo 15 min;15 min;tabata;Débutant;Solo;Hyrox;terrain hardcore
tabata_hyrox_solo_20_min_debutant;Tabata Hyrox Solo 20 min;20 min;tabata;Débutant;Solo;Hyrox;terrain hardcore
tabata_hyrox_solo_25_min_debutant;Tabata Hyrox Solo 25 min;25 min;tabata;Débutant;Solo;Hyrox;terrain hardcore
tabata_hyrox_solo_30_min_debutant;Tabata Hyrox Solo 30 min;30 min;tabata;Débutant;Solo;Hyrox;terrain hardcore
tabata_hyrox_solo_45_min_debutant;Tabata Hyrox Solo 45 min;45 min;tabata;Débutant;Solo;Hyrox;terrain hardcore
tabata_hyrox_groupe_10_min_debutant;Tabata Hyrox Groupe 10 min;10 min;tabata;Débutant;Groupe;Hyrox;terrain hardcore
tabata_hyrox_groupe_15_min_debutant;Tabata Hyrox Groupe 15 min;15 min;tabata;Débutant;Groupe;Hyrox;terrain hardcore
tabata_hyrox_groupe_20_min_debutant;Tabata Hyrox Groupe 20 min;20 min;tabata;Débutant;Groupe;Hyrox;terrain hardcore
tabata_hyrox_groupe_25_min_debutant;Tabata Hyrox Groupe 25 min;25 min;tabata;Débutant;Groupe;Hyrox;terrain hardcore
tabata_hyrox_groupe_30_min_debutant;Tabata Hyrox Groupe 30 min;30 min;tabata;Débutant;Groupe;Hyrox;terrain hardcore
tabata_hyrox_groupe_45_min_debutant;Tabata Hyrox Groupe 45 min;45 min;tabata;Débutant;Groupe;Hyrox;terrain hardcore
tabata_hyrox_maison_10_min_debutant;Tabata Hyrox Maison 10 min;10 min;tabata;Débutant;Maison;Hyrox;terrain hardcore
tabata_hyrox_maison_15_min_debutant;Tabata Hyrox Maison 15 min;15 min;tabata;Débutant;Maison;Hyrox;terrain hardcore
tabata_hyrox_maison_20_min_debutant;Tabata Hyrox Maison 20 min;20 min;tabata;Débutant;Maison;Hyrox;terrain hardcore
tabata_hyrox_maison_25_min_debutant;Tabata Hyrox Maison 25 min;25 min;tabata;Débutant;Maison;Hyrox;terrain hardcore
tabata_hyrox_maison_30_min_debutant;Tabata Hyrox Maison 30 min;30 min;tabata;Débutant;Maison;Hyrox;terrain hardcore
tabata_hyrox_maison_45_min_debutant;Tabata Hyrox Maison 45 min;45 min;tabata;Débutant;Maison;Hyrox;terrain hardcore
tabata_hyrox_salle_10_min_debutant;Tabata Hyrox Salle 10 min;10 min;tabata;Débutant;Salle;Hyrox;terrain hardcore
tabata_hyrox_salle_15_min_debutant;Tabata Hyrox Salle 15 min;15 min;tabata;Débutant;Salle;Hyrox;terrain hardcore
tabata_hyrox_salle_20_min_debutant;Tabata Hyrox Salle 20 min;20 min;tabata;Débutant;Salle;Hyrox;terrain hardcore
tabata_hyrox_salle_25_min_debutant;Tabata Hyrox Salle 25 min;25 min;tabata;Débutant;Salle;Hyrox;terrain hardcore
tabata_hyrox_salle_30_min_debutant;Tabata Hyrox Salle 30 min;30 min;tabata;Débutant;Salle;Hyrox;terrain hardcore
tabata_hyrox_salle_45_min_debutant;Tabata Hyrox Salle 45 min;45 min;tabata;Débutant;Salle;Hyrox;terrain hardcore
tabata_hyrox_exterieur_10_min_debutant;Tabata Hyrox Extérieur 10 min;10 min;tabata;Débutant;Extérieur;Hyrox;terrain hardcore
tabata_hyrox_exterieur_15_min_debutant;Tabata Hyrox Extérieur 15 min;15 min;tabata;Débutant;Extérieur;Hyrox;terrain hardcore
tabata_hyrox_exterieur_20_min_debutant;Tabata Hyrox Extérieur 20 min;20 min;tabata;Débutant;Extérieur;Hyrox;terrain hardcore
tabata_hyrox_exterieur_25_min_debutant;Tabata Hyrox Extérieur 25 min;25 min;tabata;Débutant;Extérieur;Hyrox;terrain hardcore
tabata_hyrox_exterieur_30_min_debutant;Tabata Hyrox Extérieur 30 min;30 min;tabata;Débutant;Extérieur;Hyrox;terrain hardcore
tabata_hyrox_exterieur_45_min_debutant;Tabata Hyrox Extérieur 45 min;45 min;tabata;Débutant;Extérieur;Hyrox;terrain hardcore
tabata_hyrox_coach_10_min_debutant;Tabata Hyrox Coach 10 min;10 min;tabata;Débutant;Coach;Hyrox;terrain hardcore
tabata_hyrox_coach_15_min_debutant;Tabata Hyrox Coach 15 min;15 min;tabata;Débutant;Coach;Hyrox;terrain hardcore
tabata_hyrox_coach_20_min_debutant;Tabata Hyrox Coach 20 min;20 min;tabata;Débutant;Coach;Hyrox;terrain hardcore
tabata_hyrox_coach_25_min_debutant;Tabata Hyrox Coach 25 min;25 min;tabata;Débutant;Coach;Hyrox;terrain hardcore
tabata_hyrox_coach_30_min_debutant;Tabata Hyrox Coach 30 min;30 min;tabata;Débutant;Coach;Hyrox;terrain hardcore
tabata_hyrox_coach_45_min_debutant;Tabata Hyrox Coach 45 min;45 min;tabata;Débutant;Coach;Hyrox;terrain hardcore
tabata_hyrox_solo_10_min_intermediaire;Tabata Hyrox Solo 10 min;10 min;tabata;Intermédiaire;Solo;Hyrox;terrain hardcore
tabata_hyrox_solo_15_min_intermediaire;Tabata Hyrox Solo 15 min;15 min;tabata;Intermédiaire;Solo;Hyrox;terrain hardcore
tabata_hyrox_solo_20_min_intermediaire;Tabata Hyrox Solo 20 min;20 min;tabata;Intermédiaire;Solo;Hyrox;terrain hardcore
tabata_hyrox_solo_25_min_intermediaire;Tabata Hyrox Solo 25 min;25 min;tabata;Intermédiaire;Solo;Hyrox;terrain hardcore
tabata_hyrox_solo_30_min_intermediaire;Tabata Hyrox Solo 30 min;30 min;tabata;Intermédiaire;Solo;Hyrox;terrain hardcore
tabata_hyrox_solo_45_min_intermediaire;Tabata Hyrox Solo 45 min;45 min;tabata;Intermédiaire;Solo;Hyrox;terrain hardcore
tabata_hyrox_groupe_10_min_intermediaire;Tabata Hyrox Groupe 10 min;10 min;tabata;Intermédiaire;Groupe;Hyrox;terrain hardcore
tabata_hyrox_groupe_15_min_intermediaire;Tabata Hyrox Groupe 15 min;15 min;tabata;Intermédiaire;Groupe;Hyrox;terrain hardcore
tabata_hyrox_groupe_20_min_intermediaire;Tabata Hyrox Groupe 20 min;20 min;tabata;Intermédiaire;Groupe;Hyrox;terrain hardcore
tabata_hyrox_groupe_25_min_intermediaire;Tabata Hyrox Groupe 25 min;25 min;tabata;Intermédiaire;Groupe;Hyrox;terrain hardcore
tabata_hyrox_groupe_30_min_intermediaire;Tabata Hyrox Groupe 30 min;30 min;tabata;Intermédiaire;Groupe;Hyrox;terrain hardcore
tabata_hyrox_groupe_45_min_intermediaire;Tabata Hyrox Groupe 45 min;45 min;tabata;Intermédiaire;Groupe;Hyrox;terrain hardcore
